Scenario,Policy,Metric,Time,DeltaValue,NormalizedDelta
Base MR,Passive q,dK_0.5y,0.0,47.90547179127196,0.9999999999999791
Base MR,Passive q,dK_0.5y,0.25,47.905471791271935,0.9999999999999787
Base MR,Passive q,dK_0.5y,0.5,47.905471791271935,0.9999999999999787
Base MR,Passive q,dK_0.5y,0.75,47.90547179127195,0.9999999999999789
Base MR,Passive q,dK_0.5y,1.0,47.90547179127195,0.9999999999999789
Base MR,Passive q,dK_0.5y,1.25,47.905471791271935,0.9999999999999787
Base MR,Passive q,dK_0.5y,1.5,47.90547179127194,0.9999999999999788
Base MR,Passive q,dK_0.5y,1.75,47.90547179127193,0.9999999999999785
Base MR,Passive q,dK_0.5y,2.0,47.905471791271935,0.9999999999999787
Base MR,Passive q,dK_0.5y,2.25,47.90547179127194,0.9999999999999788
Base MR,Passive q,dK_0.5y,2.5,47.90547179127195,0.9999999999999789
Base MR,Passive q,dK_0.5y,2.75,47.90547179127196,0.9999999999999791
Base MR,Passive q,dK_0.5y,3.0,47.905471791271935,0.9999999999999787
Base MR,Passive q,dK_0.5y,3.25,47.90547179127193,0.9999999999999785
Base MR,Passive q,dK_0.5y,3.5,47.90547179127192,0.9999999999999784
Base MR,Passive q,dK_0.5y,3.75,47.90547179127194,0.9999999999999788
Base MR,Passive q,dK_0.5y,4.0,47.905471791271935,0.9999999999999787
Base MR,Passive q,dK_0.5y,4.25,47.90547179127193,0.9999999999999785
Base MR,Passive q,dK_0.5y,4.5,47.90547179127193,0.9999999999999785
Base MR,Passive q,dK_0.5y,4.75,47.90547179127194,0.9999999999999788
Base MR,Passive q,dK_0.5y,5.0,47.90547179127194,0.9999999999999788
Base MR,Passive q,dK_0.5y,5.25,47.905471791271935,0.9999999999999787
Base MR,Passive q,dK_0.5y,5.5,47.90547179127193,0.9999999999999785
Base MR,Passive q,dK_0.5y,5.75,47.905471791271935,0.9999999999999787
Base MR,Passive q,dK_0.5y,6.0,47.90547179127195,0.9999999999999789
Base MR,Passive q,dK_0.5y,6.25,47.90547179127194,0.9999999999999788
Base MR,Passive q,dK_0.5y,6.5,47.905471791271964,0.9999999999999792
Base MR,Passive q,dK_0.5y,6.75,24.999999999999996,0.5218610539715903
Base MR,Passive q,dK_0.5y,7.0,0.0,0.0
Base MR,Passive q,dK_1y,0.0,88.52330898856503,0.9999999999999888
Base MR,Passive q,dK_1y,0.25,88.30467185773547,0.9975301744441253
Base MR,Passive q,dK_1y,0.5,88.16865166752545,0.9959936278355073
Base MR,Passive q,dK_1y,0.75,88.14980733921577,0.9957807536385869
Base MR,Passive q,dK_1y,1.0,88.41571581621963,0.998784578055478
Base MR,Passive q,dK_1y,1.25,88.16439608020106,0.9959455547644369
Base MR,Passive q,dK_1y,1.5,88.1440106788568,0.9957152718979561
Base MR,Passive q,dK_1y,1.75,88.15363230574376,0.9958239622191482
Base MR,Passive q,dK_1y,2.0,88.13557831009162,0.9956200159833102
Base MR,Passive q,dK_1y,2.25,88.12562431613529,0.9955075710908852
Base MR,Passive q,dK_1y,2.5,88.12005531959821,0.9954446611454627
Base MR,Passive q,dK_1y,2.75,88.1200559117435,0.9954446678346083
Base MR,Passive q,dK_1y,3.0,88.12005349126602,0.9954446404917817
Base MR,Passive q,dK_1y,3.25,88.12005639327263,0.9954446732741827
Base MR,Passive q,dK_1y,3.5,88.1201330461582,0.9954455391804219
Base MR,Passive q,dK_1y,3.75,88.12577237249332,0.9955092436035795
Base MR,Passive q,dK_1y,4.0,88.1201155981255,0.9954453420794221
Base MR,Passive q,dK_1y,4.25,88.12012016808575,0.9954453937037944
Base MR,Passive q,dK_1y,4.5,88.12153252156536,0.9954613482980785
Base MR,Passive q,dK_1y,4.75,88.14426594434337,0.9957181554942596
Base MR,Passive q,dK_1y,5.0,88.15683806715836,0.9958601759740476
Base MR,Passive q,dK_1y,5.25,88.15529286131637,0.9958427206183945
Base MR,Passive q,dK_1y,5.5,88.17171172191732,0.996028195616884
Base MR,Passive q,dK_1y,5.75,88.12019765220397,0.9954462690000198
Base MR,Passive q,dK_1y,6.0,88.12005562675948,0.9954446646152977
Base MR,Passive q,dK_1y,6.25,68.89189731050209,0.7782345474613969
Base MR,Passive q,dK_1y,6.5,47.905471791271964,0.541162235558316
Base MR,Passive q,dK_1y,6.75,24.999999999999996,0.28241149461809073
Base MR,Passive q,dK_1y,7.0,0.0,0.0
Base MR,Passive q,dK_3y,0.0,222.24866485454163,0.9999999999999956
Base MR,Passive q,dK_3y,0.25,214.9960168708211,0.9673669671380558
Base MR,Passive q,dK_3y,0.5,206.5161005788528,0.9292118839679577
Base MR,Passive q,dK_3y,0.75,203.7935177524132,0.9169617189187258
Base MR,Passive q,dK_3y,1.0,217.8079605839355,0.9800192083335417
Base MR,Passive q,dK_3y,1.25,205.99152579643152,0.9268515783041887
Base MR,Passive q,dK_3y,1.5,202.80344310522588,0.9125069130919492
Base MR,Passive q,dK_3y,1.75,205.2776690012386,0.9236396049244605
Base MR,Passive q,dK_3y,2.0,201.71899453191384,0.9076274751253735
Base MR,Passive q,dK_3y,2.25,199.46181941030108,0.8974713955687649
Base MR,Passive q,dK_3y,2.5,197.8482860749536,0.8902113594447976
Base MR,Passive q,dK_3y,2.75,197.89076331019078,0.8904024842610703
Base MR,Passive q,dK_3y,3.0,196.4983251952854,0.8841372582548006
Base MR,Passive q,dK_3y,3.25,198.71271660994145,0.8941008340364834
Base MR,Passive q,dK_3y,3.5,199.28777716209612,0.896688298633992
Base MR,Passive q,dK_3y,3.75,202.0419790756278,0.909080732646292
Base MR,Passive q,dK_3y,4.0,198.90381264303875,0.8949606638726824
Base MR,Passive q,dK_3y,4.25,187.61504401364525,0.8441672490425784
Base MR,Passive q,dK_3y,4.5,176.54808266534866,0.794371848221882
Base MR,Passive q,dK_3y,4.75,166.4077063522667,0.7487455839663976
Base MR,Passive q,dK_3y,5.0,152.9872958175521,0.6883609218425644
Base MR,Passive q,dK_3y,5.25,138.08464333516486,0.6213069645459447
Base MR,Passive q,dK_3y,5.5,122.69158968735391,0.5520464645655043
Base MR,Passive q,dK_3y,5.75,105.75564806492748,0.47584379476089306
Base MR,Passive q,dK_3y,6.0,88.12005562675948,0.39649307087820895
Base MR,Passive q,dK_3y,6.25,68.89189731050209,0.30997665320325085
Base MR,Passive q,dK_3y,6.5,47.905471791271964,0.21554897449046612
Base MR,Passive q,dK_3y,6.75,24.999999999999996,0.11248661501009243
Base MR,Passive q,dK_3y,7.0,0.0,0.0
Base MR,Passive q,MtM,0.0,644.18079456557,0.9999999999999984
Base MR,Passive q,MtM,0.25,615.7998373820337,0.9559425592582637
Base MR,Passive q,MtM,0.5,579.823093000909,0.9000937281775621
Base MR,Passive q,MtM,0.75,555.8727630065506,0.8629142124322808
Base MR,Passive q,MtM,1.0,559.6708154822095,0.868810154235731
Base MR,Passive q,MtM,1.25,523.949680835922,0.8133581212852959
Base MR,Passive q,MtM,1.5,498.0342602222287,0.7731280789861144
Base MR,Passive q,MtM,1.75,485.7748695275679,0.7540971007295701
Base MR,Passive q,MtM,2.0,458.2008915479291,0.7112923816006268
Base MR,Passive q,MtM,2.25,434.4037866869238,0.6743507263048433
Base MR,Passive q,MtM,2.5,411.85428315534,0.6393457964438235
Base MR,Passive q,MtM,2.75,391.8100803684629,0.6082299933090921
Base MR,Passive q,MtM,3.0,367.39942410881,0.570335885838665
Base MR,Passive q,MtM,3.25,352.28700422357423,0.5468759813945603
Base MR,Passive q,MtM,3.5,331.684947015243,0.5148941878016217
Base MR,Passive q,MtM,3.75,312.0447613918402,0.4844055644382879
Base MR,Passive q,MtM,4.0,286.4435405655154,0.4446632730780029
Base MR,Passive q,MtM,4.25,263.74576666825556,0.40942817434680434
Base MR,Passive q,MtM,4.5,241.8437787630157,0.3754284213426647
Base MR,Passive q,MtM,4.75,220.51131704901405,0.3423127775762465
Base MR,Passive q,MtM,5.0,196.96586561550689,0.3057617788005286
Base MR,Passive q,MtM,5.25,172.64645045273417,0.2680093102886825
Base MR,Passive q,MtM,5.5,148.59536419409008,0.2306733846269063
Base MR,Passive q,MtM,5.75,123.00639594616112,0.19095011366974296
Base MR,Passive q,MtM,6.0,98.29561210248546,0.15259010037512066
Base MR,Passive q,MtM,6.25,74.9143281064095,0.11629394843559558
Base MR,Passive q,MtM,6.5,50.24422842543611,0.07799709157631797
Base MR,Passive q,MtM,6.75,25.097521715759225,0.03896036939860143
Base MR,Passive q,MtM,7.0,0.0,0.0
Base MR,Passive q,V,0.0,251.87082587396654,0.999999999999996
Base MR,Passive q,V,0.25,252.55406998743723,1.002712676671063
Base MR,Passive q,V,0.5,259.1249269436582,1.028800878563524
Base MR,Passive q,V,0.75,259.7475800633703,1.0312729914712084
Base MR,Passive q,V,1.0,245.3926681182324,0.974279840734803
Base MR,Passive q,V,1.25,250.66651397763707,0.9952185335790613
Base MR,Passive q,V,1.5,251.7403535001195,0.99948198695345
Base MR,Passive q,V,1.75,242.28829426165913,0.9619545789828657
Base MR,Passive q,V,2.0,244.3486121560481,0.9701346367058666
Base MR,Passive q,V,2.25,242.0893318674658,0.961164640753605
Base MR,Passive q,V,2.5,238.23337010399388,0.945855357711029
Base MR,Passive q,V,2.75,232.17406147106632,0.9217981505616805
Base MR,Passive q,V,3.0,229.7200363653127,0.9120549613803277
Base MR,Passive q,V,3.25,217.22888357545298,0.8624614733432888
Base MR,Passive q,V,3.5,208.63670062729014,0.8283480228539406
Base MR,Passive q,V,3.75,199.0837498810904,0.7904200464277232
Base MR,Passive q,V,4.0,191.69159309105777,0.7610710467395594
Base MR,Passive q,V,4.25,181.82774123131804,0.7219087030043804
Base MR,Passive q,V,4.5,170.97258070802866,0.6788105772662246
Base MR,Passive q,V,4.75,160.82492322852386,0.6385214431662614
Base MR,Passive q,V,5.0,149.09961239735307,0.5919685691266218
Base MR,Passive q,V,5.25,135.80421249231225,0.5391819875171516
Base MR,Passive q,V,5.5,121.37408874139244,0.4818902241664394
Base MR,Passive q,V,5.75,104.30970635863173,0.41413969242641374
Base MR,Passive q,V,6.0,86.91210951872723,0.3450662029520512
Base MR,Passive q,V,6.25,68.70383728707888,0.27277409778875017
Base MR,Passive q,V,6.5,47.94602515539991,0.1903595820954325
Base MR,Passive q,V,6.75,24.999999999999996,0.09925722803842962
Base MR,Passive q,V,7.0,0.0,0.0
Base MR,CAR-target,dK_0.5y,0.0,54.690075737217185,0.9999999999999817
Base MR,CAR-target,dK_0.5y,0.25,66.01398118480328,1.2070559474445717
Base MR,CAR-target,dK_0.5y,0.5,58.35726557245506,1.067054027367917
Base MR,CAR-target,dK_0.5y,0.75,62.41915698007708,1.141325114998863
Base MR,CAR-target,dK_0.5y,1.0,80.02556171634058,1.46325563893635
Base MR,CAR-target,dK_0.5y,1.25,72.15271099115759,1.3193017200752488
Base MR,CAR-target,dK_0.5y,1.5,70.43294966687716,1.2878561369214834
Base MR,CAR-target,dK_0.5y,1.75,74.88960639210838,1.3693454503875155
Base MR,CAR-target,dK_0.5y,2.0,55.51164492871399,1.0150222719647233
Base MR,CAR-target,dK_0.5y,2.25,55.82577089175166,1.0207660190486918
Base MR,CAR-target,dK_0.5y,2.5,57.47903370108694,1.0509956866263908
Base MR,CAR-target,dK_0.5y,2.75,60.707976014509434,1.1100364224435677
Base MR,CAR-target,dK_0.5y,3.0,57.240578150505904,1.0466355619169865
Base MR,CAR-target,dK_0.5y,3.25,56.64365810577752,1.0357209665963192
Base MR,CAR-target,dK_0.5y,3.5,58.0979692422748,1.0623128320653876
Base MR,CAR-target,dK_0.5y,3.75,62.39760570942872,1.1409310531812873
Base MR,CAR-target,dK_0.5y,4.0,57.354131859341585,1.0487118748001738
Base MR,CAR-target,dK_0.5y,4.25,58.74941925834952,1.0742244999007897
Base MR,CAR-target,dK_0.5y,4.5,65.85240950231447,1.2041016329677523
Base MR,CAR-target,dK_0.5y,4.75,71.57992532556749,1.3088284183313952
Base MR,CAR-target,dK_0.5y,5.0,70.8467449098541,1.2954223221461152
Base MR,CAR-target,dK_0.5y,5.25,69.96660275279704,1.2793290521114187
Base MR,CAR-target,dK_0.5y,5.5,68.66509234100077,1.2555311254446149
Base MR,CAR-target,dK_0.5y,5.75,67.97564215823427,1.2429246301440915
Base MR,CAR-target,dK_0.5y,6.0,68.20522721565608,1.247122559189298
Base MR,CAR-target,dK_0.5y,6.25,68.77341172928895,1.2575117295455973
Base MR,CAR-target,dK_0.5y,6.5,68.14987398322071,1.2461104334665007
Base MR,CAR-target,dK_0.5y,6.75,26.91475965124488,0.4921324260103118
Base MR,CAR-target,dK_0.5y,7.0,0.0,0.0
Base MR,CAR-target,dK_1y,0.0,116.34753796700925,0.9999999999999915
Base MR,CAR-target,dK_1y,0.25,143.41734719323702,1.2326633609892312
Base MR,CAR-target,dK_1y,0.5,122.99363101830662,1.0571227648425259
Base MR,CAR-target,dK_1y,0.75,123.75132639562645,1.063635110445702
Base MR,CAR-target,dK_1y,1.0,178.98323338736236,1.5383499858683056
Base MR,CAR-target,dK_1y,1.25,149.03002128801884,1.280903952864697
Base MR,CAR-target,dK_1y,1.5,142.92595531070435,1.228439877698403
Base MR,CAR-target,dK_1y,1.75,157.14792351475893,1.350676827895726
Base MR,CAR-target,dK_1y,2.0,111.48916310205456,0.9582425640469225
Base MR,CAR-target,dK_1y,2.25,110.60499773217418,0.9506432165632561
Base MR,CAR-target,dK_1y,2.5,112.62858671419444,0.9680358405704271
Base MR,CAR-target,dK_1y,2.75,119.86213697874274,1.0302077643682417
Base MR,CAR-target,dK_1y,3.0,110.84197007422482,0.9526799794049231
Base MR,CAR-target,dK_1y,3.25,115.17938582159769,0.9899598034833899
Base MR,CAR-target,dK_1y,3.5,117.808676283754,1.0125583948081314
Base MR,CAR-target,dK_1y,3.75,134.65991213457568,1.1573937402333156
Base MR,CAR-target,dK_1y,4.0,116.00539509985141,0.9970593029028613
Base MR,CAR-target,dK_1y,4.25,119.2614998479165,1.0250453248244282
Base MR,CAR-target,dK_1y,4.5,137.6870015873712,1.1834113896454919
Base MR,CAR-target,dK_1y,4.75,166.61148524434623,1.432015564365342
Base MR,CAR-target,dK_1y,5.0,163.56312379232014,1.4058150834158403
Base MR,CAR-target,dK_1y,5.25,159.74681876902804,1.3730141742605972
Base MR,CAR-target,dK_1y,5.5,157.10182876134928,1.3502806462986325
Base MR,CAR-target,dK_1y,5.75,144.95600180516874,1.2458880036315876
Base MR,CAR-target,dK_1y,6.0,138.69912481859052,1.1921105271511456
Base MR,CAR-target,dK_1y,6.25,113.15698493555607,0.9725773910887668
Base MR,CAR-target,dK_1y,6.5,68.14987398322071,0.5857440146481163
Base MR,CAR-target,dK_1y,6.75,26.91475965124488,0.23133071933912708
Base MR,CAR-target,dK_1y,7.0,0.0,0.0
Base MR,CAR-target,dK_3y,0.0,416.1480723314555,0.9999999999999976
Base MR,CAR-target,dK_3y,0.25,462.93904607593083,1.1124382806396995
Base MR,CAR-target,dK_3y,0.5,398.65090931769146,0.9579544777998423
Base MR,CAR-target,dK_3y,0.75,392.3487629878581,0.9428104779862043
Base MR,CAR-target,dK_3y,1.0,555.5042237214387,1.3348715533133284
Base MR,CAR-target,dK_3y,1.25,459.98778085689503,1.1053464173937606
Base MR,CAR-target,dK_3y,1.5,437.8836117148885,1.0522303017328887
Base MR,CAR-target,dK_3y,1.75,483.7314928346517,1.162402339447498
Base MR,CAR-target,dK_3y,2.0,373.63285391314787,0.8978363201825771
Base MR,CAR-target,dK_3y,2.25,366.1875825859853,0.8799454014875783
Base MR,CAR-target,dK_3y,2.5,362.01785499763236,0.8699255843465492
Base MR,CAR-target,dK_3y,2.75,380.6198617134882,0.9146260358268088
Base MR,CAR-target,dK_3y,3.0,347.7702700662804,0.8356887684662536
Base MR,CAR-target,dK_3y,3.25,383.1936662710359,0.9208108645660795
Base MR,CAR-target,dK_3y,3.5,393.03102417629054,0.9444499453628286
Base MR,CAR-target,dK_3y,3.75,447.7449766282747,1.0759270711499334
Base MR,CAR-target,dK_3y,4.0,388.02778559850685,0.9324272089609675
Base MR,CAR-target,dK_3y,4.25,361.98301432114795,0.8698418625205914
Base MR,CAR-target,dK_3y,4.5,369.910823049462,0.8888923141636779
Base MR,CAR-target,dK_3y,4.75,399.2494648723029,0.9593928013063241
Base MR,CAR-target,dK_3y,5.0,344.58970909837365,0.8280459096393757
Base MR,CAR-target,dK_3y,5.25,292.87202142701676,0.7037687806318804
Base MR,CAR-target,dK_3y,5.5,245.529532559904,0.5900052142121732
Base MR,CAR-target,dK_3y,5.75,183.1660321465245,0.4401462948520764
Base MR,CAR-target,dK_3y,6.0,138.69912481859052,0.3332927244899466
Base MR,CAR-target,dK_3y,6.25,113.15698493555607,0.2719151966789071
Base MR,CAR-target,dK_3y,6.5,68.14987398322071,0.1637635219632598
Base MR,CAR-target,dK_3y,6.75,26.91475965124488,0.06467592052140426
Base MR,CAR-target,dK_3y,7.0,0.0,0.0
Base MR,CAR-target,MtM,0.0,644.18079456557,0.9999999999999984
Base MR,CAR-target,MtM,0.25,677.3798211202371,1.05153681518409
Base MR,CAR-target,MtM,0.5,695.7877116010909,1.0801124738130747
Base MR,CAR-target,MtM,0.75,722.6345919085157,1.121788476161965
Base MR,CAR-target,MtM,1.0,729.69376544199,1.13274684932836
Base MR,CAR-target,MtM,1.25,695.0875990019737,1.0790256475602222
Base MR,CAR-target,MtM,1.5,659.155385818806,1.023245944895538
Base MR,CAR-target,MtM,1.75,649.9697639595082,1.0089865600508026
Base MR,CAR-target,MtM,2.0,576.566113369118,0.8950377257955174
Base MR,CAR-target,MtM,2.25,539.705783148655,0.8378172520846839
Base MR,CAR-target,MtM,2.5,518.6393925965828,0.8051146463414016
Base MR,CAR-target,MtM,2.75,501.77807556642006,0.7789398252781102
Base MR,CAR-target,MtM,3.0,479.3373146066823,0.7441037029518127
Base MR,CAR-target,MtM,3.25,432.2374602730685,0.6709878095086103
Base MR,CAR-target,MtM,3.5,408.837807525774,0.6346631426686511
Base MR,CAR-target,MtM,3.75,389.4877476769949,0.6046248987284097
Base MR,CAR-target,MtM,4.0,360.66809116545693,0.5598864390371772
Base MR,CAR-target,MtM,4.25,332.7912358837295,0.5166115455338288
Base MR,CAR-target,MtM,4.5,308.2044393690634,0.4784440051133678
Base MR,CAR-target,MtM,4.75,283.59627423365464,0.44024329291733866
Base MR,CAR-target,MtM,5.0,234.79326760831097,0.36448349529987645
Base MR,CAR-target,MtM,5.25,198.56750717634208,0.30824810185509177
Base MR,CAR-target,MtM,5.5,168.43094413015572,0.2614653301543146
Base MR,CAR-target,MtM,5.75,138.23295842626837,0.214587208424137
Base MR,CAR-target,MtM,6.0,109.26373668239484,0.1696165697645196
Base MR,CAR-target,MtM,6.25,83.81790883446189,0.13011550412797984
Base MR,CAR-target,MtM,6.5,57.30033540373461,0.08895070434749204
Base MR,CAR-target,MtM,6.75,28.082383360886077,0.04359394691334217
Base MR,CAR-target,MtM,7.0,0.0,0.0
Base MR,CAR-target,V,0.0,251.87082587396654,0.999999999999996
Base MR,CAR-target,V,0.25,284.4402487861256,1.1293100254828852
Base MR,CAR-target,V,0.5,324.0774700891074,1.2866812540300758
Base MR,CAR-target,V,0.75,373.6489572273031,1.4834943901532747
Base MR,CAR-target,V,1.0,491.9791501865794,1.9532994680088853
Base MR,CAR-target,V,1.25,438.70277492186807,1.7417768548604693
Base MR,CAR-target,V,1.5,407.84753815061083,1.6192726439650924
Base MR,CAR-target,V,1.75,512.0780560442905,2.033097935290556
Base MR,CAR-target,V,2.0,354.6027122561991,1.407875290938368
Base MR,CAR-target,V,2.25,326.2705567926385,1.2953884423116933
Base MR,CAR-target,V,2.5,329.4377517625684,1.307963122046593
Base MR,CAR-target,V,2.75,333.10897231590064,1.3225389290722518
Base MR,CAR-target,V,3.0,355.27148846653995,1.4105305258510272
Base MR,CAR-target,V,3.25,319.93664233858163,1.270240970658004
Base MR,CAR-target,V,3.5,329.26947217906525,1.3072950034468338
Base MR,CAR-target,V,3.75,374.66759671956027,1.4875386834481514
Base MR,CAR-target,V,4.0,311.6881908629388,1.237492233494732
Base MR,CAR-target,V,4.25,294.68321275694257,1.169977553908517
Base MR,CAR-target,V,4.5,299.5145498203343,1.1891593588937808
Base MR,CAR-target,V,4.75,331.8699487856575,1.3176196474287991
Base MR,CAR-target,V,5.0,253.7516268747503,1.007467323753184
Base MR,CAR-target,V,5.25,213.1502881339133,0.8462682702305927
Base MR,CAR-target,V,5.5,181.71799608855486,0.7214729830579262
Base MR,CAR-target,V,5.75,143.00654448199154,0.5677773278654746
Base MR,CAR-target,V,6.0,111.30453037869692,0.4419111661403456
Base MR,CAR-target,V,6.25,89.3597618934824,0.3547840905488463
Base MR,CAR-target,V,6.5,57.567759451408705,0.22856064910119747
Base MR,CAR-target,V,6.75,26.867655222470372,0.10667235925098587
Base MR,CAR-target,V,7.0,0.0,0.0
Base MR,MtM-band,dK_0.5y,0.0,42.962365695779006,0.9999999999999767
Base MR,MtM-band,dK_0.5y,0.25,55.57895696707903,1.2936661207308304
Base MR,MtM-band,dK_0.5y,0.5,-75.96232592310514,-1.7681132007720552
Base MR,MtM-band,dK_0.5y,0.75,-79.8703503783665,-1.859077103526722
Base MR,MtM-band,dK_0.5y,1.0,35.48578716959379,0.8259737701799647
Base MR,MtM-band,dK_0.5y,1.25,23.473661874450297,0.5463773117306714
Base MR,MtM-band,dK_0.5y,1.5,-22.509096672897726,-0.5239259130255178
Base MR,MtM-band,dK_0.5y,1.75,26.728811544487122,0.6221447797767005
Base MR,MtM-band,dK_0.5y,2.0,7.827357736314013,0.18219103183796181
Base MR,MtM-band,dK_0.5y,2.25,-42.328940599984456,-0.9852562798733923
Base MR,MtM-band,dK_0.5y,2.5,-37.07913238079709,-0.8630607691242478
Base MR,MtM-band,dK_0.5y,2.75,15.11683514859114,0.3518622613948839
Base MR,MtM-band,dK_0.5y,3.0,-47.771827023267676,-1.1119459147464983
Base MR,MtM-band,dK_0.5y,3.25,21.814545626912224,0.5077594139341113
Base MR,MtM-band,dK_0.5y,3.5,29.148793666396987,0.6784727329216914
Base MR,MtM-band,dK_0.5y,3.75,38.549958747956325,0.8972959967086475
Base MR,MtM-band,dK_0.5y,4.0,37.05310272592763,0.862454898045039
Base MR,MtM-band,dK_0.5y,4.25,38.1214238770791,0.8873213394955947
Base MR,MtM-band,dK_0.5y,4.5,37.491565205887326,0.8726606321301796
Base MR,MtM-band,dK_0.5y,4.75,38.6743725898953,0.9001918763913437
Base MR,MtM-band,dK_0.5y,5.0,38.440329951067085,0.8947442564794075
Base MR,MtM-band,dK_0.5y,5.25,38.32420751954046,0.892041369204789
Base MR,MtM-band,dK_0.5y,5.5,38.324377433017546,0.8920453241424265
Base MR,MtM-band,dK_0.5y,5.75,38.324377433017546,0.8920453241424265
Base MR,MtM-band,dK_0.5y,6.0,38.324377433017546,0.8920453241424265
Base MR,MtM-band,dK_0.5y,6.25,38.32437743301753,0.8920453241424262
Base MR,MtM-band,dK_0.5y,6.5,38.324377433017546,0.8920453241424265
Base MR,MtM-band,dK_0.5y,6.75,20.000000000000007,0.4655237130474059
Base MR,MtM-band,dK_0.5y,7.0,0.0,0.0
Base MR,MtM-band,dK_1y,0.0,74.62998238932434,0.9999999999999867
Base MR,MtM-band,dK_1y,0.25,103.33802601931967,1.3846717192057194
Base MR,MtM-band,dK_1y,0.5,-62.69596354984692,-0.8400908260004442
Base MR,MtM-band,dK_1y,0.75,-65.35195982033214,-0.8756796896910394
Base MR,MtM-band,dK_1y,1.0,61.56085443060317,0.8248809990260496
Base MR,MtM-band,dK_1y,1.25,39.100344025524855,0.523922728824301
Base MR,MtM-band,dK_1y,1.5,-2.6744739332673184,-0.035836454031508126
Base MR,MtM-band,dK_1y,1.75,36.848325298297354,0.4937469381416863
Base MR,MtM-band,dK_1y,2.0,21.96701085949737,0.2943456524604435
Base MR,MtM-band,dK_1y,2.25,-25.264533937667863,-0.3385306163663461
Base MR,MtM-band,dK_1y,2.5,-21.912397249171086,-0.29361386064463707
Base MR,MtM-band,dK_1y,2.75,28.26576653068783,0.3787454535796703
Base MR,MtM-band,dK_1y,3.0,-33.58657357657793,-0.4500412903940598
Base MR,MtM-band,dK_1y,3.25,39.42911103440655,0.528328022760545
Base MR,MtM-band,dK_1y,3.5,54.40088143863106,0.7289413677580107
Base MR,MtM-band,dK_1y,3.75,67.00678688996466,0.8978534463589656
Base MR,MtM-band,dK_1y,4.0,62.4655146525114,0.8370029397386824
Base MR,MtM-band,dK_1y,4.25,64.6878805772156,0.8667813994616217
Base MR,MtM-band,dK_1y,4.5,68.69463987745871,0.9204697318444554
Base MR,MtM-band,dK_1y,4.75,70.838319143626,0.9491938343771915
Base MR,MtM-band,dK_1y,5.0,70.76476087621859,0.9482081947582021
Base MR,MtM-band,dK_1y,5.25,70.63538953578235,0.9464746911944287
Base MR,MtM-band,dK_1y,5.5,70.7138258931846,0.9475256944894995
Base MR,MtM-band,dK_1y,5.75,70.51438175585679,0.9448532546611291
Base MR,MtM-band,dK_1y,6.0,70.50084299316799,0.9446718428175865
Base MR,MtM-band,dK_1y,6.25,55.14497918534782,0.7389118611561599
Base MR,MtM-band,dK_1y,6.5,38.324377433017546,0.5135252107268252
Base MR,MtM-band,dK_1y,6.75,20.000000000000007,0.2679888077108899
Base MR,MtM-band,dK_1y,7.0,0.0,0.0
Base MR,MtM-band,dK_3y,0.0,133.75837917615615,0.9999999999999926
Base MR,MtM-band,dK_3y,0.25,151.67076395327885,1.1339159825907537
Base MR,MtM-band,dK_3y,0.5,42.94652383912589,0.32107539059340845
Base MR,MtM-band,dK_3y,0.75,29.150440738070486,0.2179335673593946
Base MR,MtM-band,dK_3y,1.0,105.2200796377947,0.7866429025670378
Base MR,MtM-band,dK_3y,1.25,95.93496772061098,0.7172258538978445
Base MR,MtM-band,dK_3y,1.5,60.567931916700765,0.45281598274253904
Base MR,MtM-band,dK_3y,1.75,95.03094752073439,0.7104672477795242
Base MR,MtM-band,dK_3y,2.0,77.85045688235893,0.5820230281037677
Base MR,MtM-band,dK_3y,2.25,39.38676971555964,0.2944620737642764
Base MR,MtM-band,dK_3y,2.5,41.58075106889903,0.3108646450787057
Base MR,MtM-band,dK_3y,2.75,86.69894265181789,0.648175786711927
Base MR,MtM-band,dK_3y,3.0,25.444043467492865,0.19022392185227932
Base MR,MtM-band,dK_3y,3.25,103.47994860804222,0.7736333921313533
Base MR,MtM-band,dK_3y,3.5,122.2949262930514,0.9142973101669496
Base MR,MtM-band,dK_3y,3.75,142.37254928321403,1.0644009755509387
Base MR,MtM-band,dK_3y,4.0,139.78351131522084,1.0450448949529263
Base MR,MtM-band,dK_3y,4.25,137.81896301810414,1.0303576035158089
Base MR,MtM-band,dK_3y,4.5,137.0603423540063,1.024686028630031
Base MR,MtM-band,dK_3y,4.75,132.8360154577419,0.993104254671025
Base MR,MtM-band,dK_3y,5.0,122.95752535598754,0.9192510115127435
Base MR,MtM-band,dK_3y,5.25,111.28514914265322,0.8319863759420475
Base MR,MtM-band,dK_3y,5.5,98.90879190301999,0.7394586605505967
Base MR,MtM-band,dK_3y,5.75,84.67902984247525,0.6330745809274096
Base MR,MtM-band,dK_3y,6.0,70.50084299316799,0.5270760862040633
Base MR,MtM-band,dK_3y,6.25,55.14497918534782,0.4122730816939922
Base MR,MtM-band,dK_3y,6.5,38.324377433017546,0.28651945148456903
Base MR,MtM-band,dK_3y,6.75,20.000000000000007,0.14952334293510242
Base MR,MtM-band,dK_3y,7.0,0.0,0.0
Base MR,MtM-band,MtM,0.0,644.18079456557,0.9999999999999984
Base MR,MtM-band,MtM,0.25,615.7998373820337,0.9559425592582637
Base MR,MtM-band,MtM,0.5,579.823093000909,0.9000937281775621
Base MR,MtM-band,MtM,0.75,500.2854867058955,0.7766227911890528
Base MR,MtM-band,MtM,1.0,447.7366523857676,0.6950481233885849
Base MR,MtM-band,MtM,1.25,419.1597446687376,0.6506864970282368
Base MR,MtM-band,MtM,1.5,398.4274081777829,0.6185024631888915
Base MR,MtM-band,MtM,1.75,388.6198956220543,0.603277680583656
Base MR,MtM-band,MtM,2.0,366.5607132383433,0.5690339052805015
Base MR,MtM-band,MtM,2.25,347.523029349539,0.5394805810438745
Base MR,MtM-band,MtM,2.5,329.483426524272,0.5114766371550588
Base MR,MtM-band,MtM,2.75,313.44806429477035,0.48658399464727375
Base MR,MtM-band,MtM,3.0,293.919539287048,0.456268708670932
Base MR,MtM-band,MtM,3.25,281.82960337885936,0.43750078511564816
Base MR,MtM-band,MtM,3.5,265.34795761219436,0.41191535024129733
Base MR,MtM-band,MtM,3.75,249.6358091134722,0.38752445155063037
Base MR,MtM-band,MtM,4.0,229.1548324524123,0.35573061846240234
Base MR,MtM-band,MtM,4.25,210.99661333460446,0.3275425394774435
Base MR,MtM-band,MtM,4.5,193.47502301041257,0.3003427370741318
Base MR,MtM-band,MtM,4.75,176.40905363921124,0.2738502220609972
Base MR,MtM-band,MtM,5.0,157.5726924924055,0.2446094230404229
Base MR,MtM-band,MtM,5.25,138.11716036218735,0.21440744823094604
Base MR,MtM-band,MtM,5.5,118.87629135527206,0.18453870770152506
Base MR,MtM-band,MtM,5.75,98.40511675692889,0.15276009093579437
Base MR,MtM-band,MtM,6.0,78.63648968198837,0.12207208030009653
Base MR,MtM-band,MtM,6.25,59.9314624851276,0.09303515874847645
Base MR,MtM-band,MtM,6.5,40.19538274034889,0.06239767326105437
Base MR,MtM-band,MtM,6.75,20.07801737260738,0.031168295518881145
Base MR,MtM-band,MtM,7.0,0.0,0.0
Base MR,MtM-band,V,0.0,251.87082587396654,0.999999999999996
Base MR,MtM-band,V,0.25,252.55406998743723,1.002712676671063
Base MR,MtM-band,V,0.5,259.1249269436582,1.028800878563524
Base MR,MtM-band,V,0.75,235.3466138029837,0.9343941005725995
Base MR,MtM-band,V,1.0,193.25717011415318,0.7672868401632836
Base MR,MtM-band,V,1.25,203.02443336717008,0.8060656992039266
Base MR,MtM-band,V,1.5,204.23527250374366,0.8108730806557961
Base MR,MtM-band,V,1.75,195.3877127595645,0.7757457104513312
Base MR,MtM-band,V,2.0,197.8735285760195,0.7856151179455477
Base MR,MtM-band,V,2.25,196.2138419747263,0.7790256822872723
Base MR,MtM-band,V,2.5,194.62831658095433,0.7727306880644584
Base MR,MtM-band,V,2.75,188.21533416562843,0.7472692937442807
Base MR,MtM-band,V,3.0,189.9229130097441,0.7540488754532402
Base MR,MtM-band,V,3.25,174.6383664167021,0.6933648063872573
Base MR,MtM-band,V,3.5,166.94475498561806,0.6628189446170902
Base MR,MtM-band,V,3.75,158.23434058209642,0.6282360810667075
Base MR,MtM-band,V,4.0,153.27493185161742,0.6085457945348302
Base MR,MtM-band,V,4.25,145.3153928533542,0.5769441234375747
Base MR,MtM-band,V,4.5,136.26853115508817,0.5410254668528977
Base MR,MtM-band,V,4.75,127.48864412323337,0.5061667768819991
Base MR,MtM-band,V,5.0,118.2116142056865,0.4693342859201878
Base MR,MtM-band,V,5.25,107.94117237396108,0.42855766244230786
Base MR,MtM-band,V,5.5,96.63957460702056,0.383687051772235
Base MR,MtM-band,V,5.75,83.44141114701614,0.3312865269627098
Base MR,MtM-band,V,6.0,69.53012196300857,0.2760546868488867
Base MR,MtM-band,V,6.25,54.96570485769625,0.21822974005413506
Base MR,MtM-band,V,6.5,38.356820124319896,0.15228766567634588
Base MR,MtM-band,V,6.75,20.000000000000007,0.07940578243074374
Base MR,MtM-band,V,7.0,0.0,0.0
Base MR,0.5y-greedy,dK_0.5y,0.0,47.90547179127196,0.9999999999999791
Base MR,0.5y-greedy,dK_0.5y,0.25,47.905471791271935,0.9999999999999787
Base MR,0.5y-greedy,dK_0.5y,0.5,47.905471791271935,0.9999999999999787
Base MR,0.5y-greedy,dK_0.5y,0.75,47.90547179127195,0.9999999999999789
Base MR,0.5y-greedy,dK_0.5y,1.0,47.90547179127195,0.9999999999999789
Base MR,0.5y-greedy,dK_0.5y,1.25,47.905471791271935,0.9999999999999787
Base MR,0.5y-greedy,dK_0.5y,1.5,47.90547179127194,0.9999999999999788
Base MR,0.5y-greedy,dK_0.5y,1.75,47.90547179127193,0.9999999999999785
Base MR,0.5y-greedy,dK_0.5y,2.0,47.905471791271935,0.9999999999999787
Base MR,0.5y-greedy,dK_0.5y,2.25,47.90547179127194,0.9999999999999788
Base MR,0.5y-greedy,dK_0.5y,2.5,47.90547179127195,0.9999999999999789
Base MR,0.5y-greedy,dK_0.5y,2.75,47.90547179127196,0.9999999999999791
Base MR,0.5y-greedy,dK_0.5y,3.0,47.905471791271935,0.9999999999999787
Base MR,0.5y-greedy,dK_0.5y,3.25,47.90547179127193,0.9999999999999785
Base MR,0.5y-greedy,dK_0.5y,3.5,47.90547179127192,0.9999999999999784
Base MR,0.5y-greedy,dK_0.5y,3.75,47.90547179127194,0.9999999999999788
Base MR,0.5y-greedy,dK_0.5y,4.0,47.905471791271935,0.9999999999999787
Base MR,0.5y-greedy,dK_0.5y,4.25,47.90547179127193,0.9999999999999785
Base MR,0.5y-greedy,dK_0.5y,4.5,47.90547179127193,0.9999999999999785
Base MR,0.5y-greedy,dK_0.5y,4.75,47.90547179127194,0.9999999999999788
Base MR,0.5y-greedy,dK_0.5y,5.0,47.90547179127194,0.9999999999999788
Base MR,0.5y-greedy,dK_0.5y,5.25,47.905471791271935,0.9999999999999787
Base MR,0.5y-greedy,dK_0.5y,5.5,47.90547179127193,0.9999999999999785
Base MR,0.5y-greedy,dK_0.5y,5.75,47.905471791271935,0.9999999999999787
Base MR,0.5y-greedy,dK_0.5y,6.0,47.90547179127195,0.9999999999999789
Base MR,0.5y-greedy,dK_0.5y,6.25,47.90547179127194,0.9999999999999788
Base MR,0.5y-greedy,dK_0.5y,6.5,47.905471791271964,0.9999999999999792
Base MR,0.5y-greedy,dK_0.5y,6.75,24.999999999999996,0.5218610539715903
Base MR,0.5y-greedy,dK_0.5y,7.0,0.0,0.0
Base MR,0.5y-greedy,dK_1y,0.0,88.5232948237741,0.9999999999999888
Base MR,0.5y-greedy,dK_1y,0.25,88.30440896130209,0.9975273642614778
Base MR,0.5y-greedy,dK_1y,0.5,88.16813511757812,0.9959879520198158
Base MR,0.5y-greedy,dK_1y,0.75,88.14936879712864,0.9957759590016297
Base MR,0.5y-greedy,dK_1y,1.0,88.41573439116759,0.998784947704199
Base MR,0.5y-greedy,dK_1y,1.25,88.1638679168808,0.9959397477510321
Base MR,0.5y-greedy,dK_1y,1.5,88.14352766722828,0.9957099749020547
Base MR,0.5y-greedy,dK_1y,1.75,88.15322113988285,0.995819476843593
Base MR,0.5y-greedy,dK_1y,2.0,88.13505927364098,0.9956143120191473
Base MR,0.5y-greedy,dK_1y,2.25,88.12519471751725,0.9955028774397705
Base MR,0.5y-greedy,dK_1y,2.5,88.11935472899617,0.9954369062337428
Base MR,0.5y-greedy,dK_1y,2.75,88.11959323138232,0.9954396004667876
Base MR,0.5y-greedy,dK_1y,3.0,88.11861838640121,0.9954285881679
Base MR,0.5y-greedy,dK_1y,3.25,88.11949534499242,0.9954384946969437
Base MR,0.5y-greedy,dK_1y,3.5,88.11965431723098,0.9954402905207308
Base MR,0.5y-greedy,dK_1y,3.75,88.12561534574382,0.9955076290503767
Base MR,0.5y-greedy,dK_1y,4.0,88.11962106905267,0.9954399149339616
Base MR,0.5y-greedy,dK_1y,4.25,88.11963722131428,0.9954400973973644
Base MR,0.5y-greedy,dK_1y,4.5,88.12122871901218,0.995458075689983
Base MR,0.5y-greedy,dK_1y,4.75,88.14455696043146,0.9957216022731916
Base MR,0.5y-greedy,dK_1y,5.0,88.15724102999644,0.9958648873778664
Base MR,0.5y-greedy,dK_1y,5.25,88.15567047020383,0.9958471456094907
Base MR,0.5y-greedy,dK_1y,5.5,88.17217837276057,0.9960336264966922
Base MR,0.5y-greedy,dK_1y,5.75,88.11980259237643,0.9954419655052165
Base MR,0.5y-greedy,dK_1y,6.0,88.12006687072277,0.9954449509154055
Base MR,0.5y-greedy,dK_1y,6.25,68.89189731050209,0.7782346719882763
Base MR,0.5y-greedy,dK_1y,6.5,47.905471791271964,0.5411623221507768
Base MR,0.5y-greedy,dK_1y,6.75,24.999999999999996,0.28241153980732353
Base MR,0.5y-greedy,dK_1y,7.0,0.0,0.0
Base MR,0.5y-greedy,dK_3y,0.0,222.2225160957625,0.9999999999999956
Base MR,0.5y-greedy,dK_3y,0.25,214.9956510906612,0.9674791504836171
Base MR,0.5y-greedy,dK_3y,0.5,206.58603973643838,0.9296359494346342
Base MR,0.5y-greedy,dK_3y,0.75,203.88774646505004,0.9174936457707447
Base MR,0.5y-greedy,dK_3y,1.0,217.77475236400764,0.9799850896754352
Base MR,0.5y-greedy,dK_3y,1.25,206.03350092945405,0.9271495280913252
Base MR,0.5y-greedy,dK_3y,1.5,202.88286736789735,0.9129716958135241
Base MR,0.5y-greedy,dK_3y,1.75,205.29468347972698,0.9238248539642053
Base MR,0.5y-greedy,dK_3y,2.0,201.78625666836857,0.9080369541914995
Base MR,0.5y-greedy,dK_3y,2.25,199.55745452580422,0.8980073578134085
Base MR,0.5y-greedy,dK_3y,2.5,197.96660726863513,0.8908485546231704
Base MR,0.5y-greedy,dK_3y,2.75,197.99482953908165,0.890975554672231
Base MR,0.5y-greedy,dK_3y,3.0,196.6614390200151,0.8849753052713469
Base MR,0.5y-greedy,dK_3y,3.25,198.76630099896977,0.8944471716507538
Base MR,0.5y-greedy,dK_3y,3.5,199.3185816745443,0.8969324314042548
Base MR,0.5y-greedy,dK_3y,3.75,202.02606035641713,0.9091160693606628
Base MR,0.5y-greedy,dK_3y,4.0,198.9404398628849,0.8952307955020834
Base MR,0.5y-greedy,dK_3y,4.25,187.6419408911338,0.8443876173657952
Base MR,0.5y-greedy,dK_3y,4.5,176.55309805203996,0.7944878905788152
Base MR,0.5y-greedy,dK_3y,4.75,166.39642145434271,0.7487829063308628
Base MR,0.5y-greedy,dK_3y,5.0,152.9798244010477,0.688408299432283
Base MR,0.5y-greedy,dK_3y,5.25,138.08240483434858,0.621370000035658
Base MR,0.5y-greedy,dK_3y,5.5,122.69088120018642,0.5521082352758288
Base MR,0.5y-greedy,dK_3y,5.75,105.75567333776235,0.47589990067517957
Base MR,0.5y-greedy,dK_3y,6.0,88.12006687072277,0.39653977652178474
Base MR,0.5y-greedy,dK_3y,6.25,68.89189731050209,0.31001312792630853
Base MR,0.5y-greedy,dK_3y,6.5,47.905471791271964,0.21557433797855036
Base MR,0.5y-greedy,dK_3y,6.75,24.999999999999996,0.11249985122671646
Base MR,0.5y-greedy,dK_3y,7.0,0.0,0.0
Base MR,0.5y-greedy,MtM,0.0,644.18079456557,0.9999999999999984
Base MR,0.5y-greedy,MtM,0.25,615.7998373820337,0.9559425592582637
Base MR,0.5y-greedy,MtM,0.5,579.823093000909,0.9000937281775621
Base MR,0.5y-greedy,MtM,0.75,555.8727630065506,0.8629142124322808
Base MR,0.5y-greedy,MtM,1.0,559.6708154822095,0.868810154235731
Base MR,0.5y-greedy,MtM,1.25,523.949680835922,0.8133581212852959
Base MR,0.5y-greedy,MtM,1.5,498.0342602222287,0.7731280789861144
Base MR,0.5y-greedy,MtM,1.75,485.7748695275679,0.7540971007295701
Base MR,0.5y-greedy,MtM,2.0,458.2008915479291,0.7112923816006268
Base MR,0.5y-greedy,MtM,2.25,434.4037866869238,0.6743507263048433
Base MR,0.5y-greedy,MtM,2.5,411.85428315534,0.6393457964438235
Base MR,0.5y-greedy,MtM,2.75,391.8100803684629,0.6082299933090921
Base MR,0.5y-greedy,MtM,3.0,367.39942410881,0.570335885838665
Base MR,0.5y-greedy,MtM,3.25,352.28700422357423,0.5468759813945603
Base MR,0.5y-greedy,MtM,3.5,331.684947015243,0.5148941878016217
Base MR,0.5y-greedy,MtM,3.75,312.0447613918402,0.4844055644382879
Base MR,0.5y-greedy,MtM,4.0,286.4435405655154,0.4446632730780029
Base MR,0.5y-greedy,MtM,4.25,263.74576666825556,0.40942817434680434
Base MR,0.5y-greedy,MtM,4.5,241.8437787630157,0.3754284213426647
Base MR,0.5y-greedy,MtM,4.75,220.51131704901405,0.3423127775762465
Base MR,0.5y-greedy,MtM,5.0,196.96586561550689,0.3057617788005286
Base MR,0.5y-greedy,MtM,5.25,172.64645045273417,0.2680093102886825
Base MR,0.5y-greedy,MtM,5.5,148.59536419409008,0.2306733846269063
Base MR,0.5y-greedy,MtM,5.75,123.00639594616112,0.19095011366974296
Base MR,0.5y-greedy,MtM,6.0,98.29561210248546,0.15259010037512066
Base MR,0.5y-greedy,MtM,6.25,74.9143281064095,0.11629394843559558
Base MR,0.5y-greedy,MtM,6.5,50.24422842543611,0.07799709157631797
Base MR,0.5y-greedy,MtM,6.75,25.097521715759225,0.03896036939860143
Base MR,0.5y-greedy,MtM,7.0,0.0,0.0
Base MR,0.5y-greedy,V,0.0,251.87082587396654,0.999999999999996
Base MR,0.5y-greedy,V,0.25,252.55406998743723,1.002712676671063
Base MR,0.5y-greedy,V,0.5,259.1249269436582,1.028800878563524
Base MR,0.5y-greedy,V,0.75,259.7475800633703,1.0312729914712084
Base MR,0.5y-greedy,V,1.0,245.3926681182324,0.974279840734803
Base MR,0.5y-greedy,V,1.25,250.66651397763707,0.9952185335790613
Base MR,0.5y-greedy,V,1.5,251.7403535001195,0.99948198695345
Base MR,0.5y-greedy,V,1.75,242.28829426165913,0.9619545789828657
Base MR,0.5y-greedy,V,2.0,244.3486121560481,0.9701346367058666
Base MR,0.5y-greedy,V,2.25,242.0893318674658,0.961164640753605
Base MR,0.5y-greedy,V,2.5,238.23337010399388,0.945855357711029
Base MR,0.5y-greedy,V,2.75,232.17406147106632,0.9217981505616805
Base MR,0.5y-greedy,V,3.0,229.7200363653127,0.9120549613803277
Base MR,0.5y-greedy,V,3.25,217.22888357545298,0.8624614733432888
Base MR,0.5y-greedy,V,3.5,208.63670062729014,0.8283480228539406
Base MR,0.5y-greedy,V,3.75,199.0837498810904,0.7904200464277232
Base MR,0.5y-greedy,V,4.0,191.69159309105777,0.7610710467395594
Base MR,0.5y-greedy,V,4.25,181.82774123131804,0.7219087030043804
Base MR,0.5y-greedy,V,4.5,170.97258070802866,0.6788105772662246
Base MR,0.5y-greedy,V,4.75,160.82492322852386,0.6385214431662614
Base MR,0.5y-greedy,V,5.0,149.09961239735307,0.5919685691266218
Base MR,0.5y-greedy,V,5.25,135.80421249231225,0.5391819875171516
Base MR,0.5y-greedy,V,5.5,121.37408874139244,0.4818902241664394
Base MR,0.5y-greedy,V,5.75,104.30970635863173,0.41413969242641374
Base MR,0.5y-greedy,V,6.0,86.91210951872723,0.3450662029520512
Base MR,0.5y-greedy,V,6.25,68.70383728707888,0.27277409778875017
Base MR,0.5y-greedy,V,6.5,47.94602515539991,0.1903595820954325
Base MR,0.5y-greedy,V,6.75,24.999999999999996,0.09925722803842962
Base MR,0.5y-greedy,V,7.0,0.0,0.0
Base MR,Optimal V,dK_0.5y,0.0,59.62890661504572,0.9999999999999832
Base MR,Optimal V,dK_0.5y,0.25,52.46635555669832,0.8798812276638155
Base MR,Optimal V,dK_0.5y,0.5,48.560091779277116,0.8143716619318908
Base MR,Optimal V,dK_0.5y,0.75,47.236230137900655,0.7921699863264152
Base MR,Optimal V,dK_0.5y,1.0,56.74084747842728,0.9515661228661423
Base MR,Optimal V,dK_0.5y,1.25,46.8710112533621,0.7860451233149846
Base MR,Optimal V,dK_0.5y,1.5,47.39812844634696,0.7948850840472487
Base MR,Optimal V,dK_0.5y,1.75,47.742774420330036,0.800664931331856
Base MR,Optimal V,dK_0.5y,2.0,46.591063425148164,0.7813502891463618
Base MR,Optimal V,dK_0.5y,2.25,47.80917688916866,0.8017785266098527
Base MR,Optimal V,dK_0.5y,2.5,43.04069317794868,0.7218091966000902
Base MR,Optimal V,dK_0.5y,2.75,47.15623067103878,0.7908283640931193
Base MR,Optimal V,dK_0.5y,3.0,30.56864873645068,0.5126481512363839
Base MR,Optimal V,dK_0.5y,3.25,45.19770856952077,0.7579831852579301
Base MR,Optimal V,dK_0.5y,3.5,45.96083098478398,0.7707810455338159
Base MR,Optimal V,dK_0.5y,3.75,48.708658822024546,0.8168631891320548
Base MR,Optimal V,dK_0.5y,4.0,44.55631899606722,0.7472268321757874
Base MR,Optimal V,dK_0.5y,4.25,44.561663608016886,0.7473164634008603
Base MR,Optimal V,dK_0.5y,4.5,47.968178457126385,0.804445044863897
Base MR,Optimal V,dK_0.5y,4.75,49.45447970567763,0.8293708959808147
Base MR,Optimal V,dK_0.5y,5.0,48.84633399599555,0.8191720554485179
Base MR,Optimal V,dK_0.5y,5.25,48.283055086669926,0.8097256486417983
Base MR,Optimal V,dK_0.5y,5.5,48.109447778292115,0.8068141864293753
Base MR,Optimal V,dK_0.5y,5.75,47.897482006339594,0.8032594378353597
Base MR,Optimal V,dK_0.5y,6.0,47.902365826792135,0.8033413414074656
Base MR,Optimal V,dK_0.5y,6.25,47.90547179127194,0.8033934296421177
Base MR,Optimal V,dK_0.5y,6.5,47.905471791271964,0.803393429642118
Base MR,Optimal V,dK_0.5y,6.75,24.999999999999996,0.41925974194689514
Base MR,Optimal V,dK_0.5y,7.0,0.0,0.0
Base MR,Optimal V,dK_1y,0.0,101.71408819334584,0.9999999999999902
Base MR,Optimal V,dK_1y,0.25,95.67397720511434,0.9406167710342058
Base MR,Optimal V,dK_1y,0.5,91.36138701622741,0.8982176278526911
Base MR,Optimal V,dK_1y,0.75,89.3263197465984,0.8782099051686851
Base MR,Optimal V,dK_1y,1.0,100.99348405503551,0.9929153949948256
Base MR,Optimal V,dK_1y,1.25,88.3482958283739,0.8685944828059011
Base MR,Optimal V,dK_1y,1.5,87.92431452968876,0.8644261192466741
Base MR,Optimal V,dK_1y,1.75,91.2556882024113,0.8971784521033574
Base MR,Optimal V,dK_1y,2.0,86.35048421366608,0.8489530383394255
Base MR,Optimal V,dK_1y,2.25,87.83764487457918,0.8635740282861296
Base MR,Optimal V,dK_1y,2.5,85.06426343209135,0.8363075847506387
Base MR,Optimal V,dK_1y,2.75,87.46040851716285,0.8598652366711543
Base MR,Optimal V,dK_1y,3.0,77.46348737929961,0.7615807087809742
Base MR,Optimal V,dK_1y,3.25,82.9782303972435,0.8157987931771199
Base MR,Optimal V,dK_1y,3.5,83.87503593427705,0.8246157186685901
Base MR,Optimal V,dK_1y,3.75,89.49005511190958,0.8798196660997367
Base MR,Optimal V,dK_1y,4.0,84.6195964915637,0.8319358507221883
Base MR,Optimal V,dK_1y,4.25,85.86222546884201,0.8441527323690672
Base MR,Optimal V,dK_1y,4.5,88.70491558319623,0.8721005827096275
Base MR,Optimal V,dK_1y,4.75,90.11878762905275,0.8860010371203175
Base MR,Optimal V,dK_1y,5.0,89.94473510973955,0.8842898432984515
Base MR,Optimal V,dK_1y,5.25,89.16998502507622,0.8766729035173012
Base MR,Optimal V,dK_1y,5.5,88.54744379898005,0.8705524020493749
Base MR,Optimal V,dK_1y,5.75,88.11229570915712,0.8662742524090246
Base MR,Optimal V,dK_1y,6.0,88.12021790739283,0.8663521393406819
Base MR,Optimal V,dK_1y,6.25,68.89189731050209,0.6773092944563046
Base MR,Optimal V,dK_1y,6.5,47.905471791271964,0.47098167660127027
Base MR,Optimal V,dK_1y,6.75,24.999999999999996,0.24578699415245073
Base MR,Optimal V,dK_1y,7.0,0.0,0.0
Base MR,Optimal V,dK_3y,0.0,208.16107327120125,0.9999999999999952
Base MR,Optimal V,dK_3y,0.25,205.9632965137441,0.9894419416516229
Base MR,Optimal V,dK_3y,0.5,209.20827869373775,1.0050307456916845
Base MR,Optimal V,dK_3y,0.75,209.89725289125727,1.00834055855291
Base MR,Optimal V,dK_3y,1.0,206.04562053833317,0.9898374239735354
Base MR,Optimal V,dK_3y,1.25,205.6819518564737,0.9880903697517996
Base MR,Optimal V,dK_3y,1.5,207.04807902957126,0.9946532066531915
Base MR,Optimal V,dK_3y,1.75,203.95419669006418,0.979790282039634
Base MR,Optimal V,dK_3y,2.0,205.20119856730747,0.9857808443366426
Base MR,Optimal V,dK_3y,2.25,205.6820182759188,0.9880906888289647
Base MR,Optimal V,dK_3y,2.5,206.31611618284802,0.9911368775181586
Base MR,Optimal V,dK_3y,2.75,204.71381280801876,0.9834394567196902
Base MR,Optimal V,dK_3y,3.0,208.93278588974368,1.0037072859320628
Base MR,Optimal V,dK_3y,3.25,201.18947632185464,0.9665086423710707
Base MR,Optimal V,dK_3y,3.5,199.54325755126044,0.9586002532341189
Base MR,Optimal V,dK_3y,3.75,196.99470702637734,0.9463570874739062
Base MR,Optimal V,dK_3y,4.0,199.15442687996477,0.9567323215157371
Base MR,Optimal V,dK_3y,4.25,188.22928455150188,0.9042482419672564
Base MR,Optimal V,dK_3y,4.5,175.73681661415267,0.8442347738339834
Base MR,Optimal V,dK_3y,4.75,163.7863190133765,0.7868249161070947
Base MR,Optimal V,dK_3y,5.0,151.28640023829155,0.7267756543567988
Base MR,Optimal V,dK_3y,5.25,137.57362241309423,0.6608998515003653
Base MR,Optimal V,dK_3y,5.5,122.55906355053335,0.5887703287869654
Base MR,Optimal V,dK_3y,5.75,105.75781236323841,0.5080575858938432
Base MR,Optimal V,dK_3y,6.0,88.12021790739283,0.4233270732255765
Base MR,Optimal V,dK_3y,6.25,68.89189731050209,0.3309547564675861
Base MR,Optimal V,dK_3y,6.5,47.905471791271964,0.2301365526149955
Base MR,Optimal V,dK_3y,6.75,24.999999999999996,0.1200993039050524
Base MR,Optimal V,dK_3y,7.0,0.0,0.0
Base MR,Optimal V,MtM,0.0,644.18079456557,0.9999999999999984
Base MR,Optimal V,MtM,0.25,615.7998373820337,0.9559425592582637
Base MR,Optimal V,MtM,0.5,579.823093000909,0.9000937281775621
Base MR,Optimal V,MtM,0.75,555.8727630065506,0.8629142124322808
Base MR,Optimal V,MtM,1.0,559.6708154822095,0.868810154235731
Base MR,Optimal V,MtM,1.25,523.949680835922,0.8133581212852959
Base MR,Optimal V,MtM,1.5,498.0342602222287,0.7731280789861144
Base MR,Optimal V,MtM,1.75,485.7748695275679,0.7540971007295701
Base MR,Optimal V,MtM,2.0,458.2008915479291,0.7112923816006268
Base MR,Optimal V,MtM,2.25,434.4037866869238,0.6743507263048433
Base MR,Optimal V,MtM,2.5,411.85428315534,0.6393457964438235
Base MR,Optimal V,MtM,2.75,391.8100803684629,0.6082299933090921
Base MR,Optimal V,MtM,3.0,367.39942410881,0.570335885838665
Base MR,Optimal V,MtM,3.25,352.28700422357423,0.5468759813945603
Base MR,Optimal V,MtM,3.5,331.684947015243,0.5148941878016217
Base MR,Optimal V,MtM,3.75,312.0447613918402,0.4844055644382879
Base MR,Optimal V,MtM,4.0,286.4435405655154,0.4446632730780029
Base MR,Optimal V,MtM,4.25,263.74576666825556,0.40942817434680434
Base MR,Optimal V,MtM,4.5,241.8437787630157,0.3754284213426647
Base MR,Optimal V,MtM,4.75,220.51131704901405,0.3423127775762465
Base MR,Optimal V,MtM,5.0,196.96586561550689,0.3057617788005286
Base MR,Optimal V,MtM,5.25,172.64645045273417,0.2680093102886825
Base MR,Optimal V,MtM,5.5,148.59536419409008,0.2306733846269063
Base MR,Optimal V,MtM,5.75,123.00639594616112,0.19095011366974296
Base MR,Optimal V,MtM,6.0,98.29561210248546,0.15259010037512066
Base MR,Optimal V,MtM,6.25,74.9143281064095,0.11629394843559558
Base MR,Optimal V,MtM,6.5,50.24422842543611,0.07799709157631797
Base MR,Optimal V,MtM,6.75,25.097521715759225,0.03896036939860143
Base MR,Optimal V,MtM,7.0,0.0,0.0
Base MR,Optimal V,V,0.0,251.87082587396654,0.999999999999996
Base MR,Optimal V,V,0.25,252.55406998743723,1.002712676671063
Base MR,Optimal V,V,0.5,259.1249269436582,1.028800878563524
Base MR,Optimal V,V,0.75,259.7475800633703,1.0312729914712084
Base MR,Optimal V,V,1.0,245.3926681182324,0.974279840734803
Base MR,Optimal V,V,1.25,250.66651397763707,0.9952185335790613
Base MR,Optimal V,V,1.5,251.7403535001195,0.99948198695345
Base MR,Optimal V,V,1.75,242.28829426165913,0.9619545789828657
Base MR,Optimal V,V,2.0,244.3486121560481,0.9701346367058666
Base MR,Optimal V,V,2.25,242.0893318674658,0.961164640753605
Base MR,Optimal V,V,2.5,238.23337010399388,0.945855357711029
Base MR,Optimal V,V,2.75,232.17406147106632,0.9217981505616805
Base MR,Optimal V,V,3.0,229.7200363653127,0.9120549613803277
Base MR,Optimal V,V,3.25,217.22888357545298,0.8624614733432888
Base MR,Optimal V,V,3.5,208.63670062729014,0.8283480228539406
Base MR,Optimal V,V,3.75,199.0837498810904,0.7904200464277232
Base MR,Optimal V,V,4.0,191.69159309105777,0.7610710467395594
Base MR,Optimal V,V,4.25,181.82774123131804,0.7219087030043804
Base MR,Optimal V,V,4.5,170.97258070802866,0.6788105772662246
Base MR,Optimal V,V,4.75,160.82492322852386,0.6385214431662614
Base MR,Optimal V,V,5.0,149.09961239735307,0.5919685691266218
Base MR,Optimal V,V,5.25,135.80421249231225,0.5391819875171516
Base MR,Optimal V,V,5.5,121.37408874139244,0.4818902241664394
Base MR,Optimal V,V,5.75,104.30970635863173,0.41413969242641374
Base MR,Optimal V,V,6.0,86.91210951872723,0.3450662029520512
Base MR,Optimal V,V,6.25,68.70383728707888,0.27277409778875017
Base MR,Optimal V,V,6.5,47.94602515539991,0.1903595820954325
Base MR,Optimal V,V,6.75,24.999999999999996,0.09925722803842962
Base MR,Optimal V,V,7.0,0.0,0.0
Early sell-off,Passive q,dK_0.5y,0.0,47.90547179127196,0.9999999999999791
Early sell-off,Passive q,dK_0.5y,0.25,47.90547179127195,0.9999999999999789
Early sell-off,Passive q,dK_0.5y,0.5,47.90547179127195,0.9999999999999789
Early sell-off,Passive q,dK_0.5y,0.75,47.90547179127197,0.9999999999999793
Early sell-off,Passive q,dK_0.5y,1.0,47.90547179127195,0.9999999999999789
Early sell-off,Passive q,dK_0.5y,1.25,47.90547179127193,0.9999999999999785
Early sell-off,Passive q,dK_0.5y,1.5,47.88743311751849,0.9996234527480897
Early sell-off,Passive q,dK_0.5y,1.75,47.90547179127191,0.999999999999978
Early sell-off,Passive q,dK_0.5y,2.0,47.905471791271914,0.9999999999999782
Early sell-off,Passive q,dK_0.5y,2.25,47.905471791271964,0.9999999999999792
Early sell-off,Passive q,dK_0.5y,2.5,47.90547179127195,0.9999999999999789
Early sell-off,Passive q,dK_0.5y,2.75,47.905471791271935,0.9999999999999787
Early sell-off,Passive q,dK_0.5y,3.0,47.905471791271964,0.9999999999999792
Early sell-off,Passive q,dK_0.5y,3.25,47.905471791271964,0.9999999999999792
Early sell-off,Passive q,dK_0.5y,3.5,47.90547179127192,0.9999999999999784
Early sell-off,Passive q,dK_0.5y,3.75,47.90547179127192,0.9999999999999784
Early sell-off,Passive q,dK_0.5y,4.0,47.90547179127194,0.9999999999999788
Early sell-off,Passive q,dK_0.5y,4.25,47.905471791271935,0.9999999999999787
Early sell-off,Passive q,dK_0.5y,4.5,47.90547179127195,0.9999999999999789
Early sell-off,Passive q,dK_0.5y,4.75,47.90547179127195,0.9999999999999789
Early sell-off,Passive q,dK_0.5y,5.0,47.90547179127194,0.9999999999999788
Early sell-off,Passive q,dK_0.5y,5.25,47.90547179127194,0.9999999999999788
Early sell-off,Passive q,dK_0.5y,5.5,47.90547179127193,0.9999999999999785
Early sell-off,Passive q,dK_0.5y,5.75,47.905471791271935,0.9999999999999787
Early sell-off,Passive q,dK_0.5y,6.0,47.905471791271935,0.9999999999999787
Early sell-off,Passive q,dK_0.5y,6.25,47.90547179127195,0.9999999999999789
Early sell-off,Passive q,dK_0.5y,6.5,47.90547179127195,0.9999999999999789
Early sell-off,Passive q,dK_0.5y,6.75,25.000000000000007,0.5218610539715905
Early sell-off,Passive q,dK_0.5y,7.0,0.0,0.0
Early sell-off,Passive q,dK_1y,0.0,88.52330898856503,0.9999999999999888
Early sell-off,Passive q,dK_1y,0.25,88.14293898430557,0.9957031655435566
Early sell-off,Passive q,dK_1y,0.5,88.12193147782207,0.9954658550913884
Early sell-off,Passive q,dK_1y,0.75,88.11989468692961,0.9954428465649818
Early sell-off,Passive q,dK_1y,1.0,88.11989434236905,0.9954428426726674
Early sell-off,Passive q,dK_1y,1.25,88.1068509797494,0.9952954988513768
Early sell-off,Passive q,dK_1y,1.5,87.85601969669287,0.9924619933495782
Early sell-off,Passive q,dK_1y,1.75,88.06061212796416,0.9947731635216931
Early sell-off,Passive q,dK_1y,2.0,88.07732559588479,0.9949619665399217
Early sell-off,Passive q,dK_1y,2.25,88.09878927923143,0.9952044301756791
Early sell-off,Passive q,dK_1y,2.5,88.11479182261994,0.9953852022635207
Early sell-off,Passive q,dK_1y,2.75,88.11391866694812,0.9953753386955883
Early sell-off,Passive q,dK_1y,3.0,88.11811363214187,0.9954227269511977
Early sell-off,Passive q,dK_1y,3.25,88.11937183391602,0.9954369401769405
Early sell-off,Passive q,dK_1y,3.5,88.11996976053678,0.995443694630966
Early sell-off,Passive q,dK_1y,3.75,88.11998348621466,0.9954438496825343
Early sell-off,Passive q,dK_1y,4.0,88.12002418163692,0.9954443093967353
Early sell-off,Passive q,dK_1y,4.25,88.12002261802644,0.9954442917334724
Early sell-off,Passive q,dK_1y,4.5,88.12004063328502,0.9954444952421164
Early sell-off,Passive q,dK_1y,4.75,88.12004391512544,0.9954445323152947
Early sell-off,Passive q,dK_1y,5.0,88.12005445931206,0.9954446514272749
Early sell-off,Passive q,dK_1y,5.25,88.12005108194843,0.9954446132750224
Early sell-off,Passive q,dK_1y,5.5,88.12005235742241,0.995444627683363
Early sell-off,Passive q,dK_1y,5.75,88.12005202293227,0.9954446239048086
Early sell-off,Passive q,dK_1y,6.0,88.12005087353879,0.9954446109207313
Early sell-off,Passive q,dK_1y,6.25,68.89189731050215,0.7782345474613975
Early sell-off,Passive q,dK_1y,6.5,47.90547179127195,0.5411622355583159
Early sell-off,Passive q,dK_1y,6.75,25.000000000000007,0.28241149461809084
Early sell-off,Passive q,dK_1y,7.0,0.0,0.0
Early sell-off,Passive q,dK_3y,0.0,222.24866485454163,0.9999999999999956
Early sell-off,Passive q,dK_3y,0.25,202.93749595490164,0.9131100791436485
Early sell-off,Passive q,dK_3y,0.5,197.35424808023686,0.8879884529763152
Early sell-off,Passive q,dK_3y,0.75,194.98902180152268,0.8773462010632962
Early sell-off,Passive q,dK_3y,1.0,194.5690221636821,0.8754564275606501
Early sell-off,Passive q,dK_3y,1.25,193.7502516337976,0.8717723985455811
Early sell-off,Passive q,dK_3y,1.5,192.0935104552453,0.8643179502606538
Early sell-off,Passive q,dK_3y,1.75,193.24391987658996,0.869494176727965
Early sell-off,Passive q,dK_3y,2.0,193.36249185890784,0.8700276871650041
Early sell-off,Passive q,dK_3y,2.25,193.5822612222131,0.8710165316354493
Early sell-off,Passive q,dK_3y,2.5,193.8059106834608,0.8720228344692328
Early sell-off,Passive q,dK_3y,2.75,193.7891721881329,0.8719475202020408
Early sell-off,Passive q,dK_3y,3.0,193.8782997656564,0.8723485465820275
Early sell-off,Passive q,dK_3y,3.25,193.92208087809112,0.8725455381475938
Early sell-off,Passive q,dK_3y,3.5,193.9508143255114,0.872674823277109
Early sell-off,Passive q,dK_3y,3.75,193.95172506289418,0.872678921107723
Early sell-off,Passive q,dK_3y,4.0,193.9589036516208,0.8727112209135793
Early sell-off,Passive q,dK_3y,4.25,184.4131010770042,0.8297602201466494
Early sell-off,Passive q,dK_3y,4.5,174.00047659121668,0.7829089848755517
Early sell-off,Passive q,dK_3y,4.75,162.62862935942488,0.7317417608149057
Early sell-off,Passive q,dK_3y,5.0,150.21637841528488,0.6758932770804205
Early sell-off,Passive q,dK_3y,5.25,136.6667955478212,0.6149274086180312
Early sell-off,Passive q,dK_3y,5.5,121.87829525923368,0.5483870750764718
Early sell-off,Passive q,dK_3y,5.75,105.73722309644819,0.4757608922674569
Early sell-off,Passive q,dK_3y,6.0,88.12005087353879,0.39649304949126074
Early sell-off,Passive q,dK_3y,6.25,68.89189731050215,0.30997665320325113
Early sell-off,Passive q,dK_3y,6.5,47.90547179127195,0.21554897449046606
Early sell-off,Passive q,dK_3y,6.75,25.000000000000007,0.11248661501009248
Early sell-off,Passive q,dK_3y,7.0,0.0,0.0
Early sell-off,Passive q,MtM,0.0,644.18079456557,0.9999999999999984
Early sell-off,Passive q,MtM,0.25,588.9394936558128,0.9142456568469846
Early sell-off,Passive q,MtM,0.5,549.4148094845796,0.8528891486979201
Early sell-off,Passive q,MtM,0.75,513.7454893165253,0.7975175504308384
Early sell-off,Passive q,MtM,1.0,498.94766912926826,0.7745460177305558
Early sell-off,Passive q,MtM,1.25,451.53850504966647,0.7009499644493119
Early sell-off,Passive q,MtM,1.5,416.4582207888717,0.6464927615076245
Early sell-off,Passive q,MtM,1.75,411.4245824579448,0.6386787466015738
Early sell-off,Passive q,MtM,2.0,397.8267228336325,0.6175699837526557
Early sell-off,Passive q,MtM,2.25,386.0086506215981,0.5992240903144566
Early sell-off,Passive q,MtM,2.5,376.81475989922626,0.5849518692238355
Early sell-off,Passive q,MtM,2.75,358.75588161566145,0.5569180028994853
Early sell-off,Passive q,MtM,3.0,345.4972439871761,0.5363358344456325
Early sell-off,Passive q,MtM,3.25,330.6350161270601,0.5132643179001277
Early sell-off,Passive q,MtM,3.5,315.7094162247149,0.49009442518016416
Early sell-off,Passive q,MtM,3.75,295.5736006679582,0.45883640611684184
Early sell-off,Passive q,MtM,4.0,276.3443024725235,0.4289856276433813
Early sell-off,Passive q,MtM,4.25,254.9598041671438,0.39578920439422
Early sell-off,Passive q,MtM,4.5,235.24207367769785,0.3651802035426137
Early sell-off,Passive q,MtM,4.75,213.42265967028968,0.33130863489064394
Early sell-off,Passive q,MtM,5.0,192.2578740423333,0.2984532846434673
Early sell-off,Passive q,MtM,5.25,168.62918463641554,0.26177307063327987
Early sell-off,Passive q,MtM,5.5,145.44334060327768,0.2257803117234552
Early sell-off,Passive q,MtM,5.75,121.87448197077646,0.18919297656641157
Early sell-off,Passive q,MtM,6.0,98.0235126907145,0.15216770434272348
Early sell-off,Passive q,MtM,6.25,74.15241716720577,0.11511118895932533
Early sell-off,Passive q,MtM,6.5,49.632362526353425,0.07704725590247531
Early sell-off,Passive q,MtM,6.75,24.914348336331784,0.03867601851299179
Early sell-off,Passive q,MtM,7.0,0.0,0.0
Early sell-off,Passive q,V,0.0,251.87082587396654,0.999999999999996
Early sell-off,Passive q,V,0.25,264.90921301476465,1.0517661666274971
Early sell-off,Passive q,V,0.5,277.84629290669835,1.103130114186899
Early sell-off,Passive q,V,0.75,288.1976233447037,1.1442278888183484
Early sell-off,Passive q,V,1.0,284.4571350215206,1.1293770687195777
Early sell-off,Passive q,V,1.25,286.2459444203198,1.1364791592161336
Early sell-off,Passive q,V,1.5,285.37697798843976,1.1330291112446593
Early sell-off,Passive q,V,1.75,280.6019788128102,1.1140709839623082
Early sell-off,Passive q,V,2.0,275.7506734081443,1.0948098988889086
Early sell-off,Passive q,V,2.25,268.8419328499036,1.0673802014070028
Early sell-off,Passive q,V,2.5,263.0911893344612,1.0445480869868913
Early sell-off,Passive q,V,2.75,257.1408139725621,1.0209233764184804
Early sell-off,Passive q,V,3.0,250.13553193217697,0.9931103813402395
Early sell-off,Passive q,V,3.25,241.45470045671365,0.9586449705673099
Early sell-off,Passive q,V,3.5,230.4300965844658,0.9148741057440675
Early sell-off,Passive q,V,3.75,221.11972616786016,0.8779092433615365
Early sell-off,Passive q,V,4.0,209.6184337711146,0.8322457872751193
Early sell-off,Passive q,V,4.25,198.4308696681416,0.7878279232205857
Early sell-off,Passive q,V,4.5,180.83123064595492,0.7179522678678165
Early sell-off,Passive q,V,4.75,165.15892993826503,0.6557287028586158
Early sell-off,Passive q,V,5.0,147.77740932222446,0.5867190406409757
Early sell-off,Passive q,V,5.25,134.18448580278513,0.5327512042618587
Early sell-off,Passive q,V,5.5,119.32997742713849,0.47377451125224584
Early sell-off,Passive q,V,5.75,103.6987192277436,0.41171389686724935
Early sell-off,Passive q,V,6.0,86.75630233536093,0.34444760338687463
Early sell-off,Passive q,V,6.25,68.27568410040409,0.2710742058493438
Early sell-off,Passive q,V,6.5,47.666290501985614,0.18924895464406477
Early sell-off,Passive q,V,6.75,25.000000000000007,0.09925722803842967
Early sell-off,Passive q,V,7.0,0.0,0.0
Early sell-off,CAR-target,dK_0.5y,0.0,54.690075737217185,0.9999999999999817
Early sell-off,CAR-target,dK_0.5y,0.25,66.41062941437615,1.2143086020482832
Early sell-off,CAR-target,dK_0.5y,0.5,58.87800246712328,1.0765756249822687
Early sell-off,CAR-target,dK_0.5y,0.75,60.47248428740036,1.1057304908109147
Early sell-off,CAR-target,dK_0.5y,1.0,63.197269737636496,1.1555527924535112
Early sell-off,CAR-target,dK_0.5y,1.25,68.5476751742658,1.2533841698013433
Early sell-off,CAR-target,dK_0.5y,1.5,67.04240636452577,1.2258605507635358
Early sell-off,CAR-target,dK_0.5y,1.75,67.06766050778066,1.22632231906271
Early sell-off,CAR-target,dK_0.5y,2.0,67.06766050778069,1.2263223190627106
Early sell-off,CAR-target,dK_0.5y,2.25,67.06766050778087,1.226322319062714
Early sell-off,CAR-target,dK_0.5y,2.5,67.06766050778069,1.2263223190627106
Early sell-off,CAR-target,dK_0.5y,2.75,67.06766050778069,1.2263223190627106
Early sell-off,CAR-target,dK_0.5y,3.0,67.06766050778066,1.22632231906271
Early sell-off,CAR-target,dK_0.5y,3.25,67.06766050778072,1.226322319062711
Early sell-off,CAR-target,dK_0.5y,3.5,67.06766050778066,1.22632231906271
Early sell-off,CAR-target,dK_0.5y,3.75,67.06766050778064,1.2263223190627097
Early sell-off,CAR-target,dK_0.5y,4.0,67.06766050778069,1.2263223190627106
Early sell-off,CAR-target,dK_0.5y,4.25,67.06766050778069,1.2263223190627106
Early sell-off,CAR-target,dK_0.5y,4.5,67.06766050778072,1.226322319062711
Early sell-off,CAR-target,dK_0.5y,4.75,67.06766050778072,1.226322319062711
Early sell-off,CAR-target,dK_0.5y,5.0,67.06766050778072,1.226322319062711
Early sell-off,CAR-target,dK_0.5y,5.25,67.06766050778072,1.226322319062711
Early sell-off,CAR-target,dK_0.5y,5.5,67.0676605077807,1.2263223190627108
Early sell-off,CAR-target,dK_0.5y,5.75,67.06766050778072,1.226322319062711
Early sell-off,CAR-target,dK_0.5y,6.0,67.0676605077807,1.2263223190627108
Early sell-off,CAR-target,dK_0.5y,6.25,67.06766050778073,1.2263223190627113
Early sell-off,CAR-target,dK_0.5y,6.5,67.06766050778072,1.226322319062711
Early sell-off,CAR-target,dK_0.5y,6.75,34.999999999999986,0.6399698579349647
Early sell-off,CAR-target,dK_0.5y,7.0,0.0,0.0
Early sell-off,CAR-target,dK_1y,0.0,116.34753796700925,0.9999999999999915
Early sell-off,CAR-target,dK_1y,0.25,133.77103992758566,1.1497539377714703
Early sell-off,CAR-target,dK_1y,0.5,114.70624010544884,0.9858931448809275
Early sell-off,CAR-target,dK_1y,0.75,113.21457166852902,0.9730723455500231
Early sell-off,CAR-target,dK_1y,1.0,117.26473237018578,1.0078832300124443
Early sell-off,CAR-target,dK_1y,1.25,127.77006544425336,1.0981759277147911
Early sell-off,CAR-target,dK_1y,1.5,122.99850165145587,1.0571646276376856
Early sell-off,CAR-target,dK_1y,1.75,123.28497137186376,1.0596268174305552
Early sell-off,CAR-target,dK_1y,2.0,123.30825583423868,1.0598269459659913
Early sell-off,CAR-target,dK_1y,2.25,123.3383049909238,1.060085216636864
Early sell-off,CAR-target,dK_1y,2.5,123.36070855166801,1.0602777738764555
Early sell-off,CAR-target,dK_1y,2.75,123.35948613372754,1.0602672672687368
Early sell-off,CAR-target,dK_1y,3.0,123.36535908499843,1.0603177449270826
Early sell-off,CAR-target,dK_1y,3.25,123.36712056748246,1.0603328847617093
Early sell-off,CAR-target,dK_1y,3.5,123.36795766475163,1.060340079561735
Early sell-off,CAR-target,dK_1y,3.75,123.36797688070065,1.0603402447216461
Early sell-off,CAR-target,dK_1y,4.0,123.36803385429158,1.0603407344061888
Early sell-off,CAR-target,dK_1y,4.25,123.36803166523694,1.0603407155913975
Early sell-off,CAR-target,dK_1y,4.5,123.36805688659895,1.0603409323674673
Early sell-off,CAR-target,dK_1y,4.75,123.36806148117562,1.0603409718575738
Early sell-off,CAR-target,dK_1y,5.0,123.3680762430369,1.0603410987348723
Early sell-off,CAR-target,dK_1y,5.25,123.36807151472786,1.060341058095344
Early sell-off,CAR-target,dK_1y,5.5,123.36807330039137,1.0603410734430132
Early sell-off,CAR-target,dK_1y,5.75,123.36807283210521,1.0603410694181221
Early sell-off,CAR-target,dK_1y,6.0,123.36807122295431,1.0603410555875683
Early sell-off,CAR-target,dK_1y,6.25,96.448656234703,0.8289703239105113
Early sell-off,CAR-target,dK_1y,6.5,67.06766050778072,0.5764424557638462
Early sell-off,CAR-target,dK_1y,6.75,34.999999999999986,0.3008228675188989
Early sell-off,CAR-target,dK_1y,7.0,0.0,0.0
Early sell-off,CAR-target,dK_3y,0.0,416.1480723314555,0.9999999999999976
Early sell-off,CAR-target,dK_3y,0.25,414.6905908869479,0.9964976854600259
Early sell-off,CAR-target,dK_3y,0.5,327.10350396715717,0.7860267191304529
Early sell-off,CAR-target,dK_3y,0.75,296.0458335830736,0.7113954221257979
Early sell-off,CAR-target,dK_3y,1.0,299.89579060791704,0.7206468335363426
Early sell-off,CAR-target,dK_3y,1.25,294.2735917636595,0.7071367412925907
Early sell-off,CAR-target,dK_3y,1.5,269.9486004424287,0.6486840103092395
Early sell-off,CAR-target,dK_3y,1.75,271.3397169596435,0.6520268505377695
Early sell-off,CAR-target,dK_3y,2.0,271.0928210025858,0.6514335618180249
Early sell-off,CAR-target,dK_3y,2.25,271.25492928744126,0.6518231065393238
Early sell-off,CAR-target,dK_3y,2.5,271.5762035938573,0.652595125750217
Early sell-off,CAR-target,dK_3y,2.75,271.4342204703339,0.6522539416069674
Early sell-off,CAR-target,dK_3y,3.0,271.5215149123338,0.6524637093502393
Early sell-off,CAR-target,dK_3y,3.25,271.6039006345174,0.652661681484826
Early sell-off,CAR-target,dK_3y,3.5,271.6929325485952,0.6528756243575611
Early sell-off,CAR-target,dK_3y,3.75,271.6116035194677,0.6526801914466939
Early sell-off,CAR-target,dK_3y,4.0,271.6344693294854,0.6527351377783916
Early sell-off,CAR-target,dK_3y,4.25,258.20539396893867,0.6204651928875965
Early sell-off,CAR-target,dK_3y,4.5,243.61240672842405,0.5853983784271621
Early sell-off,CAR-target,dK_3y,4.75,227.6817007156181,0.547117038029369
Early sell-off,CAR-target,dK_3y,5.0,210.30314231323965,0.5053565216222746
Early sell-off,CAR-target,dK_3y,5.25,191.3335137669497,0.45977267825610646
Early sell-off,CAR-target,dK_3y,5.5,170.6296133629272,0.410021395526309
Early sell-off,CAR-target,dK_3y,5.75,148.03211233502748,0.3557198078695456
Early sell-off,CAR-target,dK_3y,6.0,123.36807122295431,0.29645234334930004
Early sell-off,CAR-target,dK_3y,6.25,96.448656234703,0.23176523609577818
Early sell-off,CAR-target,dK_3y,6.5,67.06766050778072,0.16116297291018614
Early sell-off,CAR-target,dK_3y,6.75,34.999999999999986,0.08410467890410638
Early sell-off,CAR-target,dK_3y,7.0,0.0,0.0
Early sell-off,CAR-target,MtM,0.0,644.18079456557,0.9999999999999984
Early sell-off,CAR-target,MtM,0.25,647.8334430213941,1.005670222531683
Early sell-off,CAR-target,MtM,0.5,659.2977713814955,1.0234669784375041
Early sell-off,CAR-target,MtM,0.75,667.8691361114828,1.0367728155600897
Early sell-off,CAR-target,MtM,1.0,674.5288412035225,1.0471110702057145
Early sell-off,CAR-target,MtM,1.25,632.153907069533,0.9813299502290366
Early sell-off,CAR-target,MtM,1.5,583.0415091044204,0.9050898661106742
Early sell-off,CAR-target,MtM,1.75,575.9944154411227,0.8941502452422033
Early sell-off,CAR-target,MtM,2.0,556.9574119670855,0.8645979772537179
Early sell-off,CAR-target,MtM,2.25,540.4121108702374,0.8389137264402392
Early sell-off,CAR-target,MtM,2.5,527.5406638589168,0.8189326169133696
Early sell-off,CAR-target,MtM,2.75,502.258234261926,0.7796852040592795
Early sell-off,CAR-target,MtM,3.0,483.69614158204655,0.7508701682238855
Early sell-off,CAR-target,MtM,3.25,462.88902257788413,0.7185700450601789
Early sell-off,CAR-target,MtM,3.5,441.99318271460083,0.6861321952522297
Early sell-off,CAR-target,MtM,3.75,413.8030409351415,0.6423709685635787
Early sell-off,CAR-target,MtM,4.0,386.8820234615329,0.6005798787007338
Early sell-off,CAR-target,MtM,4.25,356.9437258340013,0.554104886151908
Early sell-off,CAR-target,MtM,4.5,329.338903148777,0.5112522849596592
Early sell-off,CAR-target,MtM,4.75,298.79172353840556,0.4638320888469016
Early sell-off,CAR-target,MtM,5.0,269.1610236592666,0.41783459850085425
Early sell-off,CAR-target,MtM,5.25,236.08085849098177,0.3664822988865918
Early sell-off,CAR-target,MtM,5.5,203.62067684458876,0.3160924364128373
Early sell-off,CAR-target,MtM,5.75,170.62427475908706,0.26487016719297624
Early sell-off,CAR-target,MtM,6.0,137.2329177670003,0.21303478607981285
Early sell-off,CAR-target,MtM,6.25,103.81338403408807,0.16115566454305544
Early sell-off,CAR-target,MtM,6.5,69.4853075368948,0.10786615826346543
Early sell-off,CAR-target,MtM,6.75,34.8800876708645,0.05414642591818851
Early sell-off,CAR-target,MtM,7.0,0.0,0.0
Early sell-off,CAR-target,V,0.0,251.87082587396654,0.999999999999996
Early sell-off,CAR-target,V,0.25,293.8213810847126,1.1665558329956662
Early sell-off,CAR-target,V,0.5,325.7503021448014,1.2933228809429564
Early sell-off,CAR-target,V,0.75,339.17550421157785,1.3466248146631175
Early sell-off,CAR-target,V,1.0,344.60681431792864,1.3681886860940569
Early sell-off,CAR-target,V,1.25,344.00034222093086,1.3657808165248309
Early sell-off,CAR-target,V,1.5,309.5072165183915,1.2288331347802242
Early sell-off,CAR-target,V,1.75,309.82265708567894,1.230085525033017
Early sell-off,CAR-target,V,2.0,305.41777491110184,1.2125968692536404
Early sell-off,CAR-target,V,2.25,301.9522694434362,1.19883781059474
Early sell-off,CAR-target,V,2.5,299.47944945342596,1.1890200002888824
Early sell-off,CAR-target,V,2.75,292.95148014338906,1.1631020747515144
Early sell-off,CAR-target,V,3.0,288.11600993426543,1.1439038599827138
Early sell-off,CAR-target,V,3.25,282.2111466188199,1.1204598453972363
Early sell-off,CAR-target,V,3.5,275.7709974264426,1.0948905911176643
Early sell-off,CAR-target,V,3.75,266.3901905432675,1.0576460755981532
Early sell-off,CAR-target,V,4.0,256.648517195329,1.0189688158792642
Early sell-off,CAR-target,V,4.25,244.91181718786697,0.9723707235168921
Early sell-off,CAR-target,V,4.5,233.0859473196531,0.9254186010264082
Early sell-off,CAR-target,V,4.75,218.94828219035875,0.8692879829596353
Early sell-off,CAR-target,V,5.0,203.9756308482653,0.8098422282155525
Early sell-off,CAR-target,V,5.25,185.92381700021483,0.7381713080706234
Early sell-off,CAR-target,V,5.5,166.54801487063037,0.6612437716544771
Early sell-off,CAR-target,V,5.75,145.102866857883,0.5761003337897115
Early sell-off,CAR-target,V,6.0,121.45630144888,0.48221663238462936
Early sell-off,CAR-target,V,6.25,95.58595774056572,0.3795038881890812
Early sell-off,CAR-target,V,6.5,66.7328067027799,0.2649485365016908
Early sell-off,CAR-target,V,6.75,34.999999999999986,0.13896011925380145
Early sell-off,CAR-target,V,7.0,0.0,0.0
Early sell-off,MtM-band,dK_0.5y,0.0,42.962365695779006,0.9999999999999767
Early sell-off,MtM-band,dK_0.5y,0.25,-33.00727888969142,-0.7682835513160201
Early sell-off,MtM-band,dK_0.5y,0.5,21.57582746045584,0.5022029655730791
Early sell-off,MtM-band,dK_0.5y,0.75,18.539528439364965,0.4315295058620577
Early sell-off,MtM-band,dK_0.5y,1.0,11.412167526635852,0.2656317300459275
Early sell-off,MtM-band,dK_0.5y,1.25,21.083104378761433,0.49073425164835205
Early sell-off,MtM-band,dK_0.5y,1.5,16.125486553880933,0.3753398187629333
Early sell-off,MtM-band,dK_0.5y,1.75,-12.366862562528599,-0.2878533889427634
Early sell-off,MtM-band,dK_0.5y,2.0,-14.247167259966808,-0.3316197101633591
Early sell-off,MtM-band,dK_0.5y,2.25,8.826897967414972,0.2054565158240808
Early sell-off,MtM-band,dK_0.5y,2.5,9.511254359501345,0.22138572225866954
Early sell-off,MtM-band,dK_0.5y,2.75,9.544411839078354,0.2221575019090687
Early sell-off,MtM-band,dK_0.5y,3.0,9.581094358254385,0.2230113310356066
Early sell-off,MtM-band,dK_0.5y,3.25,9.58109435825439,0.22301133103560672
Early sell-off,MtM-band,dK_0.5y,3.5,9.581094358254388,0.2230113310356067
Early sell-off,MtM-band,dK_0.5y,3.75,9.581094358254386,0.22301133103560664
Early sell-off,MtM-band,dK_0.5y,4.0,9.581094358254395,0.22301133103560686
Early sell-off,MtM-band,dK_0.5y,4.25,9.581094358254393,0.2230113310356068
Early sell-off,MtM-band,dK_0.5y,4.5,9.581094358254392,0.22301133103560677
Early sell-off,MtM-band,dK_0.5y,4.75,9.581094358254386,0.22301133103560664
Early sell-off,MtM-band,dK_0.5y,5.0,9.581094358254385,0.2230113310356066
Early sell-off,MtM-band,dK_0.5y,5.25,9.581094358254383,0.22301133103560655
Early sell-off,MtM-band,dK_0.5y,5.5,9.581094358254381,0.22301133103560652
Early sell-off,MtM-band,dK_0.5y,5.75,9.581094358254383,0.22301133103560655
Early sell-off,MtM-band,dK_0.5y,6.0,9.581094358254383,0.22301133103560655
Early sell-off,MtM-band,dK_0.5y,6.25,9.58109435825439,0.22301133103560672
Early sell-off,MtM-band,dK_0.5y,6.5,9.581094358254386,0.22301133103560664
Early sell-off,MtM-band,dK_0.5y,6.75,5.000000000000001,0.11638092826185145
Early sell-off,MtM-band,dK_0.5y,7.0,0.0,0.0
Early sell-off,MtM-band,dK_1y,0.0,74.62998238932434,0.9999999999999867
Early sell-off,MtM-band,dK_1y,0.25,-34.44579492320278,-0.46155437560614676
Early sell-off,MtM-band,dK_1y,0.5,22.96546161628763,0.3077243338539563
Early sell-off,MtM-band,dK_1y,0.75,12.613583492456089,0.16901496005525343
Early sell-off,MtM-band,dK_1y,1.0,2.8070638466336177,0.03761308467138436
Early sell-off,MtM-band,dK_1y,1.25,7.95213513902191,0.10655416073311763
Early sell-off,MtM-band,dK_1y,1.5,4.68489287429013,0.06277494278171278
Early sell-off,MtM-band,dK_1y,1.75,-9.14163474263449,-0.1224927897603532
Early sell-off,MtM-band,dK_1y,2.0,-10.04268895399164,-0.13456641194957714
Early sell-off,MtM-band,dK_1y,2.25,15.5561199428825,0.20844330180503381
Early sell-off,MtM-band,dK_1y,2.5,17.41334315438752,0.2333290535102448
Early sell-off,MtM-band,dK_1y,2.75,17.50086818142969,0.23450183989233958
Early sell-off,MtM-band,dK_1y,3.0,17.6201187314892,0.23609973052880534
Early sell-off,MtM-band,dK_1y,3.25,17.62368471596421,0.23614751272519402
Early sell-off,MtM-band,dK_1y,3.5,17.62399395210736,0.2361516563164592
Early sell-off,MtM-band,dK_1y,3.75,17.623996697242937,0.23615169309973974
Early sell-off,MtM-band,dK_1y,4.0,17.624004836327376,0.23615180215891646
Early sell-off,MtM-band,dK_1y,4.25,17.624004523605283,0.2361517979686154
Early sell-off,MtM-band,dK_1y,4.5,17.624008126656996,0.23615184624749205
Early sell-off,MtM-band,dK_1y,4.75,17.624008783025086,0.23615185504245714
Early sell-off,MtM-band,dK_1y,5.0,17.624010891862422,0.23615188329969733
Early sell-off,MtM-band,dK_1y,5.25,17.6240102163897,0.23615187424874082
Early sell-off,MtM-band,dK_1y,5.5,17.62401047148449,0.23615187766686827
Early sell-off,MtM-band,dK_1y,5.75,17.624010404586468,0.2361518767704722
Early sell-off,MtM-band,dK_1y,6.0,17.624010174707763,0.23615187369022622
Early sell-off,MtM-band,dK_1y,6.25,13.778379462100428,0.18462257421182526
Early sell-off,MtM-band,dK_1y,6.5,9.581094358254386,0.1283813026817063
Early sell-off,MtM-band,dK_1y,6.75,5.000000000000001,0.06699720192772246
Early sell-off,MtM-band,dK_1y,7.0,0.0,0.0
Early sell-off,MtM-band,dK_3y,0.0,133.75837917615615,0.9999999999999926
Early sell-off,MtM-band,dK_3y,0.25,42.008533337234574,0.3140628168192003
Early sell-off,MtM-band,dK_3y,0.5,60.35886641975328,0.4512529741427402
Early sell-off,MtM-band,dK_3y,0.75,39.4672785304232,0.29506397112098354
Early sell-off,MtM-band,dK_3y,1.0,31.396209752694396,0.23472331188572648
Early sell-off,MtM-band,dK_3y,1.25,22.291012448877865,0.16665133493821005
Early sell-off,MtM-band,dK_3y,1.5,13.643029159081168,0.10199756638134473
Early sell-off,MtM-band,dK_3y,1.75,-1.1846859284812106,-0.00885691001773431
Early sell-off,MtM-band,dK_3y,2.0,0.7651823108189886,0.005720630853423086
Early sell-off,MtM-band,dK_3y,2.25,33.40296741360849,0.2497261675817516
Early sell-off,MtM-band,dK_3y,2.5,38.15914865167451,0.28528417349779384
Early sell-off,MtM-band,dK_3y,2.75,38.42022338065012,0.2872360118094093
Early sell-off,MtM-band,dK_3y,3.0,38.76249063907221,0.28979485904223445
Early sell-off,MtM-band,dK_3y,3.25,38.78343774769559,0.28995146312754405
Early sell-off,MtM-band,dK_3y,3.5,38.789850406507284,0.28999940523667544
Early sell-off,MtM-band,dK_3y,3.75,38.79007710147647,0.29000110004615637
Early sell-off,MtM-band,dK_3y,4.0,38.79144451171565,0.2900113230336627
Early sell-off,MtM-band,dK_3y,4.25,36.88254922996977,0.27574010284167827
Early sell-off,MtM-band,dK_3y,4.5,34.80007169215073,0.2601711526895801
Early sell-off,MtM-band,dK_3y,4.75,32.52572353139233,0.2431677456898352
Early sell-off,MtM-band,dK_3y,5.0,30.04327551521631,0.2246085493877726
Early sell-off,MtM-band,dK_3y,5.25,27.333359114606406,0.20434876142307998
Early sell-off,MtM-band,dK_3y,5.5,24.375659051846736,0.18223650138392058
Early sell-off,MtM-band,dK_3y,5.75,21.147444619289647,0.15810183070055656
Early sell-off,MtM-band,dK_3y,6.0,17.624010174707763,0.13176004586222811
Early sell-off,MtM-band,dK_3y,6.25,13.778379462100428,0.10300946787008068
Early sell-off,MtM-band,dK_3y,6.5,9.581094358254386,0.07162986287114226
Early sell-off,MtM-band,dK_3y,6.75,5.000000000000001,0.0373808357337756
Early sell-off,MtM-band,dK_3y,7.0,0.0,0.0
Early sell-off,MtM-band,MtM,0.0,644.18079456557,0.9999999999999984
Early sell-off,MtM-band,MtM,0.25,588.9394936558128,0.9142456568469846
Early sell-off,MtM-band,MtM,0.5,494.47332853612164,0.7676002338281281
Early sell-off,MtM-band,MtM,0.75,410.9963914532202,0.6380140403446707
Early sell-off,MtM-band,MtM,1.0,349.26336839048776,0.542182212411389
Early sell-off,MtM-band,MtM,1.25,270.9231030297999,0.4205699786695872
Early sell-off,MtM-band,MtM,1.5,208.22911039443585,0.32324638075381223
Early sell-off,MtM-band,MtM,1.75,164.56983298317792,0.2554714986406295
Early sell-off,MtM-band,MtM,2.0,119.34801685008975,0.1852709951257967
Early sell-off,MtM-band,MtM,2.25,77.20173012431962,0.11984481806289132
Early sell-off,MtM-band,MtM,2.5,75.36295197984526,0.1169903738447671
Early sell-off,MtM-band,MtM,2.75,71.75117632313228,0.11138360057989706
Early sell-off,MtM-band,MtM,3.0,69.09944879743522,0.1072671668891265
Early sell-off,MtM-band,MtM,3.25,66.12700322541203,0.10265286358002555
Early sell-off,MtM-band,MtM,3.5,63.141883244942974,0.09801888503603282
Early sell-off,MtM-band,MtM,3.75,59.114720133591646,0.09176728122336839
Early sell-off,MtM-band,MtM,4.0,55.26886049450471,0.08579712552867626
Early sell-off,MtM-band,MtM,4.25,50.991960833428756,0.07915784087884399
Early sell-off,MtM-band,MtM,4.5,47.048414735539566,0.07303604070852274
Early sell-off,MtM-band,MtM,4.75,42.68453193405794,0.0662617269781288
Early sell-off,MtM-band,MtM,5.0,38.45157480846666,0.059690656928693464
Early sell-off,MtM-band,MtM,5.25,33.72583692728311,0.05235461412665597
Early sell-off,MtM-band,MtM,5.5,29.088668120655537,0.04515606234469104
Early sell-off,MtM-band,MtM,5.75,24.374896394155293,0.03783859531328232
Early sell-off,MtM-band,MtM,6.0,19.6047025381429,0.030433540868544696
Early sell-off,MtM-band,MtM,6.25,14.830483433441152,0.023022237791865064
Early sell-off,MtM-band,MtM,6.5,9.926472505270684,0.015409451180495061
Early sell-off,MtM-band,MtM,6.75,4.982869667266357,0.007735203702598358
Early sell-off,MtM-band,MtM,7.0,0.0,0.0
Early sell-off,MtM-band,V,0.0,251.87082587396654,0.999999999999996
Early sell-off,MtM-band,V,0.25,264.90921301476465,1.0517661666274971
Early sell-off,MtM-band,V,0.5,258.47608070626546,1.0262247714056534
Early sell-off,MtM-band,V,0.75,247.00176858422347,0.9806684348103878
Early sell-off,MtM-band,V,1.0,222.48617195392407,0.8833344282011164
Early sell-off,MtM-band,V,1.25,224.1180928035762,0.8898136257977
Early sell-off,MtM-band,V,1.5,212.21962369303876,0.8425732633251869
Early sell-off,MtM-band,V,1.75,186.3892916674302,0.7400193770782197
Early sell-off,MtM-band,V,2.0,161.24123168153838,0.6401743080884689
Early sell-off,MtM-band,V,2.25,132.26437441605077,0.5251278069109676
Early sell-off,MtM-band,V,2.5,114.13305890424115,0.45314124217527146
Early sell-off,MtM-band,V,2.75,109.4733744387488,0.4346409476321314
Early sell-off,MtM-band,V,3.0,93.94604892609766,0.3729929760626857
Early sell-off,MtM-band,V,3.25,84.32462371695362,0.33479313622113754
Early sell-off,MtM-band,V,3.5,74.38372493683761,0.29532489393614064
Early sell-off,MtM-band,V,3.75,69.66114014100623,0.2765748668957144
Early sell-off,MtM-band,V,4.0,63.17238051802356,0.25081261515231656
Early sell-off,MtM-band,V,4.25,58.504784194980765,0.23228090824721281
Early sell-off,MtM-band,V,4.5,47.59073739710456,0.18894898697365717
Early sell-off,MtM-band,V,4.75,40.02250390010872,0.15890091185128122
Early sell-off,MtM-band,V,5.0,31.20091866229869,0.12387666794689105
Early sell-off,MtM-band,V,5.25,27.940215574803833,0.1109307339500475
Early sell-off,MtM-band,V,5.5,24.159453420796737,0.09592001509887363
Early sell-off,MtM-band,V,5.75,20.78279527126736,0.08251370598064726
Early sell-off,MtM-band,V,6.0,17.352701507429515,0.06889524202422932
Early sell-off,MtM-band,V,6.25,13.65513682008082,0.05421484116986876
Early sell-off,MtM-band,V,6.5,9.533258100397124,0.03784979092881295
Early sell-off,MtM-band,V,6.75,5.000000000000001,0.01985144560768593
Early sell-off,MtM-band,V,7.0,0.0,0.0
Early sell-off,0.5y-greedy,dK_0.5y,0.0,47.90547179127196,0.9999999999999791
Early sell-off,0.5y-greedy,dK_0.5y,0.25,47.90547179127195,0.9999999999999789
Early sell-off,0.5y-greedy,dK_0.5y,0.5,47.90547179127195,0.9999999999999789
Early sell-off,0.5y-greedy,dK_0.5y,0.75,47.90547179127197,0.9999999999999793
Early sell-off,0.5y-greedy,dK_0.5y,1.0,47.90547179127195,0.9999999999999789
Early sell-off,0.5y-greedy,dK_0.5y,1.25,47.894449643269766,0.9997699188090409
Early sell-off,0.5y-greedy,dK_0.5y,1.5,47.927114104546945,1.0004517712166219
Early sell-off,0.5y-greedy,dK_0.5y,1.75,46.08996512955498,0.9621023112009366
Early sell-off,0.5y-greedy,dK_0.5y,2.0,46.32166551147274,0.9669389274214654
Early sell-off,0.5y-greedy,dK_0.5y,2.25,47.828912007822005,0.9984018572286579
Early sell-off,0.5y-greedy,dK_0.5y,2.5,47.8275868536206,0.9983741953739291
Early sell-off,0.5y-greedy,dK_0.5y,2.75,47.84068080085726,0.998647524218152
Early sell-off,0.5y-greedy,dK_0.5y,3.0,47.83130325181181,0.9984517731130109
Early sell-off,0.5y-greedy,dK_0.5y,3.25,47.905471791271964,0.9999999999999792
Early sell-off,0.5y-greedy,dK_0.5y,3.5,47.90547179127192,0.9999999999999784
Early sell-off,0.5y-greedy,dK_0.5y,3.75,47.90547179127192,0.9999999999999784
Early sell-off,0.5y-greedy,dK_0.5y,4.0,47.90547179127194,0.9999999999999788
Early sell-off,0.5y-greedy,dK_0.5y,4.25,47.905471791271935,0.9999999999999787
Early sell-off,0.5y-greedy,dK_0.5y,4.5,47.90547179127195,0.9999999999999789
Early sell-off,0.5y-greedy,dK_0.5y,4.75,47.90547179127195,0.9999999999999789
Early sell-off,0.5y-greedy,dK_0.5y,5.0,47.90547179127194,0.9999999999999788
Early sell-off,0.5y-greedy,dK_0.5y,5.25,47.90547179127194,0.9999999999999788
Early sell-off,0.5y-greedy,dK_0.5y,5.5,47.90547179127193,0.9999999999999785
Early sell-off,0.5y-greedy,dK_0.5y,5.75,47.905471791271935,0.9999999999999787
Early sell-off,0.5y-greedy,dK_0.5y,6.0,47.905471791271935,0.9999999999999787
Early sell-off,0.5y-greedy,dK_0.5y,6.25,47.90547179127195,0.9999999999999789
Early sell-off,0.5y-greedy,dK_0.5y,6.5,47.90547179127195,0.9999999999999789
Early sell-off,0.5y-greedy,dK_0.5y,6.75,25.000000000000007,0.5218610539715905
Early sell-off,0.5y-greedy,dK_0.5y,7.0,0.0,0.0
Early sell-off,0.5y-greedy,dK_1y,0.0,88.5232948237741,0.9999999999999888
Early sell-off,0.5y-greedy,dK_1y,0.25,88.14204250969314,0.9956931978770005
Early sell-off,0.5y-greedy,dK_1y,0.5,88.11038447818531,0.9953355741399846
Early sell-off,0.5y-greedy,dK_1y,0.75,88.10434178961209,0.9952673131406031
Early sell-off,0.5y-greedy,dK_1y,1.0,88.10663583841838,0.9952932277748342
Early sell-off,0.5y-greedy,dK_1y,1.25,87.98891915240362,0.9939634457524965
Early sell-off,0.5y-greedy,dK_1y,1.5,104.29712947324546,1.1781885172809217
Early sell-off,0.5y-greedy,dK_1y,1.75,89.5108520753336,1.011155902562421
Early sell-off,0.5y-greedy,dK_1y,2.0,89.16900844736254,1.007294279148476
Early sell-off,0.5y-greedy,dK_1y,2.25,87.84076639409622,0.9922898438084846
Early sell-off,0.5y-greedy,dK_1y,2.5,88.14818489294387,0.9957625850734775
Early sell-off,0.5y-greedy,dK_1y,2.75,88.14636442039176,0.9957420201752127
Early sell-off,0.5y-greedy,dK_1y,3.0,88.07444232636135,0.9949295550023609
Early sell-off,0.5y-greedy,dK_1y,3.25,88.05689137365192,0.9947312913391707
Early sell-off,0.5y-greedy,dK_1y,3.5,88.10873889828417,0.9953169849098344
Early sell-off,0.5y-greedy,dK_1y,3.75,88.1091216432272,0.995321308573383
Early sell-off,0.5y-greedy,dK_1y,4.0,88.10846090621945,0.9953138445831523
Early sell-off,0.5y-greedy,dK_1y,4.25,88.10870689365943,0.9953166233708203
Early sell-off,0.5y-greedy,dK_1y,4.5,88.11123533140955,0.9953451857707529
Early sell-off,0.5y-greedy,dK_1y,4.75,88.11306956844054,0.9953659061589246
Early sell-off,0.5y-greedy,dK_1y,5.0,88.11900838011353,0.9954329937168924
Early sell-off,0.5y-greedy,dK_1y,5.25,88.11725073331954,0.9954131385273913
Early sell-off,0.5y-greedy,dK_1y,5.5,88.11799567271855,0.9954215537067008
Early sell-off,0.5y-greedy,dK_1y,5.75,88.11780031406617,0.9954193468451876
Early sell-off,0.5y-greedy,dK_1y,6.0,88.12011461166612,0.9954454902191385
Early sell-off,0.5y-greedy,dK_1y,6.25,68.89189731050215,0.778234671988277
Early sell-off,0.5y-greedy,dK_1y,6.5,47.90547179127195,0.5411623221507766
Early sell-off,0.5y-greedy,dK_1y,6.75,25.000000000000007,0.28241153980732364
Early sell-off,0.5y-greedy,dK_1y,7.0,0.0,0.0
Early sell-off,0.5y-greedy,dK_3y,0.0,222.2225160957625,0.9999999999999956
Early sell-off,0.5y-greedy,dK_3y,0.25,203.06911579807854,0.9138098126409878
Early sell-off,0.5y-greedy,dK_3y,0.5,197.74412151393796,0.8898473700510305
Early sell-off,0.5y-greedy,dK_3y,0.75,196.06460079174482,0.882289536795874
Early sell-off,0.5y-greedy,dK_3y,1.0,195.5337102927084,0.879900532709503
Early sell-off,0.5y-greedy,dK_3y,1.25,201.24744978135436,0.9056123264063384
Early sell-off,0.5y-greedy,dK_3y,1.5,274.70091682629305,1.2361524909920234
Early sell-off,0.5y-greedy,dK_3y,1.75,215.4139355524998,0.9693614280727086
Early sell-off,0.5y-greedy,dK_3y,2.0,212.5873101390475,0.9566416305332271
Early sell-off,0.5y-greedy,dK_3y,2.25,203.03282863561353,0.9136465206258376
Early sell-off,0.5y-greedy,dK_3y,2.5,198.66561644640524,0.8939940917633803
Early sell-off,0.5y-greedy,dK_3y,2.75,199.09114747807953,0.8959089788736087
Early sell-off,0.5y-greedy,dK_3y,3.0,196.8088053449934,0.8856384528567823
Early sell-off,0.5y-greedy,dK_3y,3.25,195.50361697642083,0.8797651129652921
Early sell-off,0.5y-greedy,dK_3y,3.5,194.71828975050317,0.8762311451220911
Early sell-off,0.5y-greedy,dK_3y,3.75,194.68317884810534,0.8760731462702435
Early sell-off,0.5y-greedy,dK_3y,4.0,194.5081460769309,0.8752854998415665
Early sell-off,0.5y-greedy,dK_3y,4.25,184.85194946280933,0.8318326725413825
Early sell-off,0.5y-greedy,dK_3y,4.5,174.17890864591297,0.7838040523798819
Early sell-off,0.5y-greedy,dK_3y,4.75,162.7255833747063,0.7322641568174043
Early sell-off,0.5y-greedy,dK_3y,5.0,150.239969172548,0.6760789672087247
Early sell-off,0.5y-greedy,dK_3y,5.25,136.68222369408636,0.6150691932368598
Early sell-off,0.5y-greedy,dK_3y,5.5,121.88306106978803,0.548473049496318
Early sell-off,0.5y-greedy,dK_3y,5.75,105.73834144047085,0.47582190724050877
Early sell-off,0.5y-greedy,dK_3y,6.0,88.12011461166612,0.39653999135574575
Early sell-off,0.5y-greedy,dK_3y,6.25,68.89189731050215,0.3100131279263088
Early sell-off,0.5y-greedy,dK_3y,6.5,47.90547179127195,0.21557433797855027
Early sell-off,0.5y-greedy,dK_3y,6.75,25.000000000000007,0.1124998512267165
Early sell-off,0.5y-greedy,dK_3y,7.0,0.0,0.0
Early sell-off,0.5y-greedy,MtM,0.0,644.18079456557,0.9999999999999984
Early sell-off,0.5y-greedy,MtM,0.25,588.9394936558128,0.9142456568469846
Early sell-off,0.5y-greedy,MtM,0.5,549.4148094845796,0.8528891486979201
Early sell-off,0.5y-greedy,MtM,0.75,513.7454893165253,0.7975175504308384
Early sell-off,0.5y-greedy,MtM,1.0,498.94766912926826,0.7745460177305558
Early sell-off,0.5y-greedy,MtM,1.25,451.53850504966647,0.7009499644493119
Early sell-off,0.5y-greedy,MtM,1.5,416.4582207888717,0.6464927615076245
Early sell-off,0.5y-greedy,MtM,1.75,411.4245824579448,0.6386787466015738
Early sell-off,0.5y-greedy,MtM,2.0,397.8267228336325,0.6175699837526557
Early sell-off,0.5y-greedy,MtM,2.25,386.0086506215981,0.5992240903144566
Early sell-off,0.5y-greedy,MtM,2.5,376.81475989922626,0.5849518692238355
Early sell-off,0.5y-greedy,MtM,2.75,358.75588161566145,0.5569180028994853
Early sell-off,0.5y-greedy,MtM,3.0,345.4972439871761,0.5363358344456325
Early sell-off,0.5y-greedy,MtM,3.25,330.6350161270601,0.5132643179001277
Early sell-off,0.5y-greedy,MtM,3.5,315.7094162247149,0.49009442518016416
Early sell-off,0.5y-greedy,MtM,3.75,295.5736006679582,0.45883640611684184
Early sell-off,0.5y-greedy,MtM,4.0,276.3443024725235,0.4289856276433813
Early sell-off,0.5y-greedy,MtM,4.25,254.9598041671438,0.39578920439422
Early sell-off,0.5y-greedy,MtM,4.5,235.24207367769785,0.3651802035426137
Early sell-off,0.5y-greedy,MtM,4.75,213.42265967028968,0.33130863489064394
Early sell-off,0.5y-greedy,MtM,5.0,192.2578740423333,0.2984532846434673
Early sell-off,0.5y-greedy,MtM,5.25,168.62918463641554,0.26177307063327987
Early sell-off,0.5y-greedy,MtM,5.5,145.44334060327768,0.2257803117234552
Early sell-off,0.5y-greedy,MtM,5.75,121.87448197077646,0.18919297656641157
Early sell-off,0.5y-greedy,MtM,6.0,98.0235126907145,0.15216770434272348
Early sell-off,0.5y-greedy,MtM,6.25,74.15241716720577,0.11511118895932533
Early sell-off,0.5y-greedy,MtM,6.5,49.632362526353425,0.07704725590247531
Early sell-off,0.5y-greedy,MtM,6.75,24.914348336331784,0.03867601851299179
Early sell-off,0.5y-greedy,MtM,7.0,0.0,0.0
Early sell-off,0.5y-greedy,V,0.0,251.87082587396654,0.999999999999996
Early sell-off,0.5y-greedy,V,0.25,264.90921301476465,1.0517661666274971
Early sell-off,0.5y-greedy,V,0.5,277.84629290669835,1.103130114186899
Early sell-off,0.5y-greedy,V,0.75,288.1976233447037,1.1442278888183484
Early sell-off,0.5y-greedy,V,1.0,284.4571350215206,1.1293770687195777
Early sell-off,0.5y-greedy,V,1.25,286.2459444203198,1.1364791592161336
Early sell-off,0.5y-greedy,V,1.5,285.37697798843976,1.1330291112446593
Early sell-off,0.5y-greedy,V,1.75,280.6019788128102,1.1140709839623082
Early sell-off,0.5y-greedy,V,2.0,275.7506734081443,1.0948098988889086
Early sell-off,0.5y-greedy,V,2.25,268.8419328499036,1.0673802014070028
Early sell-off,0.5y-greedy,V,2.5,263.0911893344612,1.0445480869868913
Early sell-off,0.5y-greedy,V,2.75,257.1408139725621,1.0209233764184804
Early sell-off,0.5y-greedy,V,3.0,250.13553193217697,0.9931103813402395
Early sell-off,0.5y-greedy,V,3.25,241.45470045671365,0.9586449705673099
Early sell-off,0.5y-greedy,V,3.5,230.4300965844658,0.9148741057440675
Early sell-off,0.5y-greedy,V,3.75,221.11972616786016,0.8779092433615365
Early sell-off,0.5y-greedy,V,4.0,209.6184337711146,0.8322457872751193
Early sell-off,0.5y-greedy,V,4.25,198.4308696681416,0.7878279232205857
Early sell-off,0.5y-greedy,V,4.5,180.83123064595492,0.7179522678678165
Early sell-off,0.5y-greedy,V,4.75,165.15892993826503,0.6557287028586158
Early sell-off,0.5y-greedy,V,5.0,147.77740932222446,0.5867190406409757
Early sell-off,0.5y-greedy,V,5.25,134.18448580278513,0.5327512042618587
Early sell-off,0.5y-greedy,V,5.5,119.32997742713849,0.47377451125224584
Early sell-off,0.5y-greedy,V,5.75,103.6987192277436,0.41171389686724935
Early sell-off,0.5y-greedy,V,6.0,86.75630233536093,0.34444760338687463
Early sell-off,0.5y-greedy,V,6.25,68.27568410040409,0.2710742058493438
Early sell-off,0.5y-greedy,V,6.5,47.666290501985614,0.18924895464406477
Early sell-off,0.5y-greedy,V,6.75,25.000000000000007,0.09925722803842967
Early sell-off,0.5y-greedy,V,7.0,0.0,0.0
Early sell-off,Optimal V,dK_0.5y,0.0,59.62890661504572,0.9999999999999832
Early sell-off,Optimal V,dK_0.5y,0.25,46.945137765692195,0.7872882538122221
Early sell-off,Optimal V,dK_0.5y,0.5,32.01615708854409,0.5369234303629702
Early sell-off,Optimal V,dK_0.5y,0.75,49.39041081450114,0.8282964357095555
Early sell-off,Optimal V,dK_0.5y,1.0,50.52365451640378,0.8473013741904614
Early sell-off,Optimal V,dK_0.5y,1.25,58.50865134996068,0.981212882665815
Early sell-off,Optimal V,dK_0.5y,1.5,60.95270306024682,1.0222005822401923
Early sell-off,Optimal V,dK_0.5y,1.75,63.24788839934121,1.0606917347597529
Early sell-off,Optimal V,dK_0.5y,2.0,65.67108270071041,1.1013296474589225
Early sell-off,Optimal V,dK_0.5y,2.25,67.06766050778066,1.1247508014989636
Early sell-off,Optimal V,dK_0.5y,2.5,67.06766050778069,1.1247508014989642
Early sell-off,Optimal V,dK_0.5y,2.75,67.06766050778069,1.1247508014989642
Early sell-off,Optimal V,dK_0.5y,3.0,67.06766050778066,1.1247508014989636
Early sell-off,Optimal V,dK_0.5y,3.25,67.06766050778072,1.1247508014989647
Early sell-off,Optimal V,dK_0.5y,3.5,67.06766050778066,1.1247508014989636
Early sell-off,Optimal V,dK_0.5y,3.75,67.06766050778064,1.1247508014989633
Early sell-off,Optimal V,dK_0.5y,4.0,67.06766050778069,1.1247508014989642
Early sell-off,Optimal V,dK_0.5y,4.25,67.06766050778069,1.1247508014989642
Early sell-off,Optimal V,dK_0.5y,4.5,67.06766050778072,1.1247508014989647
Early sell-off,Optimal V,dK_0.5y,4.75,67.06766050778072,1.1247508014989647
Early sell-off,Optimal V,dK_0.5y,5.0,67.06766050778072,1.1247508014989647
Early sell-off,Optimal V,dK_0.5y,5.25,67.0676605077807,1.1247508014989644
Early sell-off,Optimal V,dK_0.5y,5.5,67.0676605077807,1.1247508014989644
Early sell-off,Optimal V,dK_0.5y,5.75,67.0676605077807,1.1247508014989644
Early sell-off,Optimal V,dK_0.5y,6.0,67.0676605077807,1.1247508014989644
Early sell-off,Optimal V,dK_0.5y,6.25,67.06766050778073,1.124750801498965
Early sell-off,Optimal V,dK_0.5y,6.5,67.06766050778072,1.1247508014989647
Early sell-off,Optimal V,dK_0.5y,6.75,34.999999999999986,0.586963638725653
Early sell-off,Optimal V,dK_0.5y,7.0,0.0,0.0
Early sell-off,Optimal V,dK_1y,0.0,101.71408819334584,0.9999999999999902
Early sell-off,Optimal V,dK_1y,0.25,88.3403306222023,0.8685161730425921
Early sell-off,Optimal V,dK_1y,0.5,79.6364820962857,0.782944462372861
Early sell-off,Optimal V,dK_1y,0.75,94.13566318303316,0.9254928678522099
Early sell-off,Optimal V,dK_1y,1.0,97.38700244289367,0.9574583439982486
Early sell-off,Optimal V,dK_1y,1.25,107.40075285811687,1.0559083285882713
Early sell-off,Optimal V,dK_1y,1.5,114.34093035823614,1.1241405432538225
Early sell-off,Optimal V,dK_1y,1.75,119.0468567993323,1.1704067638402051
Early sell-off,Optimal V,dK_1y,2.0,122.00527837673987,1.1994924257180755
Early sell-off,Optimal V,dK_1y,2.25,123.35707184003951,1.2127825558004495
Early sell-off,Optimal V,dK_1y,2.5,123.38392737635598,1.2130465854623527
Early sell-off,Optimal V,dK_1y,2.75,123.38059557912094,1.2130138289652515
Early sell-off,Optimal V,dK_1y,3.0,123.3869274656023,1.2130760807790744
Early sell-off,Optimal V,dK_1y,3.25,123.40453442876237,1.213249183281125
Early sell-off,Optimal V,dK_1y,3.5,123.51741353831224,1.2143589519626796
Early sell-off,Optimal V,dK_1y,3.75,123.45688336727756,1.2137638508109136
Early sell-off,Optimal V,dK_1y,4.0,123.55882787492796,1.2147661161751435
Early sell-off,Optimal V,dK_1y,4.25,123.43674113859517,1.2135658228971786
Early sell-off,Optimal V,dK_1y,4.5,123.53560790847253,1.2145378295447675
Early sell-off,Optimal V,dK_1y,4.75,123.4482178150703,1.2136786556097259
Early sell-off,Optimal V,dK_1y,5.0,123.45678039849051,1.2137628384753674
Early sell-off,Optimal V,dK_1y,5.25,123.38149622911837,1.2130226836874776
Early sell-off,Optimal V,dK_1y,5.5,123.36963893735476,1.212906108963423
Early sell-off,Optimal V,dK_1y,5.75,123.36807424789092,1.212890725750619
Early sell-off,Optimal V,dK_1y,6.0,123.36807122295431,1.212890696011016
Early sell-off,Optimal V,dK_1y,6.25,96.44865623470301,0.9482330122388273
Early sell-off,Optimal V,dK_1y,6.5,67.06766050778072,0.659374347241778
Early sell-off,Optimal V,dK_1y,6.75,34.999999999999986,0.3441017918134309
Early sell-off,Optimal V,dK_1y,7.0,0.0,0.0
Early sell-off,Optimal V,dK_3y,0.0,208.16107327120125,0.9999999999999952
Early sell-off,Optimal V,dK_3y,0.25,211.2244184663171,1.0147162250221673
Early sell-off,Optimal V,dK_3y,0.5,225.00051630905915,1.0808962154798158
Early sell-off,Optimal V,dK_3y,0.75,242.81627264308793,1.1664826128501713
Early sell-off,Optimal V,dK_3y,1.0,250.6988104149683,1.204350104826496
Early sell-off,Optimal V,dK_3y,1.25,261.30181750572996,1.2552866556625282
Early sell-off,Optimal V,dK_3y,1.5,263.0684022071412,1.2637732793796805
Early sell-off,Optimal V,dK_3y,1.75,268.0320825151473,1.2876186613716303
Early sell-off,Optimal V,dK_3y,2.0,270.4233155086273,1.2991060780913002
Early sell-off,Optimal V,dK_3y,2.25,271.8045720507616,1.3057415960602852
Early sell-off,Optimal V,dK_3y,2.5,272.0801406685081,1.3070654200270624
Early sell-off,Optimal V,dK_3y,2.75,271.7935973429294,1.3056888738694368
Early sell-off,Optimal V,dK_3y,3.0,271.7746617433451,1.3055979077762732
Early sell-off,Optimal V,dK_3y,3.25,271.68704653572627,1.3051770067584123
Early sell-off,Optimal V,dK_3y,3.5,271.5496324263895,1.304516873203289
Early sell-off,Optimal V,dK_3y,3.75,271.3962262689564,1.3037799142943907
Early sell-off,Optimal V,dK_3y,4.0,271.30449219582863,1.3033392263613097
Early sell-off,Optimal V,dK_3y,4.25,258.05913299290546,1.2397088895515715
Early sell-off,Optimal V,dK_3y,4.5,243.50154587367467,1.1697746463693006
Early sell-off,Optimal V,dK_3y,4.75,227.63772456602362,1.0935652905163795
Early sell-off,Optimal V,dK_3y,5.0,210.26892578965885,1.0101260648080461
Early sell-off,Optimal V,dK_3y,5.25,191.32980653322642,0.9191430632371537
Early sell-off,Optimal V,dK_3y,5.5,170.62920856790035,0.8196979669949934
Early sell-off,Optimal V,dK_3y,5.75,148.0321122748026,0.7111421455919343
Early sell-off,Optimal V,dK_3y,6.0,123.36807122295431,0.5926567791194296
Early sell-off,Optimal V,dK_3y,6.25,96.44865623470301,0.46333665905462096
Early sell-off,Optimal V,dK_3y,6.5,67.06766050778072,0.32219117366099354
Early sell-off,Optimal V,dK_3y,6.75,34.999999999999986,0.1681390254670733
Early sell-off,Optimal V,dK_3y,7.0,0.0,0.0
Early sell-off,Optimal V,MtM,0.0,644.18079456557,0.9999999999999984
Early sell-off,Optimal V,MtM,0.25,588.9394936558128,0.9142456568469846
Early sell-off,Optimal V,MtM,0.5,549.4148094845796,0.8528891486979201
Early sell-off,Optimal V,MtM,0.75,539.4327637823516,0.8373934279523804
Early sell-off,Optimal V,MtM,1.0,548.8424360421951,0.8520006195036114
Early sell-off,Optimal V,MtM,1.25,519.2692808071165,0.8060924591167088
Early sell-off,Optimal V,MtM,1.5,499.7498649466461,0.7757913138091495
Early sell-off,Optimal V,MtM,1.75,514.280728072431,0.7983484332519672
Early sell-off,Optimal V,MtM,2.0,517.1747396837222,0.8028409788784524
Early sell-off,Optimal V,MtM,2.25,521.1116783391575,0.8089525219245165
Early sell-off,Optimal V,MtM,2.5,527.5406638589168,0.8189326169133696
Early sell-off,Optimal V,MtM,2.75,502.258234261926,0.7796852040592795
Early sell-off,Optimal V,MtM,3.0,483.69614158204655,0.7508701682238855
Early sell-off,Optimal V,MtM,3.25,462.88902257788413,0.7185700450601789
Early sell-off,Optimal V,MtM,3.5,441.99318271460083,0.6861321952522297
Early sell-off,Optimal V,MtM,3.75,413.8030409351415,0.6423709685635787
Early sell-off,Optimal V,MtM,4.0,386.8820234615329,0.6005798787007338
Early sell-off,Optimal V,MtM,4.25,356.9437258340013,0.554104886151908
Early sell-off,Optimal V,MtM,4.5,329.338903148777,0.5112522849596592
Early sell-off,Optimal V,MtM,4.75,298.79172353840556,0.4638320888469016
Early sell-off,Optimal V,MtM,5.0,269.1610236592666,0.41783459850085425
Early sell-off,Optimal V,MtM,5.25,236.08085849098177,0.3664822988865918
Early sell-off,Optimal V,MtM,5.5,203.62067684458876,0.3160924364128373
Early sell-off,Optimal V,MtM,5.75,170.62427475908706,0.26487016719297624
Early sell-off,Optimal V,MtM,6.0,137.2329177670003,0.21303478607981285
Early sell-off,Optimal V,MtM,6.25,103.81338403408807,0.16115566454305544
Early sell-off,Optimal V,MtM,6.5,69.4853075368948,0.10786615826346543
Early sell-off,Optimal V,MtM,6.75,34.8800876708645,0.05414642591818851
Early sell-off,Optimal V,MtM,7.0,0.0,0.0
Early sell-off,Optimal V,V,0.0,251.87082587396654,0.999999999999996
Early sell-off,Optimal V,V,0.25,264.90921301476465,1.0517661666274971
Early sell-off,Optimal V,V,0.5,277.84629290669835,1.103130114186899
Early sell-off,Optimal V,V,0.75,298.32805667279354,1.1844486380573211
Early sell-off,Optimal V,V,1.0,303.8533265726748,1.2063855570343767
Early sell-off,Optimal V,V,1.25,309.44717394969905,1.2285947484229154
Early sell-off,Optimal V,V,1.5,301.8135932849631,1.1982872261513375
Early sell-off,Optimal V,V,1.75,305.70425791401567,1.2137342896036145
Early sell-off,Optimal V,V,2.0,304.196369706156,1.2077475374554552
Early sell-off,Optimal V,V,2.25,302.01662526018924,1.1990933217939022
Early sell-off,Optimal V,V,2.5,299.51028028874447,1.1891424076189556
Early sell-off,Optimal V,V,2.75,292.9753153173416,1.1631967072833682
Early sell-off,Optimal V,V,3.0,288.12203044777993,1.1439277631620264
Early sell-off,Optimal V,V,3.25,282.2181658945279,1.1204877139512208
Early sell-off,Optimal V,V,3.5,275.7807109521676,1.094929156623182
Early sell-off,Optimal V,V,3.75,266.3966222843529,1.0576716114698168
Early sell-off,Optimal V,V,4.0,256.6492663857313,1.0189717903817683
Early sell-off,Optimal V,V,4.25,244.91221107817879,0.9723722873753122
Early sell-off,Optimal V,V,4.5,233.08624942918652,0.9254198004886023
Early sell-off,Optimal V,V,4.75,218.9484127164696,0.8692885011860332
Early sell-off,Optimal V,V,5.0,203.97564801786694,0.8098422963838351
Early sell-off,Optimal V,V,5.25,185.9238170002148,0.7381713080706233
Early sell-off,Optimal V,V,5.5,166.54801487063037,0.6612437716544771
Early sell-off,Optimal V,V,5.75,145.102866857883,0.5761003337897115
Early sell-off,Optimal V,V,6.0,121.45630144888,0.48221663238462936
Early sell-off,Optimal V,V,6.25,95.5859577405657,0.37950388818908115
Early sell-off,Optimal V,V,6.5,66.7328067027799,0.2649485365016908
Early sell-off,Optimal V,V,6.75,34.999999999999986,0.13896011925380145
Early sell-off,Optimal V,V,7.0,0.0,0.0
Rally,Passive q,dK_0.5y,0.0,47.90547179127196,0.9999999999999791
Rally,Passive q,dK_0.5y,0.25,47.90547179127195,0.9999999999999789
Rally,Passive q,dK_0.5y,0.5,47.90547179127199,0.9999999999999798
Rally,Passive q,dK_0.5y,0.75,47.90547179127191,0.999999999999978
Rally,Passive q,dK_0.5y,1.0,47.90547179127202,0.9999999999999805
Rally,Passive q,dK_0.5y,1.25,49.23334137431866,1.027718536805802
Rally,Passive q,dK_0.5y,1.5,52.80916916072134,1.1023619471031219
Rally,Passive q,dK_0.5y,1.75,57.01108097910143,1.1900745123125425
Rally,Passive q,dK_0.5y,2.0,53.90430304181761,1.1252222559602778
Rally,Passive q,dK_0.5y,2.25,47.83683670400627,0.9985672808407828
Rally,Passive q,dK_0.5y,2.5,47.90547179127191,0.999999999999978
Rally,Passive q,dK_0.5y,2.75,47.90547179127191,0.999999999999978
Rally,Passive q,dK_0.5y,3.0,47.90547179127191,0.999999999999978
Rally,Passive q,dK_0.5y,3.25,47.90547179127191,0.999999999999978
Rally,Passive q,dK_0.5y,3.5,47.90547179127191,0.999999999999978
Rally,Passive q,dK_0.5y,3.75,47.90547179127191,0.999999999999978
Rally,Passive q,dK_0.5y,4.0,47.90547179127191,0.999999999999978
Rally,Passive q,dK_0.5y,4.25,47.90547179127202,0.9999999999999805
Rally,Passive q,dK_0.5y,4.5,47.90547179127202,0.9999999999999805
Rally,Passive q,dK_0.5y,4.75,47.90547179127199,0.9999999999999798
Rally,Passive q,dK_0.5y,5.0,47.905471791271964,0.9999999999999792
Rally,Passive q,dK_0.5y,5.25,47.90547179127191,0.999999999999978
Rally,Passive q,dK_0.5y,5.5,47.905471791271964,0.9999999999999792
Rally,Passive q,dK_0.5y,5.75,47.90547179127196,0.9999999999999791
Rally,Passive q,dK_0.5y,6.0,47.905471791271964,0.9999999999999792
Rally,Passive q,dK_0.5y,6.25,47.905471791271964,0.9999999999999792
Rally,Passive q,dK_0.5y,6.5,47.90547179127194,0.9999999999999788
Rally,Passive q,dK_0.5y,6.75,25.00000000000002,0.5218610539715909
Rally,Passive q,dK_0.5y,7.0,0.0,0.0
Rally,Passive q,dK_1y,0.0,88.52330898856503,0.9999999999999888
Rally,Passive q,dK_1y,0.25,88.98896894170849,1.0052603089340302
Rally,Passive q,dK_1y,0.5,92.97576326291473,1.0502969706535008
Rally,Passive q,dK_1y,0.75,96.53038415050314,1.0904516025600821
Rally,Passive q,dK_1y,1.0,102.271555499903,1.155306513825785
Rally,Passive q,dK_1y,1.25,109.20835860315835,1.2336678311162552
Rally,Passive q,dK_1y,1.5,113.5163892624662,1.2823333262104828
Rally,Passive q,dK_1y,1.75,116.48429143838769,1.3158601137857735
Rally,Passive q,dK_1y,2.0,106.99169731383483,1.2086274060050584
Rally,Passive q,dK_1y,2.25,87.6803257128156,0.9904772733262908
Rally,Passive q,dK_1y,2.5,88.11546578266228,0.9953928156260355
Rally,Passive q,dK_1y,2.75,88.11849051073428,0.9954269843450606
Rally,Passive q,dK_1y,3.0,88.11886295477777,0.9954311916442199
Rally,Passive q,dK_1y,3.25,88.11927496840916,0.9954358459396377
Rally,Passive q,dK_1y,3.5,88.11926879420056,0.9954357761929387
Rally,Passive q,dK_1y,3.75,88.11887912588259,0.9954313743204551
Rally,Passive q,dK_1y,4.0,88.11918114609266,0.9954347860796124
Rally,Passive q,dK_1y,4.25,88.11987878635733,0.9954426669448065
Rally,Passive q,dK_1y,4.5,88.11993918540996,0.9954433492402756
Rally,Passive q,dK_1y,4.75,88.12003586059525,0.9954444413276184
Rally,Passive q,dK_1y,5.0,88.1200386236614,0.9954444725404841
Rally,Passive q,dK_1y,5.25,88.12004397583209,0.995444533001065
Rally,Passive q,dK_1y,5.5,88.12005610781897,0.9954446700495668
Rally,Passive q,dK_1y,5.75,88.12005641971632,0.9954446735729028
Rally,Passive q,dK_1y,6.0,88.12005627827446,0.9954446719751104
Rally,Passive q,dK_1y,6.25,68.89189731050215,0.7782345474613975
Rally,Passive q,dK_1y,6.5,47.90547179127194,0.5411622355583158
Rally,Passive q,dK_1y,6.75,25.00000000000002,0.282411494618091
Rally,Passive q,dK_1y,7.0,0.0,0.0
Rally,Passive q,dK_3y,0.0,222.24866485454163,0.9999999999999956
Rally,Passive q,dK_3y,0.25,233.77322622067692,1.0518543559021014
Rally,Passive q,dK_3y,0.5,299.7138239605925,1.3485517411623116
Rally,Passive q,dK_3y,0.75,328.59183636765715,1.4784873357179178
Rally,Passive q,dK_3y,1.0,345.8882064928175,1.556311740811557
Rally,Passive q,dK_3y,1.25,331.47974538410904,1.4914813801066298
Rally,Passive q,dK_3y,1.5,291.51425549684154,1.3116580731210776
Rally,Passive q,dK_3y,1.75,258.9957830047039,1.1653423572835029
Rally,Passive q,dK_3y,2.0,238.18853220181208,1.0717208688641697
Rally,Passive q,dK_3y,2.25,191.37778686462332,0.8610975773009764
Rally,Passive q,dK_3y,2.5,193.81556307094348,0.8720662650450204
Rally,Passive q,dK_3y,2.75,193.88656679646928,0.8723857437945205
Rally,Passive q,dK_3y,3.0,193.9008175382021,0.8724498645024767
Rally,Passive q,dK_3y,3.25,193.9165826236762,0.8725207989464898
Rally,Passive q,dK_3y,3.5,193.91634637510643,0.8725197359544133
Rally,Passive q,dK_3y,3.75,193.90143627557643,0.8724526484893896
Rally,Passive q,dK_3y,4.0,193.91299264554058,0.8725046459669524
Rally,Passive q,dK_3y,4.25,184.40060220626162,0.8297039819201982
Rally,Passive q,dK_3y,4.5,173.9890509980413,0.7828575758235206
Rally,Passive q,dK_3y,4.75,162.62701280706386,0.7317344871947826
Rally,Passive q,dK_3y,5.0,150.21470247474952,0.6758857362453092
Rally,Passive q,dK_3y,5.25,136.6664702009115,0.6149259447311282
Rally,Passive q,dK_3y,5.5,121.87840222661173,0.5483875563724027
Rally,Passive q,dK_3y,5.75,105.73725233163043,0.4757610238101245
Rally,Passive q,dK_3y,6.0,88.12005627827446,0.3964930738096776
Rally,Passive q,dK_3y,6.25,68.89189731050215,0.30997665320325113
Rally,Passive q,dK_3y,6.5,47.90547179127194,0.21554897449046603
Rally,Passive q,dK_3y,6.75,25.00000000000002,0.11248661501009254
Rally,Passive q,dK_3y,7.0,0.0,0.0
Rally,Passive q,MtM,0.0,644.18079456557,0.9999999999999984
Rally,Passive q,MtM,0.25,632.0435027936431,0.9811585631327101
Rally,Passive q,MtM,0.5,671.8199904719646,1.0429059607792766
Rally,Passive q,MtM,0.75,666.829411270985,1.0351587891108862
Rally,Passive q,MtM,1.0,668.3931058932791,1.0375862048852864
Rally,Passive q,MtM,1.25,662.6566104481565,1.0286811032530787
Rally,Passive q,MtM,1.5,649.2121418648791,1.007810458401979
Rally,Passive q,MtM,1.75,622.2919915151098,0.9660207146268265
Rally,Passive q,MtM,2.0,579.165925220681,0.899073567710544
Rally,Passive q,MtM,2.25,543.7311951906929,0.8440661376087434
Rally,Passive q,MtM,2.5,483.08662092177326,0.7499239732031471
Rally,Passive q,MtM,2.75,448.92579658882744,0.6968941023638845
Rally,Passive q,MtM,3.0,419.48234910037934,0.6511872949942167
Rally,Passive q,MtM,3.25,390.474400776885,0.6061565387714127
Rally,Passive q,MtM,3.5,363.58053955432507,0.5644076051654413
Rally,Passive q,MtM,3.75,338.00844088349436,0.5247105218519342
Rally,Passive q,MtM,4.0,310.3526835074699,0.4817788517224712
Rally,Passive q,MtM,4.25,281.23124001926845,0.43657191023356723
Rally,Passive q,MtM,4.5,254.61893807056225,0.3952600577641789
Rally,Passive q,MtM,4.75,226.62331562706123,0.351800794961442
Rally,Passive q,MtM,5.0,201.1036031103668,0.31218503377765094
Rally,Passive q,MtM,5.25,175.54270752368112,0.272505341675182
Rally,Passive q,MtM,5.5,149.24036848097566,0.23167466298280728
Rally,Passive q,MtM,5.75,124.20374244482326,0.19280882555429957
Rally,Passive q,MtM,6.0,99.65558361223705,0.1547012646961072
Rally,Passive q,MtM,6.25,74.86625454230784,0.11621932099480999
Rally,Passive q,MtM,6.5,49.94139612834631,0.07752698706583808
Rally,Passive q,MtM,6.75,24.987588572650896,0.038789713669595306
Rally,Passive q,MtM,7.0,0.0,0.0
Rally,Passive q,V,0.0,251.87082587396654,0.999999999999996
Rally,Passive q,V,0.25,246.08136250012402,0.9770141565472911
Rally,Passive q,V,0.5,193.33447979002088,0.7675937819283708
Rally,Passive q,V,0.75,174.394732442431,0.692397509069572
Rally,Passive q,V,1.0,162.86326571299543,0.6466142521583259
Rally,Passive q,V,1.25,169.63788103802068,0.6735114336858727
Rally,Passive q,V,1.5,187.69297062279017,0.7451953594526624
Rally,Passive q,V,1.75,208.57629951117045,0.8281082129596818
Rally,Passive q,V,2.0,177.60658780695928,0.7051495034833094
Rally,Passive q,V,2.25,115.74994489158627,0.45956074702159366
Rally,Passive q,V,2.5,105.72715443723759,0.41976737111324636
Rally,Passive q,V,2.75,103.82085874969786,0.41219882608257413
Rally,Passive q,V,3.0,102.62502755609806,0.40745103050343
Rally,Passive q,V,3.25,102.42860975062808,0.40667119502709637
Rally,Passive q,V,3.5,102.43242766857037,0.40668635326516955
Rally,Passive q,V,3.75,102.58425300384096,0.4072891437421681
Rally,Passive q,V,4.0,104.81155841028821,0.4161321901677266
Rally,Passive q,V,4.25,166.9318611924273,0.6627677525302497
Rally,Passive q,V,4.5,159.53547162838683,0.6334019475054885
Rally,Passive q,V,4.75,154.59751086841902,0.6137968156176109
Rally,Passive q,V,5.0,146.75846340302166,0.5826735307425301
Rally,Passive q,V,5.25,138.06368486960775,0.5481527461171418
Rally,Passive q,V,5.5,124.21647527838097,0.4931753205134487
Rally,Passive q,V,5.75,107.23400636671207,0.4257500089366062
Rally,Passive q,V,6.0,89.10685007856017,0.3537799575213524
Rally,Passive q,V,6.25,69.40022958796543,0.27553897656528226
Rally,Passive q,V,6.5,48.05636723518504,0.19079767205445122
Rally,Passive q,V,6.75,25.00000000000002,0.09925722803842972
Rally,Passive q,V,7.0,0.0,0.0
Rally,CAR-target,dK_0.5y,0.0,54.690075737217185,0.9999999999999817
Rally,CAR-target,dK_0.5y,0.25,65.7825391459477,1.2028240637666692
Rally,CAR-target,dK_0.5y,0.5,71.82082055839304,1.3132331522722116
Rally,CAR-target,dK_0.5y,0.75,73.17473328811131,1.337989247623473
Rally,CAR-target,dK_0.5y,1.0,66.6605226447266,1.2188778630518915
Rally,CAR-target,dK_0.5y,1.25,60.085533622492534,1.0986551547523746
Rally,CAR-target,dK_0.5y,1.5,42.29073105919035,0.7732798042261675
Rally,CAR-target,dK_0.5y,1.75,37.54399256930526,0.6864863883111334
Rally,CAR-target,dK_0.5y,2.0,32.06349872746964,0.5862763635861908
Rally,CAR-target,dK_0.5y,2.25,27.31268641660285,0.49940845845301646
Rally,CAR-target,dK_0.5y,2.5,22.557739854381644,0.41246495914121484
Rally,CAR-target,dK_0.5y,2.75,17.7671926752545,0.32487050777959353
Rally,CAR-target,dK_0.5y,3.0,12.976645496127334,0.2372760564179718
Rally,CAR-target,dK_0.5y,3.25,8.186098317000093,0.14968160505634873
Rally,CAR-target,dK_0.5y,3.5,3.395551137872891,0.062087153694726366
Rally,CAR-target,dK_0.5y,3.75,0.46735326069579053,0.00854548571008365
Rally,CAR-target,dK_0.5y,4.0,0.0,0.0
Rally,CAR-target,dK_0.5y,4.25,0.0,0.0
Rally,CAR-target,dK_0.5y,4.5,0.0,0.0
Rally,CAR-target,dK_0.5y,4.75,0.0,0.0
Rally,CAR-target,dK_0.5y,5.0,0.0,0.0
Rally,CAR-target,dK_0.5y,5.25,0.0,0.0
Rally,CAR-target,dK_0.5y,5.5,0.0,0.0
Rally,CAR-target,dK_0.5y,5.75,0.0,0.0
Rally,CAR-target,dK_0.5y,6.0,0.0,0.0
Rally,CAR-target,dK_0.5y,6.25,0.0,0.0
Rally,CAR-target,dK_0.5y,6.5,0.0,0.0
Rally,CAR-target,dK_0.5y,6.75,0.0,0.0
Rally,CAR-target,dK_0.5y,7.0,0.0,0.0
Rally,CAR-target,dK_1y,0.0,116.34753796700925,0.9999999999999915
Rally,CAR-target,dK_1y,0.25,147.79200863158826,1.2702633095123503
Rally,CAR-target,dK_1y,0.5,168.20443906098703,1.4457069053638294
Rally,CAR-target,dK_1y,0.75,159.41490703396954,1.370161413120498
Rally,CAR-target,dK_1y,1.0,131.16802334390772,1.1273811688314346
Rally,CAR-target,dK_1y,1.25,115.6936227162508,0.9943796382614916
Rally,CAR-target,dK_1y,1.5,72.9472409631032,0.6269770915460801
Rally,CAR-target,dK_1y,1.75,61.24465980361374,0.5263941194955011
Rally,CAR-target,dK_1y,2.0,51.25364563033392,0.44052196140898686
Rally,CAR-target,dK_1y,2.25,42.09439948010264,0.36179879880258653
Rally,CAR-target,dK_1y,2.5,33.44994596413527,0.28750024752238273
Rally,CAR-target,dK_1y,2.75,24.63887004672829,0.21176958685378042
Rally,CAR-target,dK_1y,3.0,15.827034276479694,0.13603239529630073
Rally,CAR-target,dK_1y,3.25,8.578421075767611,0.07373100647991347
Rally,CAR-target,dK_1y,3.5,3.3955511378728525,0.02918455514577063
Rally,CAR-target,dK_1y,3.75,0.46735326069579053,0.004016872800766151
Rally,CAR-target,dK_1y,4.0,0.0,0.0
Rally,CAR-target,dK_1y,4.25,0.0,0.0
Rally,CAR-target,dK_1y,4.5,0.0,0.0
Rally,CAR-target,dK_1y,4.75,0.0,0.0
Rally,CAR-target,dK_1y,5.0,0.0,0.0
Rally,CAR-target,dK_1y,5.25,0.0,0.0
Rally,CAR-target,dK_1y,5.5,0.0,0.0
Rally,CAR-target,dK_1y,5.75,0.0,0.0
Rally,CAR-target,dK_1y,6.0,0.0,0.0
Rally,CAR-target,dK_1y,6.25,0.0,0.0
Rally,CAR-target,dK_1y,6.5,0.0,0.0
Rally,CAR-target,dK_1y,6.75,0.0,0.0
Rally,CAR-target,dK_1y,7.0,0.0,0.0
Rally,CAR-target,dK_3y,0.0,416.1480723314555,0.9999999999999976
Rally,CAR-target,dK_3y,0.25,495.0213149650639,1.1895316784521492
Rally,CAR-target,dK_3y,0.5,473.55446193093934,1.1379470275516723
Rally,CAR-target,dK_3y,0.75,387.24776115521917,0.9305528173798228
Rally,CAR-target,dK_3y,1.0,256.3719054859881,0.6160593368837984
Rally,CAR-target,dK_3y,1.25,190.37555564710777,0.45747071368259545
Rally,CAR-target,dK_3y,1.5,104.03507727014444,0.2499953362448399
Rally,CAR-target,dK_3y,1.75,79.08362200204036,0.19003721814443797
Rally,CAR-target,dK_3y,2.0,62.85628104943392,0.15104306670768308
Rally,CAR-target,dK_3y,2.25,48.25515600198089,0.11595669717183331
Rally,CAR-target,dK_3y,2.5,35.841461267259426,0.08612670260962345
Rally,CAR-target,dK_3y,2.75,24.96814145510769,0.05999821485468973
Rally,CAR-target,dK_3y,3.0,15.827034276479779,0.038032218166503366
Rally,CAR-target,dK_3y,3.25,8.578421075767611,0.020613867145190114
Rally,CAR-target,dK_3y,3.5,3.3955511378728525,0.008159478232950554
Rally,CAR-target,dK_3y,3.75,0.46735326069579053,0.0011230455978744741
Rally,CAR-target,dK_3y,4.0,0.0,0.0
Rally,CAR-target,dK_3y,4.25,0.0,0.0
Rally,CAR-target,dK_3y,4.5,0.0,0.0
Rally,CAR-target,dK_3y,4.75,0.0,0.0
Rally,CAR-target,dK_3y,5.0,0.0,0.0
Rally,CAR-target,dK_3y,5.25,0.0,0.0
Rally,CAR-target,dK_3y,5.5,0.0,0.0
Rally,CAR-target,dK_3y,5.75,0.0,0.0
Rally,CAR-target,dK_3y,6.0,0.0,0.0
Rally,CAR-target,dK_3y,6.25,0.0,0.0
Rally,CAR-target,dK_3y,6.5,0.0,0.0
Rally,CAR-target,dK_3y,6.75,0.0,0.0
Rally,CAR-target,dK_3y,7.0,0.0,0.0
Rally,CAR-target,MtM,0.0,644.18079456557,0.9999999999999984
Rally,CAR-target,MtM,0.25,695.2478530730075,1.0792744194459811
Rally,CAR-target,MtM,0.5,806.1839885663576,1.251487152935132
Rally,CAR-target,MtM,0.75,866.8782346522805,1.345706425844152
Rally,CAR-target,MtM,1.0,812.9282741134506,1.261956706830543
Rally,CAR-target,MtM,1.25,741.310060597555,1.1507795122912459
Rally,CAR-target,MtM,1.5,661.3485983202334,1.0266505985578787
Rally,CAR-target,MtM,1.75,571.6960000171777,0.8874775603993653
Rally,CAR-target,MtM,2.0,474.15974352197617,0.7360662527074324
Rally,CAR-target,MtM,2.25,390.7764185140609,0.6066253787922947
Rally,CAR-target,MtM,2.5,298.8828568525162,0.4639735604879059
Rally,CAR-target,MtM,2.75,232.85517568826367,0.36147488042591963
Rally,CAR-target,MtM,3.0,175.63479738640763,0.2726482982232557
Rally,CAR-target,MtM,3.25,124.44189960991817,0.19317853102689989
Rally,CAR-target,MtM,3.5,79.51292993831512,0.12343263041851138
Rally,CAR-target,MtM,3.75,40.11961796793364,0.0622800591175493
Rally,CAR-target,MtM,4.0,5.801773544116332,0.009006436691471048
Rally,CAR-target,MtM,4.25,0.0,0.0
Rally,CAR-target,MtM,4.5,0.0,0.0
Rally,CAR-target,MtM,4.75,0.0,0.0
Rally,CAR-target,MtM,5.0,0.0,0.0
Rally,CAR-target,MtM,5.25,0.0,0.0
Rally,CAR-target,MtM,5.5,0.0,0.0
Rally,CAR-target,MtM,5.75,0.0,0.0
Rally,CAR-target,MtM,6.0,0.0,0.0
Rally,CAR-target,MtM,6.25,0.0,0.0
Rally,CAR-target,MtM,6.5,0.0,0.0
Rally,CAR-target,MtM,6.75,0.0,0.0
Rally,CAR-target,MtM,7.0,0.0,0.0
Rally,CAR-target,V,0.0,251.87082587396654,0.999999999999996
Rally,CAR-target,V,0.25,281.8804345957313,1.119146823049606
Rally,CAR-target,V,0.5,315.2408577394537,1.2515973481470046
Rally,CAR-target,V,0.75,385.52101664495615,1.5306298985094258
Rally,CAR-target,V,1.0,272.19844359748083,1.0807065195144314
Rally,CAR-target,V,1.25,230.07855347690102,0.9134783779683517
Rally,CAR-target,V,1.5,122.5578285734237,0.4865900135442834
Rally,CAR-target,V,1.75,93.05817275320533,0.3694678509521792
Rally,CAR-target,V,2.0,72.13326645799336,0.2863899231191142
Rally,CAR-target,V,2.25,54.952543171250554,0.21817748435361864
Rally,CAR-target,V,2.5,40.27366631576706,0.15989809925790854
Rally,CAR-target,V,2.75,27.84124652691958,0.11053779821586376
Rally,CAR-target,V,3.0,17.486686014879155,0.06942719925661114
Rally,CAR-target,V,3.25,9.346719971209337,0.03710918062374679
Rally,CAR-target,V,3.5,3.6093118540054965,0.014330011590193233
Rally,CAR-target,V,3.75,0.47669762809266425,0.0018926274070788839
Rally,CAR-target,V,4.0,0.0,0.0
Rally,CAR-target,V,4.25,0.0,0.0
Rally,CAR-target,V,4.5,0.0,0.0
Rally,CAR-target,V,4.75,0.0,0.0
Rally,CAR-target,V,5.0,0.0,0.0
Rally,CAR-target,V,5.25,0.0,0.0
Rally,CAR-target,V,5.5,0.0,0.0
Rally,CAR-target,V,5.75,0.0,0.0
Rally,CAR-target,V,6.0,0.0,0.0
Rally,CAR-target,V,6.25,0.0,0.0
Rally,CAR-target,V,6.5,0.0,0.0
Rally,CAR-target,V,6.75,0.0,0.0
Rally,CAR-target,V,7.0,0.0,0.0
Rally,MtM-band,dK_0.5y,0.0,42.962365695779006,0.9999999999999767
Rally,MtM-band,dK_0.5y,0.25,48.0307636535112,1.1179729718242457
Rally,MtM-band,dK_0.5y,0.5,51.79851916122891,1.2056719485146237
Rally,MtM-band,dK_0.5y,0.75,36.606435605090425,0.8520581912156225
Rally,MtM-band,dK_0.5y,1.0,31.571558440912163,0.7348654556053297
Rally,MtM-band,dK_0.5y,1.25,26.452735895635954,0.615718791719942
Rally,MtM-band,dK_0.5y,1.5,21.59614906914505,0.5026759751096839
Rally,MtM-band,dK_0.5y,1.75,16.794284642098656,0.3909068872282394
Rally,MtM-band,dK_0.5y,2.0,17.614635712451374,0.4100015310418899
Rally,MtM-band,dK_0.5y,2.25,14.344695329513918,0.33388979161645493
Rally,MtM-band,dK_0.5y,2.5,9.53261257601427,0.2218828600714279
Rally,MtM-band,dK_0.5y,2.75,9.590590953984913,0.2232323755608959
Rally,MtM-band,dK_0.5y,3.0,9.57074943564901,0.2227705406964845
Rally,MtM-band,dK_0.5y,3.25,9.580592537094624,0.22299965055312773
Rally,MtM-band,dK_0.5y,3.5,9.581094358254376,0.22301133103560639
Rally,MtM-band,dK_0.5y,3.75,9.58109435825438,0.22301133103560647
Rally,MtM-band,dK_0.5y,4.0,9.581094358254377,0.22301133103560644
Rally,MtM-band,dK_0.5y,4.25,9.581094358254392,0.22301133103560677
Rally,MtM-band,dK_0.5y,4.5,9.581094358254393,0.2230113310356068
Rally,MtM-band,dK_0.5y,4.75,9.581094358254383,0.22301133103560655
Rally,MtM-band,dK_0.5y,5.0,9.581094358254388,0.2230113310356067
Rally,MtM-band,dK_0.5y,5.25,9.581094358254395,0.22301133103560686
Rally,MtM-band,dK_0.5y,5.5,9.581094358254383,0.22301133103560655
Rally,MtM-band,dK_0.5y,5.75,9.581094358254383,0.22301133103560655
Rally,MtM-band,dK_0.5y,6.0,9.581094358254383,0.22301133103560655
Rally,MtM-band,dK_0.5y,6.25,9.581094358254386,0.22301133103560664
Rally,MtM-band,dK_0.5y,6.5,9.581094358254386,0.22301133103560664
Rally,MtM-band,dK_0.5y,6.75,5.0,0.11638092826185144
Rally,MtM-band,dK_0.5y,7.0,0.0,0.0
Rally,MtM-band,dK_1y,0.0,74.62998238932434,0.9999999999999867
Rally,MtM-band,dK_1y,0.25,60.3048907360752,0.8080517883748138
Rally,MtM-band,dK_1y,0.5,98.78093496859424,1.3236092493400256
Rally,MtM-band,dK_1y,0.75,75.4413405154284,1.010871744842045
Rally,MtM-band,dK_1y,1.0,59.903195914691345,0.8026693025624989
Rally,MtM-band,dK_1y,1.25,47.94363003015359,0.6424178124556437
Rally,MtM-band,dK_1y,1.5,41.53862347685563,0.5565943089757058
Rally,MtM-band,dK_1y,1.75,32.912929077693896,0.44101483109021317
Rally,MtM-band,dK_1y,2.0,24.882208166485096,0.33340766498752533
Rally,MtM-band,dK_1y,2.25,15.537193979228025,0.2081897044833067
Rally,MtM-band,dK_1y,2.5,16.897953735383382,0.22642312371495846
Rally,MtM-band,dK_1y,2.75,17.60269275818193,0.2358662322383145
Rally,MtM-band,dK_1y,3.0,17.685574871331955,0.2369768061724962
Rally,MtM-band,dK_1y,3.25,17.768897797237297,0.23809328675091398
Rally,MtM-band,dK_1y,3.5,17.803394930610672,0.23855552903302268
Rally,MtM-band,dK_1y,3.75,17.84134428196016,0.23906402910410027
Rally,MtM-band,dK_1y,4.0,17.862602068175292,0.23934887154321854
Rally,MtM-band,dK_1y,4.25,17.852174022868002,0.23920914157178577
Rally,MtM-band,dK_1y,4.5,17.860323360028985,0.23931833812925607
Rally,MtM-band,dK_1y,4.75,17.820196026575687,0.23878065431681772
Rally,MtM-band,dK_1y,5.0,17.822448709830578,0.23881083901179914
Rally,MtM-band,dK_1y,5.25,17.814666104677737,0.23870655645800942
Rally,MtM-band,dK_1y,5.5,17.735383381311998,0.23764421233266658
Rally,MtM-band,dK_1y,5.75,17.70847656852284,0.23728367609873327
Rally,MtM-band,dK_1y,6.0,17.72428811778415,0.23749554201046327
Rally,MtM-band,dK_1y,6.25,13.80478932501919,0.1849764515955956
Rally,MtM-band,dK_1y,6.5,9.581094358254386,0.1283813026817063
Rally,MtM-band,dK_1y,6.75,5.0,0.06699720192772245
Rally,MtM-band,dK_1y,7.0,0.0,0.0
Rally,MtM-band,dK_3y,0.0,133.75837917615615,0.9999999999999926
Rally,MtM-band,dK_3y,0.25,119.04704340798794,0.8900155948451299
Rally,MtM-band,dK_3y,0.5,142.8648829851457,1.0680817445985606
Rally,MtM-band,dK_3y,0.75,124.70343773674183,0.9323037442948517
Rally,MtM-band,dK_3y,1.0,99.5890418423583,0.7445443227986599
Rally,MtM-band,dK_3y,1.25,74.71580435509759,0.5585878418629636
Rally,MtM-band,dK_3y,1.5,52.3980905555305,0.3917368831639568
Rally,MtM-band,dK_3y,1.75,40.577553018635506,0.3033645687736367
Rally,MtM-band,dK_3y,2.0,32.873300261691746,0.24576628742187626
Rally,MtM-band,dK_3y,2.25,20.8880925557857,0.1561628713239452
Rally,MtM-band,dK_3y,2.5,38.82061955941243,0.29022944056675837
Rally,MtM-band,dK_3y,2.75,42.50204312767082,0.3177523785010617
Rally,MtM-band,dK_3y,3.0,43.557055694011034,0.32563982878894826
Rally,MtM-band,dK_3y,3.25,44.31107373093227,0.3312769936646396
Rally,MtM-band,dK_3y,3.5,45.03365492916286,0.33667913147971407
Rally,MtM-band,dK_3y,3.75,46.02709549813555,0.3441062592237214
Rally,MtM-band,dK_3y,4.0,46.48960289517476,0.3475640418305972
Rally,MtM-band,dK_3y,4.25,42.70033879358551,0.31923487004391704
Rally,MtM-band,dK_3y,4.5,39.42962081945862,0.2947824357794481
Rally,MtM-band,dK_3y,4.75,35.45220188864952,0.2650465870400513
Rally,MtM-band,dK_3y,5.0,32.146497971279786,0.24033259201611198
Rally,MtM-band,dK_3y,5.25,28.688241741639857,0.21447809040701674
Rally,MtM-band,dK_3y,5.5,24.887090230293822,0.18606004635805293
Rally,MtM-band,dK_3y,5.75,21.355119277023057,0.1596544411539167
Rally,MtM-band,dK_3y,6.0,17.72428811778415,0.13250974052579995
Rally,MtM-band,dK_3y,6.25,13.80478932501919,0.10320691241958423
Rally,MtM-band,dK_3y,6.5,9.581094358254386,0.07162986287114226
Rally,MtM-band,dK_3y,6.75,5.0,0.03738083573377559
Rally,MtM-band,dK_3y,7.0,0.0,0.0
Rally,MtM-band,MtM,0.0,644.18079456557,0.9999999999999984
Rally,MtM-band,MtM,0.25,632.0435027936431,0.9811585631327101
Rally,MtM-band,MtM,0.5,671.8199904719646,1.0429059607792766
Rally,MtM-band,MtM,0.75,600.1464701438865,0.9316429101997976
Rally,MtM-band,MtM,1.0,534.7144847146233,0.830068963908229
Rally,MtM-band,MtM,1.25,463.8596273137095,0.7200767722771552
Rally,MtM-band,MtM,1.5,389.5272851189274,0.6046862750411873
Rally,MtM-band,MtM,1.75,311.1459957575549,0.48301035731341324
Rally,MtM-band,MtM,2.0,231.66637008827237,0.35962942708421763
Rally,MtM-band,MtM,2.25,163.11935855720787,0.25321984128262304
Rally,MtM-band,MtM,2.5,96.61732418435464,0.14998479464062942
Rally,MtM-band,MtM,2.75,89.78515931776549,0.1393788204727769
Rally,MtM-band,MtM,3.0,83.89646982007588,0.13023745899884334
Rally,MtM-band,MtM,3.25,78.094880155377,0.12123130775428255
Rally,MtM-band,MtM,3.5,72.716107910865,0.11288152103308825
Rally,MtM-band,MtM,3.75,67.60168817669887,0.10494210437038684
Rally,MtM-band,MtM,4.0,62.070536701493985,0.09635577034449425
Rally,MtM-band,MtM,4.25,56.246248003853694,0.08731438204671345
Rally,MtM-band,MtM,4.5,50.923787614112456,0.0790520115528358
Rally,MtM-band,MtM,4.75,45.32466312541224,0.0703601589922884
Rally,MtM-band,MtM,5.0,40.22072062207336,0.06243700675553018
Rally,MtM-band,MtM,5.25,35.10854150473622,0.054501068335036394
Rally,MtM-band,MtM,5.5,29.848073696195133,0.046334932596561455
Rally,MtM-band,MtM,5.75,24.840748488964653,0.038561765110859916
Rally,MtM-band,MtM,6.0,19.93111672244741,0.030940252939221438
Rally,MtM-band,MtM,6.25,14.97325090846157,0.023243864198962
Rally,MtM-band,MtM,6.5,9.988279225669263,0.015505397413167615
Rally,MtM-band,MtM,6.75,4.997517714530179,0.007757942733919062
Rally,MtM-band,MtM,7.0,0.0,0.0
Rally,MtM-band,V,0.0,251.87082587396654,0.999999999999996
Rally,MtM-band,V,0.25,246.08136250012402,0.9770141565472911
Rally,MtM-band,V,0.5,193.33447979002088,0.7675937819283708
Rally,MtM-band,V,0.75,145.1873303307141,0.5764356781970601
Rally,MtM-band,V,1.0,102.55379994388878,0.4071682362895224
Rally,MtM-band,V,1.25,72.03608585882208,0.2860040880434
Rally,MtM-band,V,1.5,47.832691618448926,0.18990961518657068
Rally,MtM-band,V,1.75,32.52880622963671,0.12914876551011764
Rally,MtM-band,V,2.0,22.78665597533201,0.09046961233507099
Rally,MtM-band,V,2.25,13.376460155242217,0.053108414239033785
Rally,MtM-band,V,2.5,9.796966258485499,0.03889678856013184
Rally,MtM-band,V,2.75,10.705316989917682,0.04250320358767738
Rally,MtM-band,V,3.0,11.197609682291464,0.04445774790882126
Rally,MtM-band,V,3.25,11.760084056145555,0.046690933796477596
Rally,MtM-band,V,3.5,11.569140486654112,0.045932832619698244
Rally,MtM-band,V,3.75,10.776889590743046,0.04278736750613445
Rally,MtM-band,V,4.0,11.26548370445084,0.04472722740063561
Rally,MtM-band,V,4.25,13.370705036165756,0.05308556475237136
Rally,MtM-band,V,4.5,13.95180878563977,0.05539271464739251
Rally,MtM-band,V,4.75,18.60095282375776,0.07385116064639183
Rally,MtM-band,V,5.0,21.039312376534472,0.08353215305317749
Rally,MtM-band,V,5.25,24.281725351082272,0.09640547001355565
Rally,MtM-band,V,5.5,24.370123118869945,0.09675643470937122
Rally,MtM-band,V,5.75,21.147150832119287,0.08396030290026925
Rally,MtM-band,V,6.0,17.63315442891353,0.07000872120750064
Rally,MtM-band,V,6.25,13.761624549308738,0.05463762824279956
Rally,MtM-band,V,6.5,9.561536487080359,0.03796206429983603
Rally,MtM-band,V,6.75,5.0,0.019851445607685928
Rally,MtM-band,V,7.0,0.0,0.0
Rally,0.5y-greedy,dK_0.5y,0.0,47.90547179127196,0.9999999999999791
Rally,0.5y-greedy,dK_0.5y,0.25,47.90547179127195,0.9999999999999789
Rally,0.5y-greedy,dK_0.5y,0.5,47.90547179127199,0.9999999999999798
Rally,0.5y-greedy,dK_0.5y,0.75,47.91171698490818,1.0001303649333093
Rally,0.5y-greedy,dK_0.5y,1.0,47.91784676494477,1.0002583206721296
Rally,0.5y-greedy,dK_0.5y,1.25,50.366549204525526,1.0513736181114264
Rally,0.5y-greedy,dK_0.5y,1.5,62.80646769265252,1.3110499770528115
Rally,0.5y-greedy,dK_0.5y,1.75,41.05496676571142,0.8569995290849112
Rally,0.5y-greedy,dK_0.5y,2.0,41.347758880961564,0.8631114011592717
Rally,0.5y-greedy,dK_0.5y,2.25,43.0606564052109,0.898867181453275
Rally,0.5y-greedy,dK_0.5y,2.5,41.79372671747754,0.8724207309673379
Rally,0.5y-greedy,dK_0.5y,2.75,31.232389160843116,0.6519587010211386
Rally,0.5y-greedy,dK_0.5y,3.0,28.886646044332252,0.6029926220159801
Rally,0.5y-greedy,dK_0.5y,3.25,28.789671502139534,0.6009683325440959
Rally,0.5y-greedy,dK_0.5y,3.5,28.548801911729576,0.595940314211254
Rally,0.5y-greedy,dK_0.5y,3.75,25.10208034240709,0.5239919241747242
Rally,0.5y-greedy,dK_0.5y,4.0,17.42285731063312,0.36369242717294514
Rally,0.5y-greedy,dK_0.5y,4.25,16.233460792744673,0.338864438356329
Rally,0.5y-greedy,dK_0.5y,4.5,14.50423346039009,0.3027677824275672
Rally,0.5y-greedy,dK_0.5y,4.75,14.511319769094772,0.30291570516874294
Rally,0.5y-greedy,dK_0.5y,5.0,14.508551897695224,0.30285792739730993
Rally,0.5y-greedy,dK_0.5y,5.25,14.50674144571632,0.3028201352221949
Rally,0.5y-greedy,dK_0.5y,5.5,14.5117578873253,0.3029248506424049
Rally,0.5y-greedy,dK_0.5y,5.75,14.51189985214231,0.3029278140787661
Rally,0.5y-greedy,dK_0.5y,6.0,14.508028897273235,0.30284701005525205
Rally,0.5y-greedy,dK_0.5y,6.25,14.505218427631913,0.30278834306928504
Rally,0.5y-greedy,dK_0.5y,6.5,14.14512000756676,0.2952714894281368
Rally,0.5y-greedy,dK_0.5y,6.75,6.25,0.1304652634928976
Rally,0.5y-greedy,dK_0.5y,7.0,0.0,0.0
Rally,0.5y-greedy,dK_1y,0.0,88.5232948237741,0.9999999999999888
Rally,0.5y-greedy,dK_1y,0.25,88.98921824365634,1.0052632860176383
Rally,0.5y-greedy,dK_1y,0.5,92.9875786424456,1.0504306106947063
Rally,0.5y-greedy,dK_1y,0.75,96.60672423370643,1.0913141498633006
Rally,0.5y-greedy,dK_1y,1.0,102.60866946930065,1.1591148936962363
Rally,0.5y-greedy,dK_1y,1.25,107.83909094308555,1.2182001489863516
Rally,0.5y-greedy,dK_1y,1.5,80.24022272775254,0.9064305942010878
Rally,0.5y-greedy,dK_1y,1.75,88.53463489403296,1.000128102668122
Rally,0.5y-greedy,dK_1y,2.0,85.88655398296498,0.9702141583629584
Rally,0.5y-greedy,dK_1y,2.25,90.96721458455247,1.0276076457122674
Rally,0.5y-greedy,dK_1y,2.5,91.3501852111426,1.0319338586865192
Rally,0.5y-greedy,dK_1y,2.75,64.70446685379338,0.7309315246636687
Rally,0.5y-greedy,dK_1y,3.0,61.25638799826191,0.69198043430496
Rally,0.5y-greedy,dK_1y,3.25,67.05874439653148,0.7575265305028075
Rally,0.5y-greedy,dK_1y,3.5,66.68409978908856,0.7532943720840689
Rally,0.5y-greedy,dK_1y,3.75,57.05704909883799,0.6445427637145961
Rally,0.5y-greedy,dK_1y,4.0,15.938402391507402,0.18004755045817336
Rally,0.5y-greedy,dK_1y,4.25,34.92712111223635,0.3945528821737419
Rally,0.5y-greedy,dK_1y,4.5,32.05604244226657,0.36211985224997684
Rally,0.5y-greedy,dK_1y,4.75,32.46427646633841,0.3667314522235715
Rally,0.5y-greedy,dK_1y,5.0,32.795379494314574,0.37047174486219614
Rally,0.5y-greedy,dK_1y,5.25,33.12476433913907,0.3741926281108394
Rally,0.5y-greedy,dK_1y,5.5,32.7174751214944,0.3695917011067614
Rally,0.5y-greedy,dK_1y,5.75,32.637175227777114,0.36868459644151885
Rally,0.5y-greedy,dK_1y,6.0,32.83812193469603,0.3709545831983261
Rally,0.5y-greedy,dK_1y,6.25,23.40876889807116,0.26443625877992244
Rally,0.5y-greedy,dK_1y,6.5,14.14512000756676,0.15978980488385236
Rally,0.5y-greedy,dK_1y,6.75,6.25,0.0706028849518309
Rally,0.5y-greedy,dK_1y,7.0,0.0,0.0
Rally,0.5y-greedy,dK_3y,0.0,222.2225160957625,0.9999999999999956
Rally,0.5y-greedy,dK_3y,0.25,233.7101596713592,1.0516943277280024
Rally,0.5y-greedy,dK_3y,0.5,298.4164009694498,1.3428720285070108
Rally,0.5y-greedy,dK_3y,0.75,324.95811328808946,1.4623095759929816
Rally,0.5y-greedy,dK_3y,1.0,330.69883750816956,1.4881428008206865
Rally,0.5y-greedy,dK_3y,1.25,261.6060097621475,1.1772254871302612
Rally,0.5y-greedy,dK_3y,1.5,21.505860451671804,0.09677624405262414
Rally,0.5y-greedy,dK_3y,1.75,219.83558958695363,0.9892588449147914
Rally,0.5y-greedy,dK_3y,2.0,190.56833573719038,0.857556376758275
Rally,0.5y-greedy,dK_3y,2.25,188.43676176105413,0.8479643065505122
Rally,0.5y-greedy,dK_3y,2.5,251.91250575579502,1.1336047767870518
Rally,0.5y-greedy,dK_3y,2.75,187.2392747614764,0.8425756221785753
Rally,0.5y-greedy,dK_3y,3.0,196.2931988493172,0.8833182266945784
Rally,0.5y-greedy,dK_3y,3.25,229.1400966904054,1.0311290715098413
Rally,0.5y-greedy,dK_3y,3.5,226.1894061334391,1.01785098156285
Rally,0.5y-greedy,dK_3y,3.75,185.54866589758996,0.8349678923517836
Rally,0.5y-greedy,dK_3y,4.0,12.310570481725978,0.055397493908407196
Rally,0.5y-greedy,dK_3y,4.25,101.48426597990628,0.45667859298367924
Rally,0.5y-greedy,dK_3y,4.5,92.09073437360885,0.4144077566556024
Rally,0.5y-greedy,dK_3y,4.75,84.38795953723736,0.37974531573061493
Rally,0.5y-greedy,dK_3y,5.0,75.06171461455827,0.3377772690784022
Rally,0.5y-greedy,dK_3y,5.25,65.21934249233763,0.2934866530996901
Rally,0.5y-greedy,dK_3y,5.5,52.85385950585084,0.23784205324663976
Rally,0.5y-greedy,dK_3y,5.75,42.43780114213664,0.19096985259517402
Rally,0.5y-greedy,dK_3y,6.0,32.83812193469603,0.14777135328872312
Rally,0.5y-greedy,dK_3y,6.25,23.40876889807116,0.10533932073734373
Rally,0.5y-greedy,dK_3y,6.5,14.14512000756676,0.06365295585741244
Rally,0.5y-greedy,dK_3y,6.75,6.25,0.02812496280667912
Rally,0.5y-greedy,dK_3y,7.0,0.0,0.0
Rally,0.5y-greedy,MtM,0.0,644.18079456557,0.9999999999999984
Rally,0.5y-greedy,MtM,0.25,632.0435027936431,0.9811585631327101
Rally,0.5y-greedy,MtM,0.5,671.8199904719646,1.0429059607792766
Rally,0.5y-greedy,MtM,0.75,666.829411270985,1.0351587891108862
Rally,0.5y-greedy,MtM,1.0,668.3931058932791,1.0375862048852864
Rally,0.5y-greedy,MtM,1.25,662.6566104481565,1.0286811032530787
Rally,0.5y-greedy,MtM,1.5,649.2121418648791,1.007810458401979
Rally,0.5y-greedy,MtM,1.75,591.1773919393543,0.9177196788954851
Rally,0.5y-greedy,MtM,2.0,492.2910364375788,0.7642125325539624
Rally,0.5y-greedy,MtM,2.25,434.98495615255433,0.6752529100869947
Rally,0.5y-greedy,MtM,2.5,362.3149656913299,0.5624429799023603
Rally,0.5y-greedy,MtM,2.75,291.80176778273784,0.4529811665365249
Rally,0.5y-greedy,MtM,3.0,251.6894094602276,0.39071237699653
Rally,0.5y-greedy,MtM,3.25,214.76092042728675,0.333386096324277
Rally,0.5y-greedy,MtM,3.5,181.79026977716254,0.28220380258272065
Rally,0.5y-greedy,MtM,3.75,152.10379839757246,0.2361197348333704
Rally,0.5y-greedy,MtM,4.0,124.14107340298797,0.1927115406889885
Rally,0.5y-greedy,MtM,4.25,98.43093400674397,0.15280016858174852
Rally,0.5y-greedy,MtM,4.5,76.38568142116868,0.11857801732925369
Rally,0.5y-greedy,MtM,4.75,67.98699468811836,0.10554023848843258
Rally,0.5y-greedy,MtM,5.0,60.33108093311004,0.09365551013329527
Rally,0.5y-greedy,MtM,5.25,52.66281225710434,0.0817516025025546
Rally,0.5y-greedy,MtM,5.5,44.7721105442927,0.06950239889484218
Rally,0.5y-greedy,MtM,5.75,37.26112273344698,0.057842647666289874
Rally,0.5y-greedy,MtM,6.0,29.896675083671116,0.046410379408832164
Rally,0.5y-greedy,MtM,6.25,22.459876362692352,0.034865796298443
Rally,0.5y-greedy,MtM,6.5,12.485349032086578,0.01938174676645952
Rally,0.5y-greedy,MtM,6.75,6.246897143162724,0.009697428417398827
Rally,0.5y-greedy,MtM,7.0,0.0,0.0
Rally,0.5y-greedy,V,0.0,251.87082587396654,0.999999999999996
Rally,0.5y-greedy,V,0.25,246.08136250012402,0.9770141565472911
Rally,0.5y-greedy,V,0.5,193.33447979002088,0.7675937819283708
Rally,0.5y-greedy,V,0.75,174.394732442431,0.692397509069572
Rally,0.5y-greedy,V,1.0,162.86326571299543,0.6466142521583259
Rally,0.5y-greedy,V,1.25,169.63788103802068,0.6735114336858727
Rally,0.5y-greedy,V,1.5,187.69297062279017,0.7451953594526624
Rally,0.5y-greedy,V,1.75,179.37454649728377,0.7121688106388319
Rally,0.5y-greedy,V,2.0,139.5266951349757,0.5539613198584294
Rally,0.5y-greedy,V,2.25,127.5487806284305,0.5064055361943905
Rally,0.5y-greedy,V,2.5,130.97379876201856,0.5200038484312428
Rally,0.5y-greedy,V,2.75,85.35804960092044,0.33889613576616595
Rally,0.5y-greedy,V,3.0,85.5850105941428,0.33979723652856997
Rally,0.5y-greedy,V,3.25,68.37037580593338,0.2714501592977065
Rally,0.5y-greedy,V,3.5,66.62320721388383,0.26451339484320074
Rally,0.5y-greedy,V,3.75,41.69008547116556,0.1655216928221241
Rally,0.5y-greedy,V,4.0,39.324250889424626,0.1561286455188816
Rally,0.5y-greedy,V,4.25,34.44069041160226,0.13673949847941452
Rally,0.5y-greedy,V,4.5,31.998762952898645,0.1270443404545406
Rally,0.5y-greedy,V,4.75,37.12811166268712,0.1474093378375846
Rally,0.5y-greedy,V,5.0,38.633591072833156,0.15338652636238562
Rally,0.5y-greedy,V,5.25,40.41710216628373,0.16046758105485331
Rally,0.5y-greedy,V,5.5,42.969481110383825,0.17060126341065449
Rally,0.5y-greedy,V,5.75,38.850064424240884,0.1542459881545824
Rally,0.5y-greedy,V,6.0,31.911512168183446,0.12669792961314028
Rally,0.5y-greedy,V,6.25,23.349054254468307,0.09270249610469707
Rally,0.5y-greedy,V,6.5,14.11140984671761,0.05602637700397565
Rally,0.5y-greedy,V,6.75,6.25,0.02481430700960741
Rally,0.5y-greedy,V,7.0,0.0,0.0
Rally,Optimal V,dK_0.5y,0.0,59.62890661504572,0.9999999999999832
Rally,Optimal V,dK_0.5y,0.25,69.97871386717225,1.17357030070905
Rally,Optimal V,dK_0.5y,0.5,74.33390919098198,1.246608623412602
Rally,Optimal V,dK_0.5y,0.75,73.097433298841,1.2258724408740984
Rally,Optimal V,dK_0.5y,1.0,39.25034313300899,0.6582435493308976
Rally,Optimal V,dK_0.5y,1.25,35.361392940859275,0.5930243391706969
Rally,Optimal V,dK_0.5y,1.5,27.382737682716865,0.4592191813862158
Rally,Optimal V,dK_0.5y,1.75,22.46717499655449,0.37678327965324687
Rally,Optimal V,dK_0.5y,2.0,23.230825975038556,0.3895900041403158
Rally,Optimal V,dK_0.5y,2.25,18.455526358126434,0.30950636873608844
Rally,Optimal V,dK_0.5y,2.5,8.667473159367095,0.14535690240511553
Rally,Optimal V,dK_0.5y,2.75,6.090568857937184,0.1021412131075416
Rally,Optimal V,dK_0.5y,3.0,7.141746248939363,0.11976986757522096
Rally,Optimal V,dK_0.5y,3.25,5.068056254655386,0.08499327829996661
Rally,Optimal V,dK_0.5y,3.5,0.0,0.0
Rally,Optimal V,dK_0.5y,3.75,0.0,0.0
Rally,Optimal V,dK_0.5y,4.0,0.0,0.0
Rally,Optimal V,dK_0.5y,4.25,0.0,0.0
Rally,Optimal V,dK_0.5y,4.5,0.0,0.0
Rally,Optimal V,dK_0.5y,4.75,0.0,0.0
Rally,Optimal V,dK_0.5y,5.0,0.0,0.0
Rally,Optimal V,dK_0.5y,5.25,0.0,0.0
Rally,Optimal V,dK_0.5y,5.5,0.0,0.0
Rally,Optimal V,dK_0.5y,5.75,0.0,0.0
Rally,Optimal V,dK_0.5y,6.0,0.0,0.0
Rally,Optimal V,dK_0.5y,6.25,0.0,0.0
Rally,Optimal V,dK_0.5y,6.5,0.0,0.0
Rally,Optimal V,dK_0.5y,6.75,0.0,0.0
Rally,Optimal V,dK_0.5y,7.0,0.0,0.0
Rally,Optimal V,dK_1y,0.0,101.71408819334584,0.9999999999999902
Rally,Optimal V,dK_1y,0.25,112.67578342561758,1.107769684878203
Rally,Optimal V,dK_1y,0.5,119.0012794672584,1.169958671222128
Rally,Optimal V,dK_1y,0.75,109.32195419978119,1.0747965807054443
Rally,Optimal V,dK_1y,1.0,81.61107918887318,0.8023576737348307
Rally,Optimal V,dK_1y,1.25,65.94042008225968,0.6482919058067402
Rally,Optimal V,dK_1y,1.5,53.85616304560246,0.529485777262517
Rally,Optimal V,dK_1y,1.75,41.55383841314529,0.40853572156254503
Rally,Optimal V,dK_1y,2.0,33.868817183132215,0.33298059083763765
Rally,Optimal V,dK_1y,2.25,20.46541942762206,0.2012053570073758
Rally,Optimal V,dK_1y,2.5,14.92398264567661,0.14672483341056775
Rally,Optimal V,dK_1y,2.75,12.703905292488525,0.1248981878335266
Rally,Optimal V,dK_1y,3.0,7.8325720708228115,0.07700577383079901
Rally,Optimal V,dK_1y,3.25,3.0454041935377334,0.029940829708356317
Rally,Optimal V,dK_1y,3.5,-0.023398538738563925,-0.00023004226016445215
Rally,Optimal V,dK_1y,3.75,-0.02344342241337355,-0.0002304835331051711
Rally,Optimal V,dK_1y,4.0,-0.015736878381594162,-0.00015471680139018853
Rally,Optimal V,dK_1y,4.25,-0.023311141819409343,-0.0002291830191221646
Rally,Optimal V,dK_1y,4.5,-0.017870674275144837,-0.00017569517254261506
Rally,Optimal V,dK_1y,4.75,-0.023363078585156474,-0.00022969363438372407
Rally,Optimal V,dK_1y,5.0,-0.022692798694167786,-0.00022310379119784638
Rally,Optimal V,dK_1y,5.25,-0.0038139845875013395,-3.7497112300229165e-05
Rally,Optimal V,dK_1y,5.5,-0.002567042679217666,-2.5237828159438557e-05
Rally,Optimal V,dK_1y,5.75,-0.0005109674151325922,-5.023565803011493e-06
Rally,Optimal V,dK_1y,6.0,0.0,0.0
Rally,Optimal V,dK_1y,6.25,0.0,0.0
Rally,Optimal V,dK_1y,6.5,0.0,0.0
Rally,Optimal V,dK_1y,6.75,0.0,0.0
Rally,Optimal V,dK_1y,7.0,0.0,0.0
Rally,Optimal V,dK_3y,0.0,208.16107327120125,0.9999999999999952
Rally,Optimal V,dK_3y,0.25,209.53814635072808,1.0066154207310976
Rally,Optimal V,dK_3y,0.5,178.7769434496185,0.858839458502884
Rally,Optimal V,dK_3y,0.75,155.2318915114157,0.7457296845754257
Rally,Optimal V,dK_3y,1.0,109.62725533582156,0.5266462821941444
Rally,Optimal V,dK_3y,1.25,78.91600961665483,0.3791103128769867
Rally,Optimal V,dK_3y,1.5,53.64328837156502,0.25770086370411804
Rally,Optimal V,dK_3y,1.75,37.097379303582784,0.1782147772424796
Rally,Optimal V,dK_3y,2.0,26.86803373660245,0.12907328596253673
Rally,Optimal V,dK_3y,2.25,17.034884383937367,0.08183511026455702
Rally,Optimal V,dK_3y,2.5,13.966096528577886,0.06709273885411891
Rally,Optimal V,dK_3y,2.75,9.261739455163934,0.04449313846060591
Rally,Optimal V,dK_3y,3.0,5.168325481755401,0.024828491708542733
Rally,Optimal V,dK_3y,3.25,2.1553734815352703,0.010354354191511811
Rally,Optimal V,dK_3y,3.5,0.0003238627284669088,1.55582752998667e-06
Rally,Optimal V,dK_3y,3.75,0.054144699380604885,0.00026010962823035875
Rally,Optimal V,dK_3y,4.0,0.07827698895079872,0.0003760404753909762
Rally,Optimal V,dK_3y,4.25,0.06523492394049786,0.00031338675822211327
Rally,Optimal V,dK_3y,4.5,0.03262652933724487,0.0001567369384896352
Rally,Optimal V,dK_3y,4.75,0.026914478415792732,0.0001292964049081706
Rally,Optimal V,dK_3y,5.0,0.008403132891971064,4.036841643789499e-05
Rally,Optimal V,dK_3y,5.25,0.001582147225716754,7.6005912193556794e-06
Rally,Optimal V,dK_3y,5.5,0.000793638684843139,3.8126181440712904e-06
Rally,Optimal V,dK_3y,5.75,7.091065729631735e-05,3.406528232294976e-07
Rally,Optimal V,dK_3y,6.0,0.0,0.0
Rally,Optimal V,dK_3y,6.25,0.0,0.0
Rally,Optimal V,dK_3y,6.5,0.0,0.0
Rally,Optimal V,dK_3y,6.75,0.0,0.0
Rally,Optimal V,dK_3y,7.0,0.0,0.0
Rally,Optimal V,MtM,0.0,644.18079456557,0.9999999999999984
Rally,Optimal V,MtM,0.25,632.0435027936431,0.9811585631327101
Rally,Optimal V,MtM,0.5,671.8199904719646,1.0429059607792766
Rally,Optimal V,MtM,0.75,633.4879407074358,0.9834008496553419
Rally,Optimal V,MtM,1.0,568.1341400092872,0.8819482741524933
Rally,Optimal V,MtM,1.25,496.9924578361173,0.771510827439809
Rally,Optimal V,MtM,1.5,421.98789221217135,0.6550767979612862
Rally,Optimal V,MtM,1.75,342.2605953333104,0.5313113930447546
Rally,Optimal V,MtM,2.0,260.62466634930644,0.40458310546974485
Rally,Optimal V,MtM,2.25,190.30591831674252,0.2954231481630602
Rally,Optimal V,MtM,2.5,120.77165523044332,0.18748099330078677
Rally,Optimal V,MtM,2.75,89.78515931776549,0.1393788204727769
Rally,Optimal V,MtM,3.0,62.9223523650569,0.0976780942491325
Rally,Optimal V,MtM,3.25,39.0474400776885,0.060615653877141275
Rally,Optimal V,MtM,3.5,18.17902697771625,0.028220380258272063
Rally,Optimal V,MtM,3.75,0.0,0.0
Rally,Optimal V,MtM,4.0,0.0,0.0
Rally,Optimal V,MtM,4.25,0.0,0.0
Rally,Optimal V,MtM,4.5,0.0,0.0
Rally,Optimal V,MtM,4.75,0.0,0.0
Rally,Optimal V,MtM,5.0,0.0,0.0
Rally,Optimal V,MtM,5.25,0.0,0.0
Rally,Optimal V,MtM,5.5,0.0,0.0
Rally,Optimal V,MtM,5.75,0.0,0.0
Rally,Optimal V,MtM,6.0,0.0,0.0
Rally,Optimal V,MtM,6.25,0.0,0.0
Rally,Optimal V,MtM,6.5,0.0,0.0
Rally,Optimal V,MtM,6.75,0.0,0.0
Rally,Optimal V,MtM,7.0,0.0,0.0
Rally,Optimal V,V,0.0,251.87082587396654,0.999999999999996
Rally,Optimal V,V,0.25,246.08136250012402,0.9770141565472911
Rally,Optimal V,V,0.5,193.33447979002088,0.7675937819283708
Rally,Optimal V,V,0.75,161.58537609275814,0.6415406609005725
Rally,Optimal V,V,1.0,112.65160005877723,0.447259422237121
Rally,Optimal V,V,1.25,81.51495413528386,0.32363793564592014
Rally,Optimal V,V,1.5,56.21977012180068,0.22320874172990654
Rally,Optimal V,V,1.75,39.20181400933996,0.1556425357058065
Rally,Optimal V,V,2.0,28.45147299930514,0.11296057374085015
Rally,Optimal V,V,2.25,18.102331598466613,0.07187149021985084
Rally,Optimal V,V,2.5,15.591893709568783,0.06190432597926501
Rally,Optimal V,V,2.75,10.70060099100335,0.042484479708490626
Rally,Optimal V,V,3.0,6.229054676357354,0.024731148019001937
Rally,Optimal V,V,3.25,2.7513200084809806,0.010923535899539634
Rally,Optimal V,V,3.5,0.22329898592147102,0.0008865615346543015
Rally,Optimal V,V,3.75,0.11137475777594474,0.0004421899892116725
Rally,Optimal V,V,4.0,0.06578469831263695,0.00026118427207426814
Rally,Optimal V,V,4.25,0.054814669251572,0.0002176300850301752
Rally,Optimal V,V,4.5,0.02717890903610624,0.00010790812688130132
Rally,Optimal V,V,4.75,0.022686091637397286,9.007034283815417e-05
Rally,Optimal V,V,5.0,0.007021270771399462,2.7876474963054288e-05
Rally,Optimal V,V,5.25,0.0013445837338883994,5.338386171652962e-06
Rally,Optimal V,V,5.5,0.0006874390690540541,2.729331857584961e-06
Rally,Optimal V,V,5.75,4.605558381964159e-05,1.8285398342516702e-07
Rally,Optimal V,V,6.0,0.0,0.0
Rally,Optimal V,V,6.25,0.0,0.0
Rally,Optimal V,V,6.5,0.0,0.0
Rally,Optimal V,V,6.75,0.0,0.0
Rally,Optimal V,V,7.0,0.0,0.0
Hump vol,Passive q,dK_0.5y,0.0,47.90547179127196,0.9999999999999791
Hump vol,Passive q,dK_0.5y,0.25,47.905471791271935,0.9999999999999787
Hump vol,Passive q,dK_0.5y,0.5,47.905471791271935,0.9999999999999787
Hump vol,Passive q,dK_0.5y,0.75,47.90547179127195,0.9999999999999789
Hump vol,Passive q,dK_0.5y,1.0,47.90547179127195,0.9999999999999789
Hump vol,Passive q,dK_0.5y,1.25,47.905471791271935,0.9999999999999787
Hump vol,Passive q,dK_0.5y,1.5,47.90547179127193,0.9999999999999785
Hump vol,Passive q,dK_0.5y,1.75,47.90547179127193,0.9999999999999785
Hump vol,Passive q,dK_0.5y,2.0,47.90547179127195,0.9999999999999789
Hump vol,Passive q,dK_0.5y,2.25,47.905471791271886,0.9999999999999776
Hump vol,Passive q,dK_0.5y,2.5,47.90547179127193,0.9999999999999785
Hump vol,Passive q,dK_0.5y,2.75,49.08294838889074,1.0245791671303879
Hump vol,Passive q,dK_0.5y,3.0,50.92066893381703,1.0629405583496072
Hump vol,Passive q,dK_0.5y,3.25,51.782150861337364,1.0809235130165367
Hump vol,Passive q,dK_0.5y,3.5,52.42018001311436,1.0942420156409745
Hump vol,Passive q,dK_0.5y,3.75,52.76801284916389,1.1015028320580438
Hump vol,Passive q,dK_0.5y,4.0,49.52085417446956,1.0337202061224848
Hump vol,Passive q,dK_0.5y,4.25,53.66307197319463,1.1201866919713865
Hump vol,Passive q,dK_0.5y,4.5,53.80189022986948,1.12308444564094
Hump vol,Passive q,dK_0.5y,4.75,54.64882070320555,1.1407636468191729
Hump vol,Passive q,dK_0.5y,5.0,54.99109671682193,1.1479084676677742
Hump vol,Passive q,dK_0.5y,5.25,55.7102260173252,1.1629198906558738
Hump vol,Passive q,dK_0.5y,5.5,56.67148610826454,1.182985658823811
Hump vol,Passive q,dK_0.5y,5.75,57.86182264926576,1.2078332700985228
Hump vol,Passive q,dK_0.5y,6.0,57.03264660423286,1.1905246827069682
Hump vol,Passive q,dK_0.5y,6.25,51.136511588683945,1.067446153364042
Hump vol,Passive q,dK_0.5y,6.5,48.006349153362514,1.0021057586600772
Hump vol,Passive q,dK_0.5y,6.75,25.000000000000014,0.5218610539715908
Hump vol,Passive q,dK_0.5y,7.0,0.0,0.0
Hump vol,Passive q,dK_1y,0.0,88.52330898856503,0.9999999999999888
Hump vol,Passive q,dK_1y,0.25,89.18052557526545,1.0074242207415034
Hump vol,Passive q,dK_1y,0.5,89.39770453521886,1.0098775741287052
Hump vol,Passive q,dK_1y,0.75,88.16694602335315,0.9959743600947079
Hump vol,Passive q,dK_1y,1.0,88.1268385948108,0.9955212881411106
Hump vol,Passive q,dK_1y,1.25,89.36656401220854,1.009525796462844
Hump vol,Passive q,dK_1y,1.5,89.51136829481486,1.0111615722179619
Hump vol,Passive q,dK_1y,1.75,91.7211029270042,1.0361237506253997
Hump vol,Passive q,dK_1y,2.0,91.74832574445477,1.0364312720879572
Hump vol,Passive q,dK_1y,2.25,98.04530097899995,1.1075647995903972
Hump vol,Passive q,dK_1y,2.5,99.61731987508611,1.1253230478308602
Hump vol,Passive q,dK_1y,2.75,103.0312742385797,1.1638886460049473
Hump vol,Passive q,dK_1y,3.0,106.14807714827299,1.1990974847312073
Hump vol,Passive q,dK_1y,3.25,108.70566269207677,1.227989146972777
Hump vol,Passive q,dK_1y,3.5,110.84162291598916,1.2521179357439727
Hump vol,Passive q,dK_1y,3.75,114.7134400269582,1.2958557620318392
Hump vol,Passive q,dK_1y,4.0,99.19137966509531,1.1205114313780025
Hump vol,Passive q,dK_1y,4.25,117.19019359337481,1.3238343090915354
Hump vol,Passive q,dK_1y,4.5,117.29432902741016,1.3250106708342804
Hump vol,Passive q,dK_1y,4.75,120.74280530774662,1.3639662444536746
Hump vol,Passive q,dK_1y,5.0,122.56114474766238,1.38450704281166
Hump vol,Passive q,dK_1y,5.25,126.75243315970496,1.431853763804477
Hump vol,Passive q,dK_1y,5.5,130.90975976519408,1.4788168366153465
Hump vol,Passive q,dK_1y,5.75,135.52425277313824,1.530944271306476
Hump vol,Passive q,dK_1y,6.0,131.43819029788068,1.4847862308768607
Hump vol,Passive q,dK_1y,6.25,77.69287347377448,0.8776544207561148
Hump vol,Passive q,dK_1y,6.5,48.006349153362514,0.5423017926223609
Hump vol,Passive q,dK_1y,6.75,25.000000000000014,0.2824114946180909
Hump vol,Passive q,dK_1y,7.0,0.0,0.0
Hump vol,Passive q,dK_3y,0.0,222.24866485454163,0.9999999999999956
Hump vol,Passive q,dK_3y,0.25,237.93569417091382,1.0705832330945073
Hump vol,Passive q,dK_3y,0.5,242.3642957334016,1.0905095690542135
Hump vol,Passive q,dK_3y,0.75,206.5993069354999,0.92958626802422
Hump vol,Passive q,dK_3y,1.0,199.82629764510136,0.8991113524838664
Hump vol,Passive q,dK_3y,1.25,242.63062940820592,1.091707927995891
Hump vol,Passive q,dK_3y,1.5,244.80982446694208,1.101513139020049
Hump vol,Passive q,dK_3y,1.75,282.6943428199946,1.2719731882529528
Hump vol,Passive q,dK_3y,2.0,280.3577108461413,1.2614595954024286
Hump vol,Passive q,dK_3y,2.25,335.71945215086146,1.5105577906197243
Hump vol,Passive q,dK_3y,2.5,348.8705829511557,1.569730838110927
Hump vol,Passive q,dK_3y,2.75,355.1540609039378,1.598003124726887
Hump vol,Passive q,dK_3y,3.0,347.22014443312713,1.5623047484239145
Hump vol,Passive q,dK_3y,3.25,351.0993815166356,1.5797592383577344
Hump vol,Passive q,dK_3y,3.5,356.60205992229294,1.6045183450513953
Hump vol,Passive q,dK_3y,3.75,378.6458073698557,1.7037034063519432
Hump vol,Passive q,dK_3y,4.0,305.4304100572142,1.3742733179392208
Hump vol,Passive q,dK_3y,4.25,351.31694514365654,1.5807381581958504
Hump vol,Passive q,dK_3y,4.5,319.6664726591879,1.4383279776659323
Hump vol,Passive q,dK_3y,4.75,296.58042893632717,1.3344531411715486
Hump vol,Passive q,dK_3y,5.0,265.72750968141213,1.1956315231649448
Hump vol,Passive q,dK_3y,5.25,239.99783283629054,1.0798617530204935
Hump vol,Passive q,dK_3y,5.5,209.31230447638782,0.9417933044204275
Hump vol,Passive q,dK_3y,5.75,176.61013278780246,0.7946510405513136
Hump vol,Passive q,dK_3y,6.0,131.43819029788068,0.5914014843864389
Hump vol,Passive q,dK_3y,6.25,77.69287347377448,0.34957633389889176
Hump vol,Passive q,dK_3y,6.5,48.006349153362514,0.21600286861017468
Hump vol,Passive q,dK_3y,6.75,25.000000000000014,0.11248661501009251
Hump vol,Passive q,dK_3y,7.0,0.0,0.0
Hump vol,Passive q,MtM,0.0,644.18079456557,0.9999999999999984
Hump vol,Passive q,MtM,0.25,635.9804382116916,0.987270101153187
Hump vol,Passive q,MtM,0.5,616.366911536926,0.9568228620547398
Hump vol,Passive q,MtM,0.75,556.8171962333595,0.8643803120657632
Hump vol,Passive q,MtM,1.0,522.757843115268,0.8115079610031072
Hump vol,Passive q,MtM,1.25,555.8325818655792,0.8628518368673612
Hump vol,Passive q,MtM,1.5,531.2506275530063,0.8246918132839964
Hump vol,Passive q,MtM,1.75,528.0817919752665,0.8197726421375221
Hump vol,Passive q,MtM,2.0,495.80327342473976,0.7696647860467565
Hump vol,Passive q,MtM,2.25,506.2107074593425,0.7858208622949181
Hump vol,Passive q,MtM,2.5,469.6083737819366,0.7290008918981135
Hump vol,Passive q,MtM,2.75,436.5844161694437,0.6777358466016855
Hump vol,Passive q,MtM,3.0,394.88263218332816,0.6129996974679026
Hump vol,Passive q,MtM,3.25,367.5309920893832,0.5705401266072242
Hump vol,Passive q,MtM,3.5,340.13871644498283,0.5280174747748712
Hump vol,Passive q,MtM,3.75,323.32334139374785,0.5019139721664534
Hump vol,Passive q,MtM,4.0,288.8992604292798,0.44847543246630095
Hump vol,Passive q,MtM,4.25,272.23575365560663,0.42260768397977416
Hump vol,Passive q,MtM,4.5,244.30877392419217,0.37925497932447916
Hump vol,Passive q,MtM,4.75,221.11570702584808,0.3432510079332096
Hump vol,Passive q,MtM,5.0,198.47330940462984,0.3081018730750553
Hump vol,Passive q,MtM,5.25,174.63192280133998,0.2710914766080693
Hump vol,Passive q,MtM,5.5,150.30966053200265,0.2333345883640787
Hump vol,Passive q,MtM,5.75,124.85514669435025,0.19382003895125638
Hump vol,Passive q,MtM,6.0,99.94463186104574,0.1551499714120589
Hump vol,Passive q,MtM,6.25,74.60480370789799,0.11581345537972879
Hump vol,Passive q,MtM,6.5,50.083187398428294,0.07774709805219183
Hump vol,Passive q,MtM,6.75,25.055007079988673,0.03889437141150027
Hump vol,Passive q,MtM,7.0,0.0,0.0
Hump vol,Passive q,V,0.0,251.87082587396654,0.999999999999996
Hump vol,Passive q,V,0.25,242.11204415163883,0.9612548150883824
Hump vol,Passive q,V,0.5,238.03144697832585,0.9450536645218025
Hump vol,Passive q,V,0.75,259.8097035336152,1.0315196396093138
Hump vol,Passive q,V,1.0,265.0646934585377,1.052383468942021
Hump vol,Passive q,V,1.25,223.61075383079617,0.8877993433931396
Hump vol,Passive q,V,1.5,224.6869176805661,0.8920720250188727
Hump vol,Passive q,V,1.75,205.3578745989183,0.8153301355420829
Hump vol,Passive q,V,2.0,212.77992629206744,0.8447978266388796
Hump vol,Passive q,V,2.25,166.02968530483557,0.6591858534180309
Hump vol,Passive q,V,2.5,178.46034376076403,0.708539161459148
Hump vol,Passive q,V,2.75,197.90393674488644,0.7857358471676059
Hump vol,Passive q,V,3.0,240.05959734446614,0.953106007857331
Hump vol,Passive q,V,3.25,246.44631443816473,0.978463121256778
Hump vol,Passive q,V,3.5,259.84021314005616,1.0316407715678686
Hump vol,Passive q,V,3.75,248.40839101618047,0.9862531325500968
Hump vol,Passive q,V,4.0,248.35985116784462,0.986060415318288
Hump vol,Passive q,V,4.25,239.7564582828506,0.9519024581386858
Hump vol,Passive q,V,4.5,256.77521726366933,1.0194718517822936
Hump vol,Passive q,V,4.75,240.02546459512973,0.9529704909739525
Hump vol,Passive q,V,5.0,206.1912127393869,0.8186387288957474
Hump vol,Passive q,V,5.25,189.19815806688536,0.7511713887878279
Hump vol,Passive q,V,5.5,169.1843170329239,0.6717106534505162
Hump vol,Passive q,V,5.75,171.08120260091766,0.6792418375859227
Hump vol,Passive q,V,6.0,131.1363579852425,0.5206492555468144
Hump vol,Passive q,V,6.25,77.67733126440912,0.3084014633091238
Hump vol,Passive q,V,6.5,48.219739282167424,0.19144630631534862
Hump vol,Passive q,V,6.75,25.000000000000014,0.09925722803842969
Hump vol,Passive q,V,7.0,0.0,0.0
Hump vol,CAR-target,dK_0.5y,0.0,54.690075737217185,0.9999999999999817
Hump vol,CAR-target,dK_0.5y,0.25,65.72735345485432,1.2018150015126958
Hump vol,CAR-target,dK_0.5y,0.5,72.9065436041937,1.3330854386544335
Hump vol,CAR-target,dK_0.5y,0.75,57.05813593760352,1.0432996328577726
Hump vol,CAR-target,dK_0.5y,1.0,56.75740544005316,1.0378008198922295
Hump vol,CAR-target,dK_0.5y,1.25,76.80676430364015,1.4044004011384266
Hump vol,CAR-target,dK_0.5y,1.5,78.082499639256,1.4277270343240462
Hump vol,CAR-target,dK_0.5y,1.75,68.66921576078363,1.2556065215695473
Hump vol,CAR-target,dK_0.5y,2.0,60.72601885475534,1.1103663331266795
Hump vol,CAR-target,dK_0.5y,2.25,48.778355708415134,0.8919050678004463
Hump vol,CAR-target,dK_0.5y,2.5,41.32243249061317,0.7555746071584255
Hump vol,CAR-target,dK_0.5y,2.75,35.16939199941666,0.6430671657578793
Hump vol,CAR-target,dK_0.5y,3.0,30.378844820289526,0.5554727143962581
Hump vol,CAR-target,dK_0.5y,3.25,25.58829764116239,0.46787826303463703
Hump vol,CAR-target,dK_0.5y,3.5,20.7977504620351,0.38028381167301306
Hump vol,CAR-target,dK_0.5y,3.75,16.007203282908044,0.2926893603113933
Hump vol,CAR-target,dK_0.5y,4.0,11.216656103780721,0.20509490894976876
Hump vol,CAR-target,dK_0.5y,4.25,6.426108924653566,0.11750045758814724
Hump vol,CAR-target,dK_0.5y,4.5,2.0488833414270213,0.03746353088395335
Hump vol,CAR-target,dK_0.5y,4.75,0.0,0.0
Hump vol,CAR-target,dK_0.5y,5.0,0.0,0.0
Hump vol,CAR-target,dK_0.5y,5.25,0.0,0.0
Hump vol,CAR-target,dK_0.5y,5.5,0.0,0.0
Hump vol,CAR-target,dK_0.5y,5.75,0.0,0.0
Hump vol,CAR-target,dK_0.5y,6.0,0.0,0.0
Hump vol,CAR-target,dK_0.5y,6.25,0.0,0.0
Hump vol,CAR-target,dK_0.5y,6.5,0.0,0.0
Hump vol,CAR-target,dK_0.5y,6.75,0.0,0.0
Hump vol,CAR-target,dK_0.5y,7.0,0.0,0.0
Hump vol,CAR-target,dK_1y,0.0,116.34753796700925,0.9999999999999915
Hump vol,CAR-target,dK_1y,0.25,148.2064305893601,1.2738252409894852
Hump vol,CAR-target,dK_1y,0.5,174.70597420414958,1.501587203793574
Hump vol,CAR-target,dK_1y,0.75,113.25342103352784,0.9734062534751726
Hump vol,CAR-target,dK_1y,1.0,107.1223602081736,0.9207101592347198
Hump vol,CAR-target,dK_1y,1.25,181.31468420098733,1.5583886635607038
Hump vol,CAR-target,dK_1y,1.5,182.98692928759513,1.5727615081934967
Hump vol,CAR-target,dK_1y,1.75,155.41268851048855,1.335762588758475
Hump vol,CAR-target,dK_1y,2.0,126.92393961839387,1.0909035277943098
Hump vol,CAR-target,dK_1y,2.25,92.20031538581893,0.7924560931573976
Hump vol,CAR-target,dK_1y,2.5,73.44623730148592,0.631265934671615
Hump vol,CAR-target,dK_1y,2.75,58.20043589738027,0.5002292004999943
Hump vol,CAR-target,dK_1y,3.0,47.837661878007424,0.41116178918690616
Hump vol,CAR-target,dK_1y,3.25,39.31427550668157,0.3379038026385134
Hump vol,CAR-target,dK_1y,3.5,30.21365117790765,0.2596844910158269
Hump vol,CAR-target,dK_1y,3.75,21.401645278422126,0.18394583720792146
Hump vol,CAR-target,dK_1y,4.0,12.9366056094787,0.11118933701155594
Hump vol,CAR-target,dK_1y,4.25,6.426108924653501,0.05523201467723014
Hump vol,CAR-target,dK_1y,4.5,2.0488833414270213,0.017610027485136574
Hump vol,CAR-target,dK_1y,4.75,0.0,0.0
Hump vol,CAR-target,dK_1y,5.0,0.0,0.0
Hump vol,CAR-target,dK_1y,5.25,0.0,0.0
Hump vol,CAR-target,dK_1y,5.5,0.0,0.0
Hump vol,CAR-target,dK_1y,5.75,0.0,0.0
Hump vol,CAR-target,dK_1y,6.0,0.0,0.0
Hump vol,CAR-target,dK_1y,6.25,0.0,0.0
Hump vol,CAR-target,dK_1y,6.5,0.0,0.0
Hump vol,CAR-target,dK_1y,6.75,0.0,0.0
Hump vol,CAR-target,dK_1y,7.0,0.0,0.0
Hump vol,CAR-target,dK_3y,0.0,416.1480723314555,0.9999999999999976
Hump vol,CAR-target,dK_3y,0.25,495.24998623885745,1.1900811734252064
Hump vol,CAR-target,dK_3y,0.5,558.5271086137341,1.342135517977059
Hump vol,CAR-target,dK_3y,0.75,374.5195963548501,0.8999671541348631
Hump vol,CAR-target,dK_3y,1.0,326.134302618447,0.7836977371811187
Hump vol,CAR-target,dK_3y,1.25,562.5748991989017,1.3518623216181045
Hump vol,CAR-target,dK_3y,1.5,564.0244098957376,1.355345482524546
Hump vol,CAR-target,dK_3y,1.75,429.8830380132558,1.0330049965264756
Hump vol,CAR-target,dK_3y,2.0,314.56940097335206,0.7559073846263106
Hump vol,CAR-target,dK_3y,2.25,171.02526780389314,0.4109721495181497
Hump vol,CAR-target,dK_3y,2.5,118.26327192824542,0.2841855574764029
Hump vol,CAR-target,dK_3y,2.75,82.21050287023786,0.19755108418418496
Hump vol,CAR-target,dK_3y,3.0,59.682585349229804,0.14341670505611137
Hump vol,CAR-target,dK_3y,3.25,45.67812116622278,0.1097641061036581
Hump vol,CAR-target,dK_3y,3.5,31.65747456653633,0.07607262095238437
Hump vol,CAR-target,dK_3y,3.75,21.401645278422222,0.05142795726175103
Hump vol,CAR-target,dK_3y,4.0,12.9366056094787,0.03108654459697908
Hump vol,CAR-target,dK_3y,4.25,6.426108924653501,0.015441880791737006
Hump vol,CAR-target,dK_3y,4.5,2.0488833414270213,0.0049234478726483495
Hump vol,CAR-target,dK_3y,4.75,0.0,0.0
Hump vol,CAR-target,dK_3y,5.0,0.0,0.0
Hump vol,CAR-target,dK_3y,5.25,0.0,0.0
Hump vol,CAR-target,dK_3y,5.5,0.0,0.0
Hump vol,CAR-target,dK_3y,5.75,0.0,0.0
Hump vol,CAR-target,dK_3y,6.0,0.0,0.0
Hump vol,CAR-target,dK_3y,6.25,0.0,0.0
Hump vol,CAR-target,dK_3y,6.5,0.0,0.0
Hump vol,CAR-target,dK_3y,6.75,0.0,0.0
Hump vol,CAR-target,dK_3y,7.0,0.0,0.0
Hump vol,CAR-target,MtM,0.0,644.18079456557,0.9999999999999984
Hump vol,CAR-target,MtM,0.25,699.5784820328608,1.0859971112685058
Hump vol,CAR-target,MtM,0.5,739.6402938443111,1.1481874344656877
Hump vol,CAR-target,MtM,0.75,723.8623551033673,1.123694405685492
Hump vol,CAR-target,MtM,1.0,657.4384789569136,1.0205806886873794
Hump vol,CAR-target,MtM,1.25,706.8326884318817,1.0972582455032094
Hump vol,CAR-target,MtM,1.5,694.3357901942347,1.077858570220939
Hump vol,CAR-target,MtM,1.75,676.9772698298821,1.050911910974354
Hump vol,CAR-target,MtM,2.0,586.0173234690113,0.909709398996
Hump vol,CAR-target,MtM,2.25,547.69737488996,0.8502230732589933
Hump vol,CAR-target,MtM,2.5,461.13444736520086,0.7158463140401217
Hump vol,CAR-target,MtM,2.75,385.0479544322037,0.597732744720954
Hump vol,CAR-target,MtM,3.0,308.7805804043008,0.4793383829652036
Hump vol,CAR-target,MtM,3.25,250.63972033963336,0.3890828824051829
Hump vol,CAR-target,MtM,3.5,197.94554021843132,0.3072825857093796
Hump vol,CAR-target,MtM,3.75,155.82740888054613,0.24190011592263405
Hump vol,CAR-target,MtM,4.0,110.34661341054955,0.17129758344466975
Hump vol,CAR-target,MtM,4.25,76.75832275535352,0.11915649054256353
Hump vol,CAR-target,MtM,4.5,44.4532844747288,0.06900746630409502
Hump vol,CAR-target,MtM,4.75,18.121611546124782,0.028131250883295603
Hump vol,CAR-target,MtM,5.0,0.0,0.0
Hump vol,CAR-target,MtM,5.25,0.0,0.0
Hump vol,CAR-target,MtM,5.5,0.0,0.0
Hump vol,CAR-target,MtM,5.75,0.0,0.0
Hump vol,CAR-target,MtM,6.0,0.0,0.0
Hump vol,CAR-target,MtM,6.25,0.0,0.0
Hump vol,CAR-target,MtM,6.5,0.0,0.0
Hump vol,CAR-target,MtM,6.75,0.0,0.0
Hump vol,CAR-target,MtM,7.0,0.0,0.0
Hump vol,CAR-target,V,0.0,251.87082587396654,0.999999999999996
Hump vol,CAR-target,V,0.25,279.7146874618311,1.1105481807638817
Hump vol,CAR-target,V,0.5,338.06594379848156,1.3422195390253129
Hump vol,CAR-target,V,0.75,385.22786210347516,1.5294659902224546
Hump vol,CAR-target,V,1.0,353.24125491409904,1.4024699116635913
Hump vol,CAR-target,V,1.25,444.4792331073596,1.7647110639553407
Hump vol,CAR-target,V,1.5,503.6244707460187,1.9995347575428406
Hump vol,CAR-target,V,1.75,375.6423298368393,1.4914086557400863
Hump vol,CAR-target,V,2.0,322.4461303228233,1.280204363502467
Hump vol,CAR-target,V,2.25,176.717853367859,0.701620970807814
Hump vol,CAR-target,V,2.5,129.75786424866163,0.5151762368603602
Hump vol,CAR-target,V,2.75,91.30249215505464,0.3624972913724477
Hump vol,CAR-target,V,3.0,66.47993731267462,0.2639445719129861
Hump vol,CAR-target,V,3.25,50.85689237251168,0.2019165665417706
Hump vol,CAR-target,V,3.5,35.52438453438077,0.14104207746615582
Hump vol,CAR-target,V,3.75,23.766159652755775,0.09435852513005223
Hump vol,CAR-target,V,4.0,14.956439943653786,0.05938139080521286
Hump vol,CAR-target,V,4.25,6.993916412511191,0.02776787024953356
Hump vol,CAR-target,V,4.5,2.297537367910268,0.009121887618139316
Hump vol,CAR-target,V,4.75,0.0,0.0
Hump vol,CAR-target,V,5.0,0.0,0.0
Hump vol,CAR-target,V,5.25,0.0,0.0
Hump vol,CAR-target,V,5.5,0.0,0.0
Hump vol,CAR-target,V,5.75,0.0,0.0
Hump vol,CAR-target,V,6.0,0.0,0.0
Hump vol,CAR-target,V,6.25,0.0,0.0
Hump vol,CAR-target,V,6.5,0.0,0.0
Hump vol,CAR-target,V,6.75,0.0,0.0
Hump vol,CAR-target,V,7.0,0.0,0.0
Hump vol,MtM-band,dK_0.5y,0.0,42.962365695779006,0.9999999999999767
Hump vol,MtM-band,dK_0.5y,0.25,73.09034740737803,1.7012644956503724
Hump vol,MtM-band,dK_0.5y,0.5,89.99871290036229,2.0948267499432056
Hump vol,MtM-band,dK_0.5y,0.75,-82.4675217934946,-1.919529347556273
Hump vol,MtM-band,dK_0.5y,1.0,12.73947403963285,0.29652636286004586
Hump vol,MtM-band,dK_0.5y,1.25,98.48845128741317,2.2924354767802564
Hump vol,MtM-band,dK_0.5y,1.5,68.34018822436562,1.590698908628264
Hump vol,MtM-band,dK_0.5y,1.75,51.79512841129778,1.205593024789726
Hump vol,MtM-band,dK_0.5y,2.0,112.70133668337323,2.623257235912485
Hump vol,MtM-band,dK_0.5y,2.25,36.28458117134595,0.8445666476627476
Hump vol,MtM-band,dK_0.5y,2.5,40.16609598477315,0.9349135070725045
Hump vol,MtM-band,dK_0.5y,2.75,39.46361264500446,0.9185623744383514
Hump vol,MtM-band,dK_0.5y,3.0,19.119133113451376,0.44502049186107456
Hump vol,MtM-band,dK_0.5y,3.25,18.844185095608264,0.43862075075300705
Hump vol,MtM-band,dK_0.5y,3.5,18.689732108438633,0.43502567434908357
Hump vol,MtM-band,dK_0.5y,3.75,18.776091482830864,0.4370357911802597
Hump vol,MtM-band,dK_0.5y,4.0,18.685474906163382,0.4349265829185651
Hump vol,MtM-band,dK_0.5y,4.25,18.68542522870303,0.4349254266167752
Hump vol,MtM-band,dK_0.5y,4.5,18.685474906163385,0.43492658291856523
Hump vol,MtM-band,dK_0.5y,4.75,18.685474906163382,0.4349265829185651
Hump vol,MtM-band,dK_0.5y,5.0,18.68547490616337,0.4349265829185649
Hump vol,MtM-band,dK_0.5y,5.25,18.68547490616339,0.4349265829185653
Hump vol,MtM-band,dK_0.5y,5.5,18.685474906163396,0.43492658291856545
Hump vol,MtM-band,dK_0.5y,5.75,18.685474906163385,0.43492658291856523
Hump vol,MtM-band,dK_0.5y,6.0,18.685474906163385,0.43492658291856523
Hump vol,MtM-band,dK_0.5y,6.25,18.685474906163385,0.43492658291856523
Hump vol,MtM-band,dK_0.5y,6.5,18.685474906163392,0.4349265829185654
Hump vol,MtM-band,dK_0.5y,6.75,9.751221628490338,0.22697124496214963
Hump vol,MtM-band,dK_0.5y,7.0,0.0,0.0
Hump vol,MtM-band,dK_1y,0.0,74.62998238932434,0.9999999999999867
Hump vol,MtM-band,dK_1y,0.25,89.78238985312956,1.2030337805087241
Hump vol,MtM-band,dK_1y,0.5,116.4352076408226,1.5601666235616967
Hump vol,MtM-band,dK_1y,0.75,-72.1137563915022,-0.9662839797456118
Hump vol,MtM-band,dK_1y,1.0,4.822628022797103,0.06462051669312607
Hump vol,MtM-band,dK_1y,1.25,117.59586267448898,1.5757187514934916
Hump vol,MtM-band,dK_1y,1.5,94.56400034672386,1.267104685264535
Hump vol,MtM-band,dK_1y,1.75,96.7006045515683,1.2957339859348518
Hump vol,MtM-band,dK_1y,2.0,125.94040409780848,1.6875309368399678
Hump vol,MtM-band,dK_1y,2.25,63.55971363781535,0.851664593812186
Hump vol,MtM-band,dK_1y,2.5,48.04533644420613,0.6437806214875681
Hump vol,MtM-band,dK_1y,2.75,43.00788897938553,0.5762816444873923
Hump vol,MtM-band,dK_1y,3.0,35.445712119420776,0.47495270646735055
Hump vol,MtM-band,dK_1y,3.25,34.67763718942875,0.4646609322312911
Hump vol,MtM-band,dK_1y,3.5,34.42078686372535,0.4612192816040207
Hump vol,MtM-band,dK_1y,3.75,34.471210390508794,0.4618949286451844
Hump vol,MtM-band,dK_1y,4.0,34.36960348801341,0.4605334530124377
Hump vol,MtM-band,dK_1y,4.25,34.382507865580905,0.4607063644503659
Hump vol,MtM-band,dK_1y,4.5,34.373505131161885,0.4605857328472113
Hump vol,MtM-band,dK_1y,4.75,34.37494130267865,0.46060497674183365
Hump vol,MtM-band,dK_1y,5.0,34.380438381045764,0.46067863451570845
Hump vol,MtM-band,dK_1y,5.25,34.38629259694806,0.46075707773269536
Hump vol,MtM-band,dK_1y,5.5,34.43174487906595,0.46136611287732104
Hump vol,MtM-band,dK_1y,5.75,34.45689082808069,0.46170305452208193
Hump vol,MtM-band,dK_1y,6.0,34.485623605405685,0.46208805765895933
Hump vol,MtM-band,dK_1y,6.25,26.87981716789856,0.36017450771559206
Hump vol,MtM-band,dK_1y,6.5,18.685474906163392,0.2503749070807239
Hump vol,MtM-band,dK_1y,6.75,9.751221628490338,0.13066091289718834
Hump vol,MtM-band,dK_1y,7.0,0.0,0.0
Hump vol,MtM-band,dK_3y,0.0,133.75837917615615,0.9999999999999926
Hump vol,MtM-band,dK_3y,0.25,132.0595658705913,0.9872993877764582
Hump vol,MtM-band,dK_3y,0.5,153.0575503894361,1.1442838297843183
Hump vol,MtM-band,dK_3y,0.75,33.23245357623958,0.24845137763274697
Hump vol,MtM-band,dK_3y,1.0,51.99236877624692,0.38870363932695384
Hump vol,MtM-band,dK_3y,1.25,126.66496522056954,0.9469684516269017
Hump vol,MtM-band,dK_3y,1.5,122.91735878228118,0.9189507194940023
Hump vol,MtM-band,dK_3y,1.75,126.59940491461191,0.94647831182137
Hump vol,MtM-band,dK_3y,2.0,132.5520248844025,0.9909810936766369
Hump vol,MtM-band,dK_3y,2.25,78.4498315798759,0.5865040535259404
Hump vol,MtM-band,dK_3y,2.5,66.03189768968397,0.4936655041455105
Hump vol,MtM-band,dK_3y,2.75,59.28345464931755,0.4432130159953748
Hump vol,MtM-band,dK_3y,3.0,76.48376244939035,0.5718053920843549
Hump vol,MtM-band,dK_3y,3.25,77.04805090169613,0.5760241068727766
Hump vol,MtM-band,dK_3y,3.5,77.15520032591093,0.576825173877885
Hump vol,MtM-band,dK_3y,3.75,78.82220552443917,0.5892879833765919
Hump vol,MtM-band,dK_3y,4.0,76.53813420317177,0.572211884403687
Hump vol,MtM-band,dK_3y,4.25,74.24350651757291,0.5550568642865781
Hump vol,MtM-band,dK_3y,4.5,68.6163335071752,0.5129871782971356
Hump vol,MtM-band,dK_3y,4.75,64.01156879515503,0.4785611876385931
Hump vol,MtM-band,dK_3y,5.0,59.17654971427021,0.4424137768321479
Hump vol,MtM-band,dK_3y,5.25,53.75337530132701,0.401869218454979
Hump vol,MtM-band,dK_3y,5.5,47.97275552971389,0.3586523388305619
Hump vol,MtM-band,dK_3y,5.75,41.47284552255015,0.31005792517813957
Hump vol,MtM-band,dK_3y,6.0,34.485623605405685,0.25782028623409675
Hump vol,MtM-band,dK_3y,6.25,26.87981716789856,0.2009580060214274
Hump vol,MtM-band,dK_3y,6.5,18.685474906163392,0.13969573361497592
Hump vol,MtM-band,dK_3y,6.75,9.751221628490338,0.07290176277964741
Hump vol,MtM-band,dK_3y,7.0,0.0,0.0
Hump vol,MtM-band,MtM,0.0,644.18079456557,0.9999999999999984
Hump vol,MtM-band,MtM,0.25,635.9804382116916,0.987270101153187
Hump vol,MtM-band,MtM,0.5,616.366911536926,0.9568228620547398
Hump vol,MtM-band,MtM,0.75,556.8171962333595,0.8643803120657632
Hump vol,MtM-band,MtM,1.0,470.4820588037412,0.7303571649027966
Hump vol,MtM-band,MtM,1.25,444.66606549246336,0.690281469493889
Hump vol,MtM-band,MtM,1.5,425.00050204240506,0.6597534506271971
Hump vol,MtM-band,MtM,1.75,422.4654335802132,0.6558181137100177
Hump vol,MtM-band,MtM,2.0,347.06229139731784,0.5387653502327295
Hump vol,MtM-band,MtM,2.25,305.80579951248507,0.4747204544008758
Hump vol,MtM-band,MtM,2.5,236.73320955912317,0.36749498208616055
Hump vol,MtM-band,MtM,2.75,176.42713575668435,0.2738782920028919
Hump vol,MtM-band,MtM,3.0,154.02352254645052,0.23909983632828177
Hump vol,MtM-band,MtM,3.25,143.35504636810012,0.22253852889975914
Hump vol,MtM-band,MtM,3.5,132.6707203394103,0.20595261680982294
Hump vol,MtM-band,MtM,3.75,126.11190238377914,0.19577097524124068
Hump vol,MtM-band,MtM,4.0,112.6848286701142,0.174927333476478
Hump vol,MtM-band,MtM,4.25,106.18524676379673,0.1648376475355913
Hump vol,MtM-band,MtM,4.5,95.29236001278153,0.14792797428406063
Hump vol,MtM-band,MtM,4.75,86.24593058997529,0.13388466610237684
Hump vol,MtM-band,MtM,5.0,77.41428909377922,0.12017478594031453
Hump vol,MtM-band,MtM,5.25,68.11498330581124,0.10573892279999948
Hump vol,MtM-band,MtM,5.5,58.628112510028174,0.09101189138922774
Hump vol,MtM-band,MtM,5.75,48.69960827497127,0.07559928623425322
Hump vol,MtM-band,MtM,6.0,38.983290234197334,0.06051607027571704
Hump vol,MtM-band,MtM,6.25,29.099519020229234,0.04517290683876047
Hump vol,MtM-band,MtM,6.5,19.53489040733154,0.030325167363155672
Hump vol,MtM-band,MtM,6.75,9.77267707761456,0.015170705429374303
Hump vol,MtM-band,MtM,7.0,0.0,0.0
Hump vol,MtM-band,V,0.0,251.87082587396654,0.999999999999996
Hump vol,MtM-band,V,0.25,242.11204415163883,0.9612548150883824
Hump vol,MtM-band,V,0.5,238.03144697832585,0.9450536645218025
Hump vol,MtM-band,V,0.75,259.8097035336152,1.0315196396093138
Hump vol,MtM-band,V,1.0,243.87016641196806,0.9682350687728999
Hump vol,MtM-band,V,1.25,175.15614739723054,0.6954205465815883
Hump vol,MtM-band,V,1.5,176.24658987579,0.6997499184918748
Hump vol,MtM-band,V,1.75,147.920118283747,0.5872856364784544
Hump vol,MtM-band,V,2.0,128.1833087816806,0.5089247964185485
Hump vol,MtM-band,V,2.25,77.42174931706738,0.30738672908393166
Hump vol,MtM-band,V,2.5,64.50368538950616,0.2560982804010134
Hump vol,MtM-band,V,2.75,49.09994979987979,0.19494099655848462
Hump vol,MtM-band,V,3.0,68.20514961337011,0.2707941635427795
Hump vol,MtM-band,V,3.25,72.35144743345862,0.2872561646725303
Hump vol,MtM-band,V,3.5,74.70722606992541,0.2966092869656441
Hump vol,MtM-band,V,3.75,60.73123310067891,0.24112055411716452
Hump vol,MtM-band,V,4.0,73.93891438977376,0.29355886745998805
Hump vol,MtM-band,V,4.25,64.22533763645941,0.2549931593450876
Hump vol,MtM-band,V,4.5,65.65019846850014,0.2606502688062433
Hump vol,MtM-band,V,4.75,61.4341123952011,0.2439111881339597
Hump vol,MtM-band,V,5.0,56.49102792371201,0.2242857136299672
Hump vol,MtM-band,V,5.25,51.76396059046971,0.20551788962002146
Hump vol,MtM-band,V,5.5,46.69690909802636,0.1854002302013049
Hump vol,MtM-band,V,5.75,41.15166090220774,0.1633839916132225
Hump vol,MtM-band,V,6.0,34.351479773685185,0.13638530645416697
Hump vol,MtM-band,V,6.25,26.73780958851694,0.10615683454302145
Hump vol,MtM-band,V,6.5,18.67260708026885,0.07413564876152964
Hump vol,MtM-band,V,6.75,9.751221628490338,0.03871516915329331
Hump vol,MtM-band,V,7.0,0.0,0.0
Hump vol,0.5y-greedy,dK_0.5y,0.0,47.90547179127196,0.9999999999999791
Hump vol,0.5y-greedy,dK_0.5y,0.25,47.905471791271935,0.9999999999999787
Hump vol,0.5y-greedy,dK_0.5y,0.5,47.905471791271935,0.9999999999999787
Hump vol,0.5y-greedy,dK_0.5y,0.75,47.90547179127195,0.9999999999999789
Hump vol,0.5y-greedy,dK_0.5y,1.0,47.90547179127195,0.9999999999999789
Hump vol,0.5y-greedy,dK_0.5y,1.25,47.905471791271935,0.9999999999999787
Hump vol,0.5y-greedy,dK_0.5y,1.5,47.90547179127193,0.9999999999999785
Hump vol,0.5y-greedy,dK_0.5y,1.75,47.90547179127193,0.9999999999999785
Hump vol,0.5y-greedy,dK_0.5y,2.0,47.90547179127195,0.9999999999999789
Hump vol,0.5y-greedy,dK_0.5y,2.25,47.96765853072923,1.0012981134958283
Hump vol,0.5y-greedy,dK_0.5y,2.5,47.90547179127193,0.9999999999999785
Hump vol,0.5y-greedy,dK_0.5y,2.75,49.08294838889074,1.0245791671303879
Hump vol,0.5y-greedy,dK_0.5y,3.0,50.92066893381703,1.0629405583496072
Hump vol,0.5y-greedy,dK_0.5y,3.25,51.782150861337364,1.0809235130165367
Hump vol,0.5y-greedy,dK_0.5y,3.5,52.42018001311436,1.0942420156409745
Hump vol,0.5y-greedy,dK_0.5y,3.75,52.76801284916389,1.1015028320580438
Hump vol,0.5y-greedy,dK_0.5y,4.0,49.52085417446956,1.0337202061224848
Hump vol,0.5y-greedy,dK_0.5y,4.25,53.66307197319463,1.1201866919713865
Hump vol,0.5y-greedy,dK_0.5y,4.5,53.80189022986948,1.12308444564094
Hump vol,0.5y-greedy,dK_0.5y,4.75,54.64882070320555,1.1407636468191729
Hump vol,0.5y-greedy,dK_0.5y,5.0,54.99109671682193,1.1479084676677742
Hump vol,0.5y-greedy,dK_0.5y,5.25,55.7102260173252,1.1629198906558738
Hump vol,0.5y-greedy,dK_0.5y,5.5,56.67148610826454,1.182985658823811
Hump vol,0.5y-greedy,dK_0.5y,5.75,57.86182264926576,1.2078332700985228
Hump vol,0.5y-greedy,dK_0.5y,6.0,57.03264660423286,1.1905246827069682
Hump vol,0.5y-greedy,dK_0.5y,6.25,51.22045307840878,1.069198385136032
Hump vol,0.5y-greedy,dK_0.5y,6.5,50.21291166719416,1.0481665202249726
Hump vol,0.5y-greedy,dK_0.5y,6.75,20.284503115151693,0.4234276869985229
Hump vol,0.5y-greedy,dK_0.5y,7.0,0.0,0.0
Hump vol,0.5y-greedy,dK_1y,0.0,88.5232948237741,0.9999999999999888
Hump vol,0.5y-greedy,dK_1y,0.25,89.18085188864359,1.0074280681280279
Hump vol,0.5y-greedy,dK_1y,0.5,89.39806605146538,1.0098818195756463
Hump vol,0.5y-greedy,dK_1y,0.75,88.16648927076376,0.9959693597744907
Hump vol,0.5y-greedy,dK_1y,1.0,88.12224450037344,0.9954695504251166
Hump vol,0.5y-greedy,dK_1y,1.25,89.36700918830661,1.0095309869137963
Hump vol,0.5y-greedy,dK_1y,1.5,89.51181125494871,1.0111667378981033
Hump vol,0.5y-greedy,dK_1y,1.75,91.72824413431822,1.0362045867917962
Hump vol,0.5y-greedy,dK_1y,2.0,91.750534164019,1.036456385256202
Hump vol,0.5y-greedy,dK_1y,2.25,98.07556121362452,1.107906810392285
Hump vol,0.5y-greedy,dK_1y,2.5,99.67999944637654,1.1260312852657743
Hump vol,0.5y-greedy,dK_1y,2.75,103.05012552672537,1.1641017850936197
Hump vol,0.5y-greedy,dK_1y,3.0,106.14889613018384,1.1991069281989148
Hump vol,0.5y-greedy,dK_1y,3.25,108.70599379908757,1.2279930838034274
Hump vol,0.5y-greedy,dK_1y,3.5,110.8418628108812,1.252120846061323
Hump vol,0.5y-greedy,dK_1y,3.75,114.71474968415667,1.295870763876575
Hump vol,0.5y-greedy,dK_1y,4.0,99.19125541853751,1.1205102071268283
Hump vol,0.5y-greedy,dK_1y,4.25,117.19058386314637,1.323838929588418
Hump vol,0.5y-greedy,dK_1y,4.5,117.2944749235714,1.325012530962292
Hump vol,0.5y-greedy,dK_1y,4.75,120.74303190386107,1.363969022438968
Hump vol,0.5y-greedy,dK_1y,5.0,122.56144267473026,1.3845106298711036
Hump vol,0.5y-greedy,dK_1y,5.25,126.75333945152822,1.4318642308090583
Hump vol,0.5y-greedy,dK_1y,5.5,130.91307509583467,1.478854524749058
Hump vol,0.5y-greedy,dK_1y,5.75,135.52488938501386,1.5309517077375587
Hump vol,0.5y-greedy,dK_1y,6.0,131.43817790068962,1.4847863284161074
Hump vol,0.5y-greedy,dK_1y,6.25,81.0142370117178,0.9151742168317875
Hump vol,0.5y-greedy,dK_1y,6.5,50.21291166719416,0.5672282280856571
Hump vol,0.5y-greedy,dK_1y,6.75,20.284503115151693,0.22914311035905766
Hump vol,0.5y-greedy,dK_1y,7.0,0.0,0.0
Hump vol,0.5y-greedy,dK_3y,0.0,222.2225160957625,0.9999999999999956
Hump vol,0.5y-greedy,dK_3y,0.25,237.85145960840651,1.070330152800124
Hump vol,0.5y-greedy,dK_3y,0.5,242.2650140987423,1.0901911217418752
Hump vol,0.5y-greedy,dK_3y,0.75,206.68863758376835,0.9300976391370663
Hump vol,0.5y-greedy,dK_3y,1.0,200.0549338534385,0.9002460118272975
Hump vol,0.5y-greedy,dK_3y,1.25,242.45684100444853,1.0910543416760043
Hump vol,0.5y-greedy,dK_3y,1.5,244.6551774202052,1.1009468424647604
Hump vol,0.5y-greedy,dK_3y,1.75,282.0632637097923,1.269283008154949
Hump vol,0.5y-greedy,dK_3y,2.0,280.01544127700305,1.2600678193938482
Hump vol,0.5y-greedy,dK_3y,2.25,328.8880148261108,1.4799941095275035
Hump vol,0.5y-greedy,dK_3y,2.5,346.33315972973423,1.5584971577789493
Hump vol,0.5y-greedy,dK_3y,2.75,353.9427984779486,1.5927404868614763
Hump vol,0.5y-greedy,dK_3y,3.0,347.0393738296648,1.5616751170260053
Hump vol,0.5y-greedy,dK_3y,3.25,350.9862706457537,1.5794361292106933
Hump vol,0.5y-greedy,dK_3y,3.5,356.54747068301333,1.6044614962840422
Hump vol,0.5y-greedy,dK_3y,3.75,378.4350045430501,1.7029552684029965
Hump vol,0.5y-greedy,dK_3y,4.0,305.43747672729563,1.3744668276353773
Hump vol,0.5y-greedy,dK_3y,4.25,351.21907031409023,1.5804837263328329
Hump vol,0.5y-greedy,dK_3y,4.5,319.65442584438813,1.4384430140582054
Hump vol,0.5y-greedy,dK_3y,4.75,296.5695553725722,1.334561234311513
Hump vol,0.5y-greedy,dK_3y,5.0,265.7137595062786,1.1957103365339146
Hump vol,0.5y-greedy,dK_3y,5.25,239.98895232988963,1.0799488573267253
Hump vol,0.5y-greedy,dK_3y,5.5,209.30648813678584,0.9418779510469961
Hump vol,0.5y-greedy,dK_3y,5.75,176.60980119950614,0.7947430544049765
Hump vol,0.5y-greedy,dK_3y,6.0,131.43817790068962,0.591471018373531
Hump vol,0.5y-greedy,dK_3y,6.25,81.0142370117178,0.364563584442568
Hump vol,0.5y-greedy,dK_3y,6.5,50.21291166719416,0.22595780368878396
Hump vol,0.5y-greedy,dK_3y,6.75,20.284503115151693,0.0912801433064973
Hump vol,0.5y-greedy,dK_3y,7.0,0.0,0.0
Hump vol,0.5y-greedy,MtM,0.0,644.18079456557,0.9999999999999984
Hump vol,0.5y-greedy,MtM,0.25,635.9804382116916,0.987270101153187
Hump vol,0.5y-greedy,MtM,0.5,616.366911536926,0.9568228620547398
Hump vol,0.5y-greedy,MtM,0.75,556.8171962333595,0.8643803120657632
Hump vol,0.5y-greedy,MtM,1.0,522.757843115268,0.8115079610031072
Hump vol,0.5y-greedy,MtM,1.25,555.8325818655792,0.8628518368673612
Hump vol,0.5y-greedy,MtM,1.5,531.2506275530063,0.8246918132839964
Hump vol,0.5y-greedy,MtM,1.75,528.0817919752665,0.8197726421375221
Hump vol,0.5y-greedy,MtM,2.0,495.80327342473976,0.7696647860467565
Hump vol,0.5y-greedy,MtM,2.25,506.2107074593425,0.7858208622949181
Hump vol,0.5y-greedy,MtM,2.5,469.6083737819366,0.7290008918981135
Hump vol,0.5y-greedy,MtM,2.75,436.5844161694437,0.6777358466016855
Hump vol,0.5y-greedy,MtM,3.0,394.88263218332816,0.6129996974679026
Hump vol,0.5y-greedy,MtM,3.25,367.5309920893832,0.5705401266072242
Hump vol,0.5y-greedy,MtM,3.5,340.13871644498283,0.5280174747748712
Hump vol,0.5y-greedy,MtM,3.75,323.32334139374785,0.5019139721664534
Hump vol,0.5y-greedy,MtM,4.0,288.8992604292798,0.44847543246630095
Hump vol,0.5y-greedy,MtM,4.25,272.23575365560663,0.42260768397977416
Hump vol,0.5y-greedy,MtM,4.5,244.30877392419217,0.37925497932447916
Hump vol,0.5y-greedy,MtM,4.75,221.11570702584808,0.3432510079332096
Hump vol,0.5y-greedy,MtM,5.0,198.47330940462984,0.3081018730750553
Hump vol,0.5y-greedy,MtM,5.25,174.63192280133998,0.2710914766080693
Hump vol,0.5y-greedy,MtM,5.5,150.30966053200265,0.2333345883640787
Hump vol,0.5y-greedy,MtM,5.75,124.85514669435025,0.19382003895125638
Hump vol,0.5y-greedy,MtM,6.0,99.94463186104574,0.1551499714120589
Hump vol,0.5y-greedy,MtM,6.25,70.8745635225031,0.11002278261074236
Hump vol,0.5y-greedy,MtM,6.5,45.074868658585466,0.06997238824697266
Hump vol,0.5y-greedy,MtM,6.75,21.296756017990372,0.03306021569977523
Hump vol,0.5y-greedy,MtM,7.0,0.0,0.0
Hump vol,0.5y-greedy,V,0.0,251.87082587396654,0.999999999999996
Hump vol,0.5y-greedy,V,0.25,242.11204415163883,0.9612548150883824
Hump vol,0.5y-greedy,V,0.5,238.03144697832585,0.9450536645218025
Hump vol,0.5y-greedy,V,0.75,259.8097035336152,1.0315196396093138
Hump vol,0.5y-greedy,V,1.0,265.0646934585377,1.052383468942021
Hump vol,0.5y-greedy,V,1.25,223.61075383079617,0.8877993433931396
Hump vol,0.5y-greedy,V,1.5,224.6869176805661,0.8920720250188727
Hump vol,0.5y-greedy,V,1.75,205.3578745989183,0.8153301355420829
Hump vol,0.5y-greedy,V,2.0,212.77992629206744,0.8447978266388796
Hump vol,0.5y-greedy,V,2.25,166.02968530483557,0.6591858534180309
Hump vol,0.5y-greedy,V,2.5,178.46034376076403,0.708539161459148
Hump vol,0.5y-greedy,V,2.75,197.90393674488644,0.7857358471676059
Hump vol,0.5y-greedy,V,3.0,240.05959734446614,0.953106007857331
Hump vol,0.5y-greedy,V,3.25,246.44631443816473,0.978463121256778
Hump vol,0.5y-greedy,V,3.5,259.84021314005616,1.0316407715678686
Hump vol,0.5y-greedy,V,3.75,248.40839101618047,0.9862531325500968
Hump vol,0.5y-greedy,V,4.0,248.35985116784462,0.986060415318288
Hump vol,0.5y-greedy,V,4.25,239.7564582828506,0.9519024581386858
Hump vol,0.5y-greedy,V,4.5,256.77521726366933,1.0194718517822936
Hump vol,0.5y-greedy,V,4.75,240.02546459512973,0.9529704909739525
Hump vol,0.5y-greedy,V,5.0,206.1912127393869,0.8186387288957474
Hump vol,0.5y-greedy,V,5.25,189.19815806688536,0.7511713887878279
Hump vol,0.5y-greedy,V,5.5,169.1843170329239,0.6717106534505162
Hump vol,0.5y-greedy,V,5.75,171.08120260091766,0.6792418375859227
Hump vol,0.5y-greedy,V,6.0,131.1363579852425,0.5206492555468144
Hump vol,0.5y-greedy,V,6.25,81.98328091445148,0.3254973283625739
Hump vol,0.5y-greedy,V,6.5,50.216071945407876,0.19937232417118156
Hump vol,0.5y-greedy,V,6.75,20.284503115151693,0.08053534205387393
Hump vol,0.5y-greedy,V,7.0,0.0,0.0
Hump vol,Optimal V,dK_0.5y,0.0,59.62890661504572,0.9999999999999832
Hump vol,Optimal V,dK_0.5y,0.25,69.36794750611952,1.1633275108320575
Hump vol,Optimal V,dK_0.5y,0.5,60.30950703768312,1.0114139343025392
Hump vol,Optimal V,dK_0.5y,0.75,42.05781841376811,0.7053260038002318
Hump vol,Optimal V,dK_0.5y,1.0,27.713568590706288,0.4647673446306839
Hump vol,Optimal V,dK_0.5y,1.25,63.608705871570486,1.066742784371624
Hump vol,Optimal V,dK_0.5y,1.5,62.40964138257117,1.0466340056422023
Hump vol,Optimal V,dK_0.5y,1.75,41.51697556886631,0.6962558585367375
Hump vol,Optimal V,dK_0.5y,2.0,44.81968950654006,0.751643658266078
Hump vol,Optimal V,dK_0.5y,2.25,83.16438333479078,1.3946991158446822
Hump vol,Optimal V,dK_0.5y,2.5,39.00818354002399,0.6541824385923033
Hump vol,Optimal V,dK_0.5y,2.75,33.934313835917024,0.569091666479661
Hump vol,Optimal V,dK_0.5y,3.0,48.165576023330814,0.8077554789706095
Hump vol,Optimal V,dK_0.5y,3.25,37.17885301041217,0.6235038527610781
Hump vol,Optimal V,dK_0.5y,3.5,28.312736030209788,0.4748156160734527
Hump vol,Optimal V,dK_0.5y,3.75,47.21086302287926,0.791744569922503
Hump vol,Optimal V,dK_0.5y,4.0,22.280043538700347,0.3736450121840439
Hump vol,Optimal V,dK_0.5y,4.25,25.50057322252359,0.42765454995092583
Hump vol,Optimal V,dK_0.5y,4.5,26.65239233759913,0.4469710053491687
Hump vol,Optimal V,dK_0.5y,4.75,24.8661413120528,0.41701487958825145
Hump vol,Optimal V,dK_0.5y,5.0,27.33087197515862,0.4583493732595453
Hump vol,Optimal V,dK_0.5y,5.25,27.126235701966685,0.4549175432158883
Hump vol,Optimal V,dK_0.5y,5.5,26.874185933397712,0.4506905703787682
Hump vol,Optimal V,dK_0.5y,5.75,24.070578817741882,0.4036729865455545
Hump vol,Optimal V,dK_0.5y,6.0,23.963844926077826,0.4018830175905121
Hump vol,Optimal V,dK_0.5y,6.25,23.952735895635975,0.4016967148210589
Hump vol,Optimal V,dK_0.5y,6.5,23.952735895635975,0.4016967148210589
Hump vol,Optimal V,dK_0.5y,6.75,12.5,0.2096298709734476
Hump vol,Optimal V,dK_0.5y,7.0,0.0,0.0
Hump vol,Optimal V,dK_1y,0.0,101.71408819334584,0.9999999999999902
Hump vol,Optimal V,dK_1y,0.25,112.8582682511796,1.1095637807483358
Hump vol,Optimal V,dK_1y,0.5,100.98424845322042,0.9928245953624528
Hump vol,Optimal V,dK_1y,0.75,78.16594226918622,0.7684868798174911
Hump vol,Optimal V,dK_1y,1.0,69.07902208924716,0.6791490079322723
Hump vol,Optimal V,dK_1y,1.25,100.80876496840926,0.9910993330322476
Hump vol,Optimal V,dK_1y,1.5,95.16633564782312,0.9356259033352666
Hump vol,Optimal V,dK_1y,1.75,79.9097264238926,0.7856308584509292
Hump vol,Optimal V,dK_1y,2.0,80.59404075457542,0.7923586809466883
Hump vol,Optimal V,dK_1y,2.25,105.06869449696381,1.0329807439972352
Hump vol,Optimal V,dK_1y,2.5,69.19933409750834,0.6803318530071107
Hump vol,Optimal V,dK_1y,2.75,61.44283107213951,0.604073950457519
Hump vol,Optimal V,dK_1y,3.0,71.08845257283957,0.6989046830730917
Hump vol,Optimal V,dK_1y,3.25,57.83965241328856,0.5686493723793896
Hump vol,Optimal V,dK_1y,3.5,52.45225061746437,0.5156832406319038
Hump vol,Optimal V,dK_1y,3.75,64.40731098714747,0.6332191747589236
Hump vol,Optimal V,dK_1y,4.0,42.081448736371314,0.4137229117797261
Hump vol,Optimal V,dK_1y,4.25,47.70716279364473,0.46903200570366294
Hump vol,Optimal V,dK_1y,4.5,45.76814131989437,0.4499685553184567
Hump vol,Optimal V,dK_1y,4.75,45.90712311419255,0.4513349520169553
Hump vol,Optimal V,dK_1y,5.0,47.55860972410069,0.46757150920624896
Hump vol,Optimal V,dK_1y,5.25,46.88199578990269,0.46091939300272133
Hump vol,Optimal V,dK_1y,5.5,45.556703574442764,0.44788980940225986
Hump vol,Optimal V,dK_1y,5.75,44.102676024942014,0.4335945669699941
Hump vol,Optimal V,dK_1y,6.0,44.082549757684006,0.4333966959806799
Hump vol,Optimal V,dK_1y,6.25,34.44594865525107,0.3386546472281526
Hump vol,Optimal V,dK_1y,6.5,23.952735895635975,0.23549083830063505
Hump vol,Optimal V,dK_1y,6.75,12.5,0.12289349707622538
Hump vol,Optimal V,dK_1y,7.0,0.0,0.0
Hump vol,Optimal V,dK_3y,0.0,208.16107327120125,0.9999999999999952
Hump vol,Optimal V,dK_3y,0.25,207.30445893005665,0.9958848485565331
Hump vol,Optimal V,dK_3y,0.5,190.43897630918673,0.9148635396449637
Hump vol,Optimal V,dK_3y,0.75,186.54491773833868,0.8961565906959896
Hump vol,Optimal V,dK_3y,1.0,195.43233242513935,0.9388514833920015
Hump vol,Optimal V,dK_3y,1.25,174.1832240754891,0.8367713585361604
Hump vol,Optimal V,dK_3y,1.5,164.73902836921877,0.7914017053255142
Hump vol,Optimal V,dK_3y,1.75,144.90811405521646,0.6961345451290175
Hump vol,Optimal V,dK_3y,2.0,138.51762468205183,0.6654348121158292
Hump vol,Optimal V,dK_3y,2.25,106.03114935013215,0.5093706891681409
Hump vol,Optimal V,dK_3y,2.5,101.8030990346459,0.4890592531775234
Hump vol,Optimal V,dK_3y,2.75,95.97280879711836,0.4610507012138642
Hump vol,Optimal V,dK_3y,3.0,105.80915665029104,0.508304242419224
Hump vol,Optimal V,dK_3y,3.25,100.447691515542,0.4825479131954413
Hump vol,Optimal V,dK_3y,3.5,103.83114962559537,0.4988019517478139
Hump vol,Optimal V,dK_3y,3.75,91.07876901800027,0.43753987038363545
Hump vol,Optimal V,dK_3y,4.0,98.1428924673659,0.4714757227423622
Hump vol,Optimal V,dK_3y,4.25,85.71815293390667,0.4117876199755607
Hump vol,Optimal V,dK_3y,4.5,86.46342145068273,0.4153678691790469
Hump vol,Optimal V,dK_3y,4.75,80.62521838344705,0.387321304201793
Hump vol,Optimal V,dK_3y,5.0,73.81594013033036,0.354609721069988
Hump vol,Optimal V,dK_3y,5.25,67.34781540834224,0.32353703000271467
Hump vol,Optimal V,dK_3y,5.5,60.4227309631418,0.29026911714862347
Hump vol,Optimal V,dK_3y,5.75,52.925599402839474,0.25425310588154715
Hump vol,Optimal V,dK_3y,6.0,44.082549757684006,0.21177134161030745
Hump vol,Optimal V,dK_3y,6.25,34.44594865525107,0.1654773782337932
Hump vol,Optimal V,dK_3y,6.5,23.952735895635975,0.1150682763074977
Hump vol,Optimal V,dK_3y,6.75,12.5,0.060049651952526206
Hump vol,Optimal V,dK_3y,7.0,0.0,0.0
Hump vol,Optimal V,MtM,0.0,644.18079456557,0.9999999999999984
Hump vol,Optimal V,MtM,0.25,635.9804382116916,0.987270101153187
Hump vol,Optimal V,MtM,0.5,585.5485659600797,0.9089817189520029
Hump vol,Optimal V,MtM,0.75,501.1354766100235,0.7779422808591867
Hump vol,Optimal V,MtM,1.0,470.4820588037412,0.7303571649027966
Hump vol,Optimal V,MtM,1.25,500.2493236790213,0.7765666531806251
Hump vol,Optimal V,MtM,1.5,451.56303342005543,0.700988041291397
Hump vol,Optimal V,MtM,1.75,448.8695231789765,0.6968067458168938
Hump vol,Optimal V,MtM,2.0,396.64261873979177,0.6157318288374051
Hump vol,Optimal V,MtM,2.25,379.65803059450684,0.5893656467211885
Hump vol,Optimal V,MtM,2.5,328.72586164735566,0.5103006243286794
Hump vol,Optimal V,MtM,2.75,283.77987051013844,0.44052830029109563
Hump vol,Optimal V,MtM,3.0,236.92957930999688,0.36779981848074156
Hump vol,Optimal V,MtM,3.25,202.14204564916074,0.3137970696339733
Hump vol,Optimal V,MtM,3.5,187.07629404474056,0.29040961112617913
Hump vol,Optimal V,MtM,3.75,177.82783776656134,0.2760526846915494
Hump vol,Optimal V,MtM,4.0,144.4496302146399,0.22423771623315047
Hump vol,Optimal V,MtM,4.25,136.11787682780331,0.21130384198988708
Hump vol,Optimal V,MtM,4.5,122.15438696209608,0.18962748966223958
Hump vol,Optimal V,MtM,4.75,110.55785351292404,0.1716255039666048
Hump vol,Optimal V,MtM,5.0,99.23665470231492,0.15405093653752766
Hump vol,Optimal V,MtM,5.25,87.31596140066999,0.13554573830403466
Hump vol,Optimal V,MtM,5.5,75.15483026600133,0.11666729418203935
Hump vol,Optimal V,MtM,5.75,62.42757334717513,0.09691001947562819
Hump vol,Optimal V,MtM,6.0,49.97231593052287,0.07757498570602946
Hump vol,Optimal V,MtM,6.25,37.30240185394899,0.05790672768986439
Hump vol,Optimal V,MtM,6.5,25.041593699214147,0.03887354902609592
Hump vol,Optimal V,MtM,6.75,12.527503539994337,0.019447185705750134
Hump vol,Optimal V,MtM,7.0,0.0,0.0
Hump vol,Optimal V,V,0.0,251.87082587396654,0.999999999999996
Hump vol,Optimal V,V,0.25,242.11204415163883,0.9612548150883824
Hump vol,Optimal V,V,0.5,224.29602052278477,0.8905200502856937
Hump vol,Optimal V,V,0.75,234.88976483996544,0.9325802781045425
Hump vol,Optimal V,V,1.0,244.20658808082914,0.9695707600650284
Hump vol,Optimal V,V,1.25,198.53414481339354,0.7882379554063046
Hump vol,Optimal V,V,1.5,187.88443326034425,0.7459555214797242
Hump vol,Optimal V,V,1.75,160.69654370375335,0.6380117393356368
Hump vol,Optimal V,V,2.0,152.28676445722735,0.6046224842786255
Hump vol,Optimal V,V,2.25,103.40826081878818,0.4105606930059147
Hump vol,Optimal V,V,2.5,105.40815897622284,0.4185008669045598
Hump vol,Optimal V,V,2.75,99.98771091642976,0.396980120938906
Hump vol,Optimal V,V,3.0,109.92567019041796,0.4364366925347009
Hump vol,Optimal V,V,3.25,105.25549751757129,0.4178947567759975
Hump vol,Optimal V,V,3.5,107.77416786767844,0.4278946062677662
Hump vol,Optimal V,V,3.75,91.29618894846584,0.36247226581989733
Hump vol,Optimal V,V,4.0,94.81597927222859,0.3764468510524244
Hump vol,Optimal V,V,4.25,84.55846552944357,0.3357215558254269
Hump vol,Optimal V,V,4.5,84.64050131501568,0.3360472616124606
Hump vol,Optimal V,V,4.75,79.29074663719733,0.31480718881222575
Hump vol,Optimal V,V,5.0,73.12648166015045,0.2903332746315838
Hump vol,Optimal V,V,5.25,66.99964316933294,0.2660079544220758
Hump vol,Optimal V,V,5.5,60.30614089852594,0.2394328151713063
Hump vol,Optimal V,V,5.75,52.730896332993055,0.2093569040797874
Hump vol,Optimal V,V,6.0,43.95817411850186,0.1745266605053254
Hump vol,Optimal V,V,6.25,34.26510045050603,0.13604235556702302
Hump vol,Optimal V,V,6.5,23.936240749713775,0.09503379625908369
Hump vol,Optimal V,V,6.75,12.5,0.04962861401921482
Hump vol,Optimal V,V,7.0,0.0,0.0
Whipsaw,Passive q,dK_0.5y,0.0,47.90547179127196,0.9999999999999791
Whipsaw,Passive q,dK_0.5y,0.25,47.90547179127193,0.9999999999999785
Whipsaw,Passive q,dK_0.5y,0.5,47.90547179127192,0.9999999999999784
Whipsaw,Passive q,dK_0.5y,0.75,47.90547179127194,0.9999999999999788
Whipsaw,Passive q,dK_0.5y,1.0,47.90547179127192,0.9999999999999784
Whipsaw,Passive q,dK_0.5y,1.25,47.90547179127193,0.9999999999999785
Whipsaw,Passive q,dK_0.5y,1.5,47.90547179127195,0.9999999999999789
Whipsaw,Passive q,dK_0.5y,1.75,47.90547179127193,0.9999999999999785
Whipsaw,Passive q,dK_0.5y,2.0,47.90547179127192,0.9999999999999784
Whipsaw,Passive q,dK_0.5y,2.25,47.90547179127193,0.9999999999999785
Whipsaw,Passive q,dK_0.5y,2.5,47.90547179127196,0.9999999999999791
Whipsaw,Passive q,dK_0.5y,2.75,47.90547179127195,0.9999999999999789
Whipsaw,Passive q,dK_0.5y,3.0,47.90547179127194,0.9999999999999788
Whipsaw,Passive q,dK_0.5y,3.25,47.905471791271935,0.9999999999999787
Whipsaw,Passive q,dK_0.5y,3.5,47.90547179127195,0.9999999999999789
Whipsaw,Passive q,dK_0.5y,3.75,47.90547179127194,0.9999999999999788
Whipsaw,Passive q,dK_0.5y,4.0,47.90547179127192,0.9999999999999784
Whipsaw,Passive q,dK_0.5y,4.25,47.905471791271935,0.9999999999999787
Whipsaw,Passive q,dK_0.5y,4.5,47.90547179127195,0.9999999999999789
Whipsaw,Passive q,dK_0.5y,4.75,47.90547179127195,0.9999999999999789
Whipsaw,Passive q,dK_0.5y,5.0,47.90547179127195,0.9999999999999789
Whipsaw,Passive q,dK_0.5y,5.25,47.905471791271935,0.9999999999999787
Whipsaw,Passive q,dK_0.5y,5.5,47.90547179127195,0.9999999999999789
Whipsaw,Passive q,dK_0.5y,5.75,47.90547179127195,0.9999999999999789
Whipsaw,Passive q,dK_0.5y,6.0,47.90547179127195,0.9999999999999789
Whipsaw,Passive q,dK_0.5y,6.25,47.90547179127195,0.9999999999999789
Whipsaw,Passive q,dK_0.5y,6.5,47.90547179127193,0.9999999999999785
Whipsaw,Passive q,dK_0.5y,6.75,25.000000000000004,0.5218610539715905
Whipsaw,Passive q,dK_0.5y,7.0,0.0,0.0
Whipsaw,Passive q,dK_1y,0.0,88.52330898856503,0.9999999999999888
Whipsaw,Passive q,dK_1y,0.25,88.1846846129604,0.9961747433588438
Whipsaw,Passive q,dK_1y,0.5,89.45942705836393,1.010574820129225
Whipsaw,Passive q,dK_1y,0.75,88.38583162680968,0.9984469925116094
Whipsaw,Passive q,dK_1y,1.0,89.45337365350592,1.010506438084686
Whipsaw,Passive q,dK_1y,1.25,88.18703077154012,0.9962012466448883
Whipsaw,Passive q,dK_1y,1.5,88.88004317515535,1.0040298333926423
Whipsaw,Passive q,dK_1y,1.75,88.20143171527317,0.9963639263266307
Whipsaw,Passive q,dK_1y,2.0,89.46332654251997,1.0106188704951748
Whipsaw,Passive q,dK_1y,2.25,88.20387486686974,0.9963915252903893
Whipsaw,Passive q,dK_1y,2.5,88.43825214794443,0.9990391588205024
Whipsaw,Passive q,dK_1y,2.75,88.14819260900433,0.9957625129036901
Whipsaw,Passive q,dK_1y,3.0,88.81542393174138,1.003299864708097
Whipsaw,Passive q,dK_1y,3.25,88.22251039884057,0.9966020408278647
Whipsaw,Passive q,dK_1y,3.5,88.57087102015274,1.000537282577099
Whipsaw,Passive q,dK_1y,3.75,88.15615377550441,0.9958524459008977
Whipsaw,Passive q,dK_1y,4.0,89.04013026661256,1.005838250783342
Whipsaw,Passive q,dK_1y,4.25,88.24073148249538,0.9968078745666054
Whipsaw,Passive q,dK_1y,4.5,89.5844131087425,1.011986720020978
Whipsaw,Passive q,dK_1y,4.75,88.80935248996487,1.0032312789102336
Whipsaw,Passive q,dK_1y,5.0,90.4807097635408,1.0221116991370893
Whipsaw,Passive q,dK_1y,5.25,89.45089332675383,1.0104784191732779
Whipsaw,Passive q,dK_1y,5.5,90.97141923550475,1.027654978953113
Whipsaw,Passive q,dK_1y,5.75,89.14293697123738,1.0069996025877364
Whipsaw,Passive q,dK_1y,6.0,91.76454185117873,1.0366144566854292
Whipsaw,Passive q,dK_1y,6.25,69.12040871457944,0.7808159173479073
Whipsaw,Passive q,dK_1y,6.5,47.90547179127193,0.5411622355583157
Whipsaw,Passive q,dK_1y,6.75,25.000000000000004,0.2824114946180908
Whipsaw,Passive q,dK_1y,7.0,0.0,0.0
Whipsaw,Passive q,dK_3y,0.0,222.24866485454163,0.9999999999999956
Whipsaw,Passive q,dK_3y,0.25,208.55143163035913,0.9383697839843129
Whipsaw,Passive q,dK_3y,0.5,243.74832913424035,1.0967369783470637
Whipsaw,Passive q,dK_3y,0.75,217.76662430873174,0.9798332172265498
Whipsaw,Passive q,dK_3y,1.0,243.4232453906743,1.0952742755507217
Whipsaw,Passive q,dK_3y,1.25,208.95106016530295,0.9401678984306039
Whipsaw,Passive q,dK_3y,1.5,231.05663804197854,1.0396311635581728
Whipsaw,Passive q,dK_3y,1.75,210.3857466597302,0.9466232195249565
Whipsaw,Passive q,dK_3y,2.0,243.73033276872772,1.0966560043375038
Whipsaw,Passive q,dK_3y,2.25,210.66615348249354,0.9478849000976919
Whipsaw,Passive q,dK_3y,2.5,219.33325042929286,0.9868821959980824
Whipsaw,Passive q,dK_3y,2.75,203.73424271016023,0.9166950129644211
Whipsaw,Passive q,dK_3y,3.0,229.4859791031008,1.0325640392633848
Whipsaw,Passive q,dK_3y,3.25,211.1630541575139,0.9501206870948626
Whipsaw,Passive q,dK_3y,3.5,222.61784749797044,1.001661124235187
Whipsaw,Passive q,dK_3y,3.75,204.69473718659498,0.9210167238600225
Whipsaw,Passive q,dK_3y,4.0,235.638827609972,1.0602485633116985
Whipsaw,Passive q,dK_3y,4.25,197.48049419621736,0.8885564929061079
Whipsaw,Passive q,dK_3y,4.5,207.47514897385952,0.9335270882713645
Whipsaw,Passive q,dK_3y,4.75,177.7113645498052,0.7996059938812852
Whipsaw,Passive q,dK_3y,5.0,174.69603537535363,0.7860386270022758
Whipsaw,Passive q,dK_3y,5.25,147.3139274469302,0.662833801693901
Whipsaw,Passive q,dK_3y,5.5,133.78317591515054,0.6019526641598004
Whipsaw,Passive q,dK_3y,5.75,108.3801624121327,0.48765270415939455
Whipsaw,Passive q,dK_3y,6.0,91.76454185117873,0.41289130763164233
Whipsaw,Passive q,dK_3y,6.25,69.12040871457944,0.31100483217668545
Whipsaw,Passive q,dK_3y,6.5,47.90547179127193,0.21554897449046598
Whipsaw,Passive q,dK_3y,6.75,25.000000000000004,0.11248661501009247
Whipsaw,Passive q,dK_3y,7.0,0.0,0.0
Whipsaw,Passive q,MtM,0.0,644.18079456557,0.9999999999999984
Whipsaw,Passive q,MtM,0.25,603.9348206035296,0.9375237909891696
Whipsaw,Passive q,MtM,0.5,622.3964301842577,0.9661828409584853
Whipsaw,Passive q,MtM,0.75,576.3334468543735,0.8946765437846481
Whipsaw,Passive q,MtM,1.0,574.0601542768023,0.8911475770772438
Whipsaw,Passive q,MtM,1.25,522.2500576457182,0.8107196955443516
Whipsaw,Passive q,MtM,1.5,520.2827885804936,0.8076657872598749
Whipsaw,Passive q,MtM,1.75,484.1416620219243,0.7515617759893394
Whipsaw,Passive q,MtM,2.0,483.1492358510543,0.7500211740663353
Whipsaw,Passive q,MtM,2.25,441.4703197652961,0.6853205241286636
Whipsaw,Passive q,MtM,2.5,425.766830410139,0.6609430675394038
Whipsaw,Passive q,MtM,2.75,391.4855881258625,0.6077262647823526
Whipsaw,Passive q,MtM,3.0,385.3182516112602,0.5981523430407685
Whipsaw,Passive q,MtM,3.25,356.0675404255127,0.5527447316488859
Whipsaw,Passive q,MtM,3.5,337.12274557878084,0.5233356045737642
Whipsaw,Passive q,MtM,3.75,306.8345745107626,0.4763174827614796
Whipsaw,Passive q,MtM,4.0,294.09784974731184,0.45654551055911013
Whipsaw,Passive q,MtM,4.25,265.1442638404336,0.41159914433531697
Whipsaw,Passive q,MtM,4.5,247.63824522368608,0.38442351481572934
Whipsaw,Passive q,MtM,4.75,220.30007351035127,0.3419848517199576
Whipsaw,Passive q,MtM,5.0,199.3295312875205,0.30943103701492114
Whipsaw,Passive q,MtM,5.25,172.8244019975394,0.268285555011137
Whipsaw,Passive q,MtM,5.5,149.58376034469222,0.23220773051076446
Whipsaw,Passive q,MtM,5.75,123.66665955466041,0.1919750799743416
Whipsaw,Passive q,MtM,6.0,99.98651370543911,0.15521498707962725
Whipsaw,Passive q,MtM,6.25,74.58500025087731,0.11578271330050546
Whipsaw,Passive q,MtM,6.5,49.98209334120129,0.07759016375970773
Whipsaw,Passive q,MtM,6.75,25.014132651499168,0.03883091961530528
Whipsaw,Passive q,MtM,7.0,0.0,0.0
Whipsaw,Passive q,V,0.0,251.87082587396654,0.999999999999996
Whipsaw,Passive q,V,0.25,258.157566691474,1.0249601786776699
Whipsaw,Passive q,V,0.5,230.10232574816985,0.9135727607583646
Whipsaw,Passive q,V,0.75,249.64538128303366,0.9911643415500314
Whipsaw,Passive q,V,1.0,231.89441033486276,0.9206878546977859
Whipsaw,Passive q,V,1.25,252.71718781891397,1.0033603016229038
Whipsaw,Passive q,V,1.5,241.04517602192715,0.9570190401588734
Whipsaw,Passive q,V,1.75,245.2199107037847,0.9735939438515565
Whipsaw,Passive q,V,2.0,224.21203545430487,0.8901866052819364
Whipsaw,Passive q,V,2.25,239.0325274024094,0.9490282432393253
Whipsaw,Passive q,V,2.5,233.10347993176293,0.92548821056554
Whipsaw,Passive q,V,2.75,235.3093546710791,0.9342461710465206
Whipsaw,Passive q,V,3.0,221.84184465282746,0.8807762625268631
Whipsaw,Passive q,V,3.25,217.3533901175272,0.8629558003128462
Whipsaw,Passive q,V,3.5,212.09938428864837,0.8420958781259557
Whipsaw,Passive q,V,3.75,205.35534860213346,0.815320106604527
Whipsaw,Passive q,V,4.0,194.0312221589731,0.7703600505763358
Whipsaw,Passive q,V,4.25,184.64932330860165,0.7331111996313439
Whipsaw,Passive q,V,4.5,173.67692109024645,0.6895475904666777
Whipsaw,Passive q,V,4.75,167.25975945844064,0.6640696034487733
Whipsaw,Passive q,V,5.0,152.30927076047834,0.604711840809589
Whipsaw,Passive q,V,5.25,142.97513894715988,0.5676526388121764
Whipsaw,Passive q,V,5.5,129.529236602138,0.5142685190024848
Whipsaw,Passive q,V,5.75,107.27329741171249,0.42590600574514526
Whipsaw,Passive q,V,6.0,91.51780186858062,0.36335213318582116
Whipsaw,Passive q,V,6.25,68.74542226031947,0.27293920215562667
Whipsaw,Passive q,V,6.5,47.82628524666924,0.18988418003838525
Whipsaw,Passive q,V,6.75,25.000000000000004,0.09925722803842965
Whipsaw,Passive q,V,7.0,0.0,0.0
Whipsaw,CAR-target,dK_0.5y,0.0,54.690075737217185,0.9999999999999817
Whipsaw,CAR-target,dK_0.5y,0.25,66.18698363457405,1.2102192718217775
Whipsaw,CAR-target,dK_0.5y,0.5,71.16610038719261,1.3012616901307748
Whipsaw,CAR-target,dK_0.5y,0.75,75.0741720279627,1.3727202059234405
Whipsaw,CAR-target,dK_0.5y,1.0,77.15686660944483,1.4108019703643844
Whipsaw,CAR-target,dK_0.5y,1.25,58.11732148022716,1.0626666848931905
Whipsaw,CAR-target,dK_0.5y,1.5,74.60235413306867,1.3640930850329689
Whipsaw,CAR-target,dK_0.5y,1.75,61.70228902049544,1.1282172896773892
Whipsaw,CAR-target,dK_0.5y,2.0,76.91349058977401,1.4063518756005697
Whipsaw,CAR-target,dK_0.5y,2.25,62.151659453336535,1.1364339620221173
Whipsaw,CAR-target,dK_0.5y,2.5,68.08544596520778,1.2449323766226503
Whipsaw,CAR-target,dK_0.5y,2.75,57.81292609733484,1.0571008600376002
Whipsaw,CAR-target,dK_0.5y,3.0,77.14348863134633,1.4105573560002942
Whipsaw,CAR-target,dK_0.5y,3.25,73.22040711532206,1.3388243868437988
Whipsaw,CAR-target,dK_0.5y,3.5,77.49314782446393,1.4169508229758694
Whipsaw,CAR-target,dK_0.5y,3.75,62.09792578730548,1.1354514498330825
Whipsaw,CAR-target,dK_0.5y,4.0,78.96255663718459,1.44381874723659
Whipsaw,CAR-target,dK_0.5y,4.25,75.23856060753647,1.3757260269496105
Whipsaw,CAR-target,dK_0.5y,4.5,78.60406095229179,1.4372637063071287
Whipsaw,CAR-target,dK_0.5y,4.75,70.90265021494305,1.296444542436275
Whipsaw,CAR-target,dK_0.5y,5.0,62.99488269140795,1.1518521750471467
Whipsaw,CAR-target,dK_0.5y,5.25,53.08853347081704,0.970716034951269
Whipsaw,CAR-target,dK_0.5y,5.5,40.96280667208131,0.7489989019014088
Whipsaw,CAR-target,dK_0.5y,5.75,38.684108067889454,0.7073332327013728
Whipsaw,CAR-target,dK_0.5y,6.0,31.38171231382686,0.5738099991781633
Whipsaw,CAR-target,dK_0.5y,6.25,26.79733029837883,0.48998524754542383
Whipsaw,CAR-target,dK_0.5y,6.5,21.80061795557241,0.3986210964549178
Whipsaw,CAR-target,dK_0.5y,6.75,10.072240828598263,0.1841694437761367
Whipsaw,CAR-target,dK_0.5y,7.0,0.0,0.0
Whipsaw,CAR-target,dK_1y,0.0,116.34753796700925,0.9999999999999915
Whipsaw,CAR-target,dK_1y,0.25,137.55950716819189,1.1823155828806295
Whipsaw,CAR-target,dK_1y,0.5,170.51611316921017,1.4655756034782546
Whipsaw,CAR-target,dK_1y,0.75,163.07400644812523,1.401611149643442
Whipsaw,CAR-target,dK_1y,1.0,182.458029257771,1.5682156446619957
Whipsaw,CAR-target,dK_1y,1.25,117.55686655530108,1.0103941055343495
Whipsaw,CAR-target,dK_1y,1.5,175.39864391218396,1.5075406577311277
Whipsaw,CAR-target,dK_1y,1.75,125.95231859056003,1.0825525042590345
Whipsaw,CAR-target,dK_1y,2.0,181.682587599791,1.5615507708577914
Whipsaw,CAR-target,dK_1y,2.25,127.00870384017882,1.0916320711160343
Whipsaw,CAR-target,dK_1y,2.5,150.04961272152792,1.2896672791140087
Whipsaw,CAR-target,dK_1y,2.75,113.61735136823279,0.9765342125284028
Whipsaw,CAR-target,dK_1y,3.0,182.42518514224724,1.5679333514901965
Whipsaw,CAR-target,dK_1y,3.25,153.15090617539244,1.3163227073942692
Whipsaw,CAR-target,dK_1y,3.5,176.89102696633478,1.5203675991535923
Whipsaw,CAR-target,dK_1y,3.75,124.20235864260792,1.0675117051280008
Whipsaw,CAR-target,dK_1y,4.0,184.4707365027024,1.585514740801891
Whipsaw,CAR-target,dK_1y,4.25,158.9491367799613,1.3661581461657617
Whipsaw,CAR-target,dK_1y,4.5,184.51198275924952,1.5858692498638602
Whipsaw,CAR-target,dK_1y,4.75,162.15894333808887,1.3937462379656733
Whipsaw,CAR-target,dK_1y,5.0,135.4331009249936,1.1640392507780868
Whipsaw,CAR-target,dK_1y,5.25,110.39579899814143,0.9488451661903117
Whipsaw,CAR-target,dK_1y,5.5,81.95792124388373,0.7044233395563771
Whipsaw,CAR-target,dK_1y,5.75,71.38471947117243,0.6135473145242937
Whipsaw,CAR-target,dK_1y,6.0,56.77747688943763,0.48799895452481856
Whipsaw,CAR-target,dK_1y,6.25,35.6291763006754,0.30623059948873066
Whipsaw,CAR-target,dK_1y,6.5,21.80061795557241,0.1873749830594083
Whipsaw,CAR-target,dK_1y,6.75,10.072240828598263,0.08657029623999604
Whipsaw,CAR-target,dK_1y,7.0,0.0,0.0
Whipsaw,CAR-target,dK_3y,0.0,416.1480723314555,0.9999999999999976
Whipsaw,CAR-target,dK_3y,0.25,440.1106879381066,1.0575819454657094
Whipsaw,CAR-target,dK_3y,0.5,541.6296905196274,1.3015311773166796
Whipsaw,CAR-target,dK_3y,0.75,511.1494961515288,1.2282875498805743
Whipsaw,CAR-target,dK_3y,1.0,572.3200515470447,1.3752798333070235
Whipsaw,CAR-target,dK_3y,1.25,391.1548454724045,0.9399415051497696
Whipsaw,CAR-target,dK_3y,1.5,564.7819279130562,1.3571657913705646
Whipsaw,CAR-target,dK_3y,1.75,410.988063127635,0.9876005452220101
Whipsaw,CAR-target,dK_3y,2.0,568.2915403751234,1.3655993579191366
Whipsaw,CAR-target,dK_3y,2.25,413.9386620308746,0.9946908073172037
Whipsaw,CAR-target,dK_3y,2.5,487.0027949633961,1.1702632484513942
Whipsaw,CAR-target,dK_3y,2.75,367.5110762810151,0.8831257446947809
Whipsaw,CAR-target,dK_3y,3.0,581.4725757911467,1.397273265098802
Whipsaw,CAR-target,dK_3y,3.25,475.935696899061,1.143669113334218
Whipsaw,CAR-target,dK_3y,3.5,557.991255907977,1.3408478688411278
Whipsaw,CAR-target,dK_3y,3.75,397.8194995033239,0.9559566076434107
Whipsaw,CAR-target,dK_3y,4.0,571.0232629722163,1.3721636622586677
Whipsaw,CAR-target,dK_3y,4.25,452.4482948738994,1.087229101745136
Whipsaw,CAR-target,dK_3y,4.5,479.12390378825853,1.151330345239813
Whipsaw,CAR-target,dK_3y,4.75,383.74426919442647,0.9221339583396632
Whipsaw,CAR-target,dK_3y,5.0,264.6612394780306,0.6359785304189307
Whipsaw,CAR-target,dK_3y,5.25,193.65359168376142,0.46534780420541955
Whipsaw,CAR-target,dK_3y,5.5,118.79845979278792,0.28547160900499496
Whipsaw,CAR-target,dK_3y,5.75,86.79378736289061,0.2085646747722058
Whipsaw,CAR-target,dK_3y,6.0,56.77747688943763,0.13643575607918498
Whipsaw,CAR-target,dK_3y,6.25,35.6291763006754,0.08561658378246005
Whipsaw,CAR-target,dK_3y,6.5,21.80061795557241,0.052386684944700404
Whipsaw,CAR-target,dK_3y,6.75,10.072240828598263,0.024203502306688215
Whipsaw,CAR-target,dK_3y,7.0,0.0,0.0
Whipsaw,CAR-target,MtM,0.0,644.18079456557,0.9999999999999984
Whipsaw,CAR-target,MtM,0.25,664.3283026638826,1.0312761700880866
Whipsaw,CAR-target,MtM,0.5,746.8757162211093,1.1594194091501824
Whipsaw,CAR-target,MtM,0.75,749.2334809106856,1.1630795069200426
Whipsaw,CAR-target,MtM,1.0,732.6604360421788,1.1373521878066508
Whipsaw,CAR-target,MtM,1.25,667.1686260136006,1.035685372246362
Whipsaw,CAR-target,MtM,1.5,656.9276741498112,1.0197877361321157
Whipsaw,CAR-target,MtM,1.75,618.4637578822069,0.9600779208254612
Whipsaw,CAR-target,MtM,2.0,613.9834140832663,0.9531228177911304
Whipsaw,CAR-target,MtM,2.25,566.08451789303,0.8787665243494129
Whipsaw,CAR-target,MtM,2.5,538.8041915171113,0.8364176579968912
Whipsaw,CAR-target,MtM,2.75,499.54968061036953,0.7754805558077229
Whipsaw,CAR-target,MtM,3.0,492.1796033040757,0.7640395483010273
Whipsaw,CAR-target,MtM,3.25,463.60752681966716,0.7196854217492147
Whipsaw,CAR-target,MtM,3.5,435.5043738589471,0.6760592329559387
Whipsaw,CAR-target,MtM,3.75,398.4324315254611,0.6185102612290078
Whipsaw,CAR-target,MtM,4.0,380.98495926864894,0.5914255166914458
Whipsaw,CAR-target,MtM,4.25,348.8344609059386,0.5415163939204196
Whipsaw,CAR-target,MtM,4.5,321.4112244222326,0.49894567974350906
Whipsaw,CAR-target,MtM,4.75,287.0266819574825,0.445568517998197
Whipsaw,CAR-target,MtM,5.0,239.77142676519713,0.37221138659822445
Whipsaw,CAR-target,MtM,5.25,190.6062413173854,0.29588935734404864
Whipsaw,CAR-target,MtM,5.5,150.016002536378,0.23287872566512524
Whipsaw,CAR-target,MtM,5.75,111.65734487744268,0.17333230953081
Whipsaw,CAR-target,MtM,6.0,80.27813530830058,0.12462050403480182
Whipsaw,CAR-target,MtM,6.25,52.425023464379116,0.08138246887620117
Whipsaw,CAR-target,MtM,6.5,30.133685918242534,0.04677830536466768
Whipsaw,CAR-target,MtM,6.75,12.579347992526028,0.019527666919982322
Whipsaw,CAR-target,MtM,7.0,0.0,0.0
Whipsaw,CAR-target,V,0.0,251.87082587396654,0.999999999999996
Whipsaw,CAR-target,V,0.25,288.36537049929103,1.1448938935213753
Whipsaw,CAR-target,V,0.5,322.809615973328,1.2816475066265007
Whipsaw,CAR-target,V,0.75,514.1995732067624,2.041520971801872
Whipsaw,CAR-target,V,1.0,479.8872048740971,1.9052909490765144
Whipsaw,CAR-target,V,1.25,383.8880947104397,1.5241467263164956
Whipsaw,CAR-target,V,1.5,462.4501731997245,1.8360608919078534
Whipsaw,CAR-target,V,1.75,414.5936469003757,1.6460566461469908
Whipsaw,CAR-target,V,2.0,460.7340492732929,1.8292473837515324
Whipsaw,CAR-target,V,2.25,415.6506064855803,1.650253081290033
Whipsaw,CAR-target,V,2.5,454.8160351112146,1.80575115650273
Whipsaw,CAR-target,V,2.75,334.33441378210705,1.3274042859946118
Whipsaw,CAR-target,V,3.0,455.0206938740751,1.8065637109625423
Whipsaw,CAR-target,V,3.25,433.4047121084905,1.7207420137072957
Whipsaw,CAR-target,V,3.5,444.29263457063615,1.763970213814893
Whipsaw,CAR-target,V,3.75,314.55143691336195,1.2488601481410113
Whipsaw,CAR-target,V,4.0,395.51002196059414,1.5702891376490804
Whipsaw,CAR-target,V,4.25,351.16191769643706,1.3942143417283006
Whipsaw,CAR-target,V,4.5,354.31706295575117,1.406741180628225
Whipsaw,CAR-target,V,4.75,329.23470285597233,1.3071569591815948
Whipsaw,CAR-target,V,5.0,237.31472211433186,0.942208059591152
Whipsaw,CAR-target,V,5.25,191.5824603379874,0.7606377581572408
Whipsaw,CAR-target,V,5.5,132.863990793538,0.5275084572916007
Whipsaw,CAR-target,V,5.75,103.72255047201986,0.4118085137971521
Whipsaw,CAR-target,V,6.0,71.97440496616838,0.2857591970662903
Whipsaw,CAR-target,V,6.25,48.936185914427895,0.19429080658557432
Whipsaw,CAR-target,V,6.5,29.082757827254074,0.11546695702584729
Whipsaw,CAR-target,V,6.75,12.572240828598263,0.04991543099512934
Whipsaw,CAR-target,V,7.0,0.0,0.0
Whipsaw,MtM-band,dK_0.5y,0.0,42.962365695779006,0.9999999999999767
Whipsaw,MtM-band,dK_0.5y,0.25,-56.693519123839074,-1.3196088764126834
Whipsaw,MtM-band,dK_0.5y,0.5,147.9477484663411,3.4436592601527365
Whipsaw,MtM-band,dK_0.5y,0.75,50.7183735899201,1.1805302796652541
Whipsaw,MtM-band,dK_0.5y,1.0,115.54481692406166,2.6894426098935957
Whipsaw,MtM-band,dK_0.5y,1.25,-45.99474323246049,-1.0705821825118522
Whipsaw,MtM-band,dK_0.5y,1.5,32.85396406199536,0.7647149669233055
Whipsaw,MtM-band,dK_0.5y,1.75,13.321222534756394,0.31006724883552855
Whipsaw,MtM-band,dK_0.5y,2.0,92.35578771090661,2.1496904608299605
Whipsaw,MtM-band,dK_0.5y,2.25,32.670861644241356,0.7604530410542654
Whipsaw,MtM-band,dK_0.5y,2.5,38.68850941244837,0.9005209276976235
Whipsaw,MtM-band,dK_0.5y,2.75,-51.881263048917646,-1.2075979106060657
Whipsaw,MtM-band,dK_0.5y,3.0,56.55301114391729,1.3163383865863845
Whipsaw,MtM-band,dK_0.5y,3.25,28.442916007161966,0.6620425934774765
Whipsaw,MtM-band,dK_0.5y,3.5,49.05527652134087,1.1418197235390914
Whipsaw,MtM-band,dK_0.5y,3.75,31.975767728406787,0.7442739060234669
Whipsaw,MtM-band,dK_0.5y,4.0,56.850044338797765,1.3232521863753393
Whipsaw,MtM-band,dK_0.5y,4.25,44.600197504927436,1.038122477257073
Whipsaw,MtM-band,dK_0.5y,4.5,56.7419796179737,1.3207368518709666
Whipsaw,MtM-band,dK_0.5y,4.75,44.49345978910927,1.0356380303675794
Whipsaw,MtM-band,dK_0.5y,5.0,47.64158217807624,1.108914311549558
Whipsaw,MtM-band,dK_0.5y,5.25,44.32724449275796,1.0317691722714426
Whipsaw,MtM-band,dK_0.5y,5.5,44.32695037790029,1.0317623263994125
Whipsaw,MtM-band,dK_0.5y,5.75,44.166010224651814,1.0280162535134798
Whipsaw,MtM-band,dK_0.5y,6.0,44.16601022465182,1.02801625351348
Whipsaw,MtM-band,dK_0.5y,6.25,44.166010224651814,1.0280162535134798
Whipsaw,MtM-band,dK_0.5y,6.5,44.166010224651785,1.0280162535134794
Whipsaw,MtM-band,dK_0.5y,6.75,23.048520645557318,0.5364816455584815
Whipsaw,MtM-band,dK_0.5y,7.0,0.0,0.0
Whipsaw,MtM-band,dK_1y,0.0,74.62998238932434,0.9999999999999867
Whipsaw,MtM-band,dK_1y,0.25,-38.724737334641,-0.5188898093613911
Whipsaw,MtM-band,dK_1y,0.5,187.88962407282375,2.517615816826167
Whipsaw,MtM-band,dK_1y,0.75,82.5633863604357,1.1063031735653353
Whipsaw,MtM-band,dK_1y,1.0,138.23316759668376,1.8522470885167444
Whipsaw,MtM-band,dK_1y,1.25,-18.53894527639709,-0.24841149204195442
Whipsaw,MtM-band,dK_1y,1.5,74.03519515045514,0.9920301838506762
Whipsaw,MtM-band,dK_1y,1.75,30.36014941114797,0.40680901213090087
Whipsaw,MtM-band,dK_1y,2.0,122.57849876615907,1.6424832867666874
Whipsaw,MtM-band,dK_1y,2.25,49.27474346936708,0.6602539876307819
Whipsaw,MtM-band,dK_1y,2.5,65.87744139746549,0.8827208487575395
Whipsaw,MtM-band,dK_1y,2.75,-30.35211904135008,-0.4067014096695202
Whipsaw,MtM-band,dK_1y,3.0,99.19734271452536,1.3291888801077087
Whipsaw,MtM-band,dK_1y,3.25,54.85898252808183,0.7350796659966593
Whipsaw,MtM-band,dK_1y,3.5,83.41012925508066,1.1176490545040139
Whipsaw,MtM-band,dK_1y,3.75,48.57888672348963,0.650929896647518
Whipsaw,MtM-band,dK_1y,4.0,96.98667803161139,1.2995672104765743
Whipsaw,MtM-band,dK_1y,4.25,76.03010256255268,1.018760826793758
Whipsaw,MtM-band,dK_1y,4.5,96.26480389025701,1.2898945009536302
Whipsaw,MtM-band,dK_1y,4.75,82.71271787152173,1.1083041322458158
Whipsaw,MtM-band,dK_1y,5.0,87.90804783461338,1.1779186463694955
Whipsaw,MtM-band,dK_1y,5.25,82.78103797009896,1.109219583333836
Whipsaw,MtM-band,dK_1y,5.5,84.1530332223771,1.127603551925987
Whipsaw,MtM-band,dK_1y,5.75,82.22527800323145,1.1017727107891226
Whipsaw,MtM-band,dK_1y,6.0,84.72724033461999,1.1352976058954412
Whipsaw,MtM-band,dK_1y,6.25,63.728102113380125,0.8539209051521288
Whipsaw,MtM-band,dK_1y,6.5,44.166010224651785,0.59179982107257
Whipsaw,MtM-band,dK_1y,6.75,23.048520645557318,0.3088372783651367
Whipsaw,MtM-band,dK_1y,7.0,0.0,0.0
Whipsaw,MtM-band,dK_3y,0.0,133.75837917615615,0.9999999999999926
Whipsaw,MtM-band,dK_3y,0.25,59.45380936375014,0.4444866163147106
Whipsaw,MtM-band,dK_3y,0.5,178.6537457830055,1.3356452648676465
Whipsaw,MtM-band,dK_3y,0.75,123.22393013627567,0.921242698178872
Whipsaw,MtM-band,dK_3y,1.0,153.23195547625426,1.1455877113646151
Whipsaw,MtM-band,dK_3y,1.25,67.13253142524069,0.50189402591989
Whipsaw,MtM-band,dK_3y,1.5,142.9655291643468,1.0688341922569502
Whipsaw,MtM-band,dK_3y,1.75,97.39933376004612,0.7281736991726935
Whipsaw,MtM-band,dK_3y,2.0,162.33006084731548,1.2136066678374593
Whipsaw,MtM-band,dK_3y,2.25,117.64189317768435,0.8795104568570788
Whipsaw,MtM-band,dK_3y,2.5,135.46567347858607,1.0127640175736612
Whipsaw,MtM-band,dK_3y,2.75,44.09360479580645,0.3296511595564121
Whipsaw,MtM-band,dK_3y,3.0,173.64238920687902,1.2981795254725343
Whipsaw,MtM-band,dK_3y,3.25,136.0070712021949,1.0168115974482337
Whipsaw,MtM-band,dK_3y,3.5,175.59690477274077,1.3127918105338516
Whipsaw,MtM-band,dK_3y,3.75,129.17939872611248,0.9657667767937421
Whipsaw,MtM-band,dK_3y,4.0,202.29241039091443,1.5123718726024582
Whipsaw,MtM-band,dK_3y,4.25,166.58171300746093,1.2453927300365693
Whipsaw,MtM-band,dK_3y,4.5,188.5887467853395,1.409920992964275
Whipsaw,MtM-band,dK_3y,4.75,163.1412630053567,1.219671350760784
Whipsaw,MtM-band,dK_3y,5.0,162.00160154449722,1.2111510511886834
Whipsaw,MtM-band,dK_3y,5.25,136.50109728209645,1.0205050189964338
Whipsaw,MtM-band,dK_3y,5.5,123.97402918687007,0.9268505640577381
Whipsaw,MtM-band,dK_3y,5.75,100.02006205853732,0.7477667019784447
Whipsaw,MtM-band,dK_3y,6.0,84.72724033461999,0.6334350106249111
Whipsaw,MtM-band,dK_3y,6.25,63.728102113380125,0.4764419433451079
Whipsaw,MtM-band,dK_3y,6.5,44.166010224651785,0.3301924746447923
Whipsaw,MtM-band,dK_3y,6.75,23.048520645557318,0.17231459283162268
Whipsaw,MtM-band,dK_3y,7.0,0.0,0.0
Whipsaw,MtM-band,MtM,0.0,644.18079456557,0.9999999999999984
Whipsaw,MtM-band,MtM,0.25,603.9348206035296,0.9375237909891696
Whipsaw,MtM-band,MtM,0.5,622.3964301842577,0.9661828409584853
Whipsaw,MtM-band,MtM,0.75,531.3453339419295,0.8248388316206531
Whipsaw,MtM-band,MtM,1.0,529.2494927056279,0.8215853331401294
Whipsaw,MtM-band,MtM,1.25,481.48364943163347,0.7474355856205573
Whipsaw,MtM-band,MtM,1.5,479.6699437650256,0.7446200628947812
Whipsaw,MtM-band,MtM,1.75,446.3499636994702,0.6928954844120805
Whipsaw,MtM-band,MtM,2.0,445.4350054959307,0.6914751406029227
Whipsaw,MtM-band,MtM,2.25,407.0095111804487,0.6318249699681466
Whipsaw,MtM-band,MtM,2.5,392.5318232360636,0.6093503975087974
Whipsaw,MtM-band,MtM,2.75,360.92654641428356,0.5602876544273394
Whipsaw,MtM-band,MtM,3.0,355.2406270948872,0.5514610651105454
Whipsaw,MtM-band,MtM,3.25,328.27320226840976,0.5095979343652955
Whipsaw,MtM-band,MtM,3.5,310.80722246237985,0.4824844594629449
Whipsaw,MtM-band,MtM,3.75,282.8833210152843,0.43913653341071424
Whipsaw,MtM-band,MtM,4.0,271.1408144685972,0.42090794503032625
Whipsaw,MtM-band,MtM,4.25,244.4473215670932,0.37947005503625114
Whipsaw,MtM-band,MtM,4.5,228.30780830670858,0.3544157327147219
Whipsaw,MtM-band,MtM,4.75,203.10363170084503,0.315289796613412
Whipsaw,MtM-band,MtM,5.0,183.77003268598716,0.2852771058005848
Whipsaw,MtM-band,MtM,5.25,159.33387189985538,0.24734340614315975
Whipsaw,MtM-band,MtM,5.5,137.90737554178946,0.21408178682941456
Whipsaw,MtM-band,MtM,5.75,114.01334223650794,0.17698966376884517
Whipsaw,MtM-band,MtM,6.0,92.18164901668452,0.14309903336818802
Whipsaw,MtM-band,MtM,6.25,68.76295672524975,0.10674481031621379
Whipsaw,MtM-band,MtM,6.5,46.08053241131403,0.07153353965231186
Whipsaw,MtM-band,MtM,6.75,23.06155011395152,0.03579981009757361
Whipsaw,MtM-band,MtM,7.0,0.0,0.0
Whipsaw,MtM-band,V,0.0,251.87082587396654,0.999999999999996
Whipsaw,MtM-band,V,0.25,258.157566691474,1.0249601786776699
Whipsaw,MtM-band,V,0.5,230.10232574816985,0.9135727607583646
Whipsaw,MtM-band,V,0.75,229.04924995422118,0.9093917453894961
Whipsaw,MtM-band,V,1.0,211.61316582598846,0.8401654502529665
Whipsaw,MtM-band,V,1.25,233.12429703674587,0.9255708604909957
Whipsaw,MtM-band,V,1.5,219.7106699155707,0.8723148826514378
Whipsaw,MtM-band,V,1.75,225.56155512260523,0.8955445885402897
Whipsaw,MtM-band,V,2.0,204.3356890294648,0.8112717632954893
Whipsaw,MtM-band,V,2.25,219.55086688215107,0.8716804184062632
Whipsaw,MtM-band,V,2.5,212.21678171178957,0.8425619798379497
Whipsaw,MtM-band,V,2.75,216.9474162691725,0.861343966759095
Whipsaw,MtM-band,V,3.0,201.47335111288282,0.7999074542031205
Whipsaw,MtM-band,V,3.25,198.60796684616687,0.7885310502199544
Whipsaw,MtM-band,V,3.5,192.1698794861672,0.7629699820110416
Whipsaw,MtM-band,V,3.75,188.51593777439786,0.7484627769820729
Whipsaw,MtM-band,V,4.0,175.57917287772645,0.6971000800449342
Whipsaw,MtM-band,V,4.25,168.73713391924616,0.6699352071989463
Whipsaw,MtM-band,V,4.5,157.87648624407723,0.626815295881375
Whipsaw,MtM-band,V,4.75,151.20677613298182,0.6003346183834862
Whipsaw,MtM-band,V,5.0,138.0899358460963,0.548256970083524
Whipsaw,MtM-band,V,5.25,128.5033449675635,0.5101954326058575
Whipsaw,MtM-band,V,5.5,115.26889857628551,0.4576508540689995
Whipsaw,MtM-band,V,5.75,98.34701461110745,0.39046608224613855
Whipsaw,MtM-band,V,6.0,83.58994242769097,0.3318762390905811
Whipsaw,MtM-band,V,6.25,63.38072711156124,0.25163981136614855
Whipsaw,MtM-band,V,6.5,44.09300491632677,0.17506197775517782
Whipsaw,MtM-band,V,6.75,23.048520645557318,0.09150929078658145
Whipsaw,MtM-band,V,7.0,0.0,0.0
Whipsaw,0.5y-greedy,dK_0.5y,0.0,47.90547179127196,0.9999999999999791
Whipsaw,0.5y-greedy,dK_0.5y,0.25,47.90547179127193,0.9999999999999785
Whipsaw,0.5y-greedy,dK_0.5y,0.5,47.90547179127192,0.9999999999999784
Whipsaw,0.5y-greedy,dK_0.5y,0.75,47.90547179127194,0.9999999999999788
Whipsaw,0.5y-greedy,dK_0.5y,1.0,47.90547179127192,0.9999999999999784
Whipsaw,0.5y-greedy,dK_0.5y,1.25,47.90547179127193,0.9999999999999785
Whipsaw,0.5y-greedy,dK_0.5y,1.5,47.90547179127195,0.9999999999999789
Whipsaw,0.5y-greedy,dK_0.5y,1.75,47.90547179127193,0.9999999999999785
Whipsaw,0.5y-greedy,dK_0.5y,2.0,47.90547179127192,0.9999999999999784
Whipsaw,0.5y-greedy,dK_0.5y,2.25,47.90547179127193,0.9999999999999785
Whipsaw,0.5y-greedy,dK_0.5y,2.5,47.90547179127196,0.9999999999999791
Whipsaw,0.5y-greedy,dK_0.5y,2.75,47.90547179127195,0.9999999999999789
Whipsaw,0.5y-greedy,dK_0.5y,3.0,47.90547179127194,0.9999999999999788
Whipsaw,0.5y-greedy,dK_0.5y,3.25,47.905471791271935,0.9999999999999787
Whipsaw,0.5y-greedy,dK_0.5y,3.5,47.90547179127195,0.9999999999999789
Whipsaw,0.5y-greedy,dK_0.5y,3.75,47.90547179127194,0.9999999999999788
Whipsaw,0.5y-greedy,dK_0.5y,4.0,47.90547179127192,0.9999999999999784
Whipsaw,0.5y-greedy,dK_0.5y,4.25,47.905471791271935,0.9999999999999787
Whipsaw,0.5y-greedy,dK_0.5y,4.5,47.90547179127195,0.9999999999999789
Whipsaw,0.5y-greedy,dK_0.5y,4.75,47.90547179127195,0.9999999999999789
Whipsaw,0.5y-greedy,dK_0.5y,5.0,47.90547179127195,0.9999999999999789
Whipsaw,0.5y-greedy,dK_0.5y,5.25,47.905471791271935,0.9999999999999787
Whipsaw,0.5y-greedy,dK_0.5y,5.5,47.90547179127195,0.9999999999999789
Whipsaw,0.5y-greedy,dK_0.5y,5.75,47.90547179127195,0.9999999999999789
Whipsaw,0.5y-greedy,dK_0.5y,6.0,47.90547179127195,0.9999999999999789
Whipsaw,0.5y-greedy,dK_0.5y,6.25,47.90547179127195,0.9999999999999789
Whipsaw,0.5y-greedy,dK_0.5y,6.5,47.90547179127193,0.9999999999999785
Whipsaw,0.5y-greedy,dK_0.5y,6.75,25.000000000000004,0.5218610539715905
Whipsaw,0.5y-greedy,dK_0.5y,7.0,0.0,0.0
Whipsaw,0.5y-greedy,dK_1y,0.0,88.5232948237741,0.9999999999999888
Whipsaw,0.5y-greedy,dK_1y,0.25,88.18413199209263,0.9961686600983658
Whipsaw,0.5y-greedy,dK_1y,0.5,89.45987304113937,1.0105800198606338
Whipsaw,0.5y-greedy,dK_1y,0.75,88.38565548457763,0.9984451624911673
Whipsaw,0.5y-greedy,dK_1y,1.0,89.45378912302682,1.0105112931133446
Whipsaw,0.5y-greedy,dK_1y,1.25,88.1864603494479,0.9961949622978027
Whipsaw,0.5y-greedy,dK_1y,1.5,88.88023845564094,1.004032200027986
Whipsaw,0.5y-greedy,dK_1y,1.75,88.20096425490857,0.9963588051087774
Whipsaw,0.5y-greedy,dK_1y,2.0,89.46377181144932,1.0106240621696974
Whipsaw,0.5y-greedy,dK_1y,2.25,88.20340558718397,0.9963863835250605
Whipsaw,0.5y-greedy,dK_1y,2.5,88.43815132932687,0.9990381797851321
Whipsaw,0.5y-greedy,dK_1y,2.75,88.14764103137153,0.995756441362114
Whipsaw,0.5y-greedy,dK_1y,3.0,88.81569808496872,1.003303122209535
Whipsaw,0.5y-greedy,dK_1y,3.25,88.22217919091807,0.9965984588185917
Whipsaw,0.5y-greedy,dK_1y,3.5,88.57096056867388,1.0005384542565172
Whipsaw,0.5y-greedy,dK_1y,3.75,88.15566567270722,0.9958470914147545
Whipsaw,0.5y-greedy,dK_1y,4.0,89.04058581275585,1.0058435577890603
Whipsaw,0.5y-greedy,dK_1y,4.25,88.2404394755701,0.9968047354228277
Whipsaw,0.5y-greedy,dK_1y,4.5,89.58483727820904,1.0119916735651016
Whipsaw,0.5y-greedy,dK_1y,4.75,88.80954549584675,1.0032336197228255
Whipsaw,0.5y-greedy,dK_1y,5.0,90.48209107366506,1.0221274666040094
Whipsaw,0.5y-greedy,dK_1y,5.25,89.4512354747784,1.0104824459239863
Whipsaw,0.5y-greedy,dK_1y,5.5,90.97241568088418,1.0276663996972164
Whipsaw,0.5y-greedy,dK_1y,5.75,89.14307731536668,1.0070013491118401
Whipsaw,0.5y-greedy,dK_1y,6.0,91.76451395136829,1.0366143073870617
Whipsaw,0.5y-greedy,dK_1y,6.25,69.12040871457944,0.7808160422878371
Whipsaw,0.5y-greedy,dK_1y,6.5,47.90547179127193,0.5411623221507763
Whipsaw,0.5y-greedy,dK_1y,6.75,25.000000000000004,0.28241153980732364
Whipsaw,0.5y-greedy,dK_1y,7.0,0.0,0.0
Whipsaw,0.5y-greedy,dK_3y,0.0,222.2225160957625,0.9999999999999956
Whipsaw,0.5y-greedy,dK_3y,0.25,208.5994075354751,0.938696092548886
Whipsaw,0.5y-greedy,dK_3y,0.5,243.60385893341007,1.0962159155305065
Whipsaw,0.5y-greedy,dK_3y,0.75,217.757382217905,0.9799069241213418
Whipsaw,0.5y-greedy,dK_3y,1.0,243.30257004010156,1.0948601173035677
Whipsaw,0.5y-greedy,dK_3y,1.25,209.00449190490292,0.9405189698006818
Whipsaw,0.5y-greedy,dK_3y,1.5,231.00103547973907,1.0395032849875239
Whipsaw,0.5y-greedy,dK_3y,1.75,210.4168158396168,0.9468744191022515
Whipsaw,0.5y-greedy,dK_3y,2.0,243.5979728465872,1.0961894281748312
Whipsaw,0.5y-greedy,dK_3y,2.25,210.69771686330338,0.9481384720372185
Whipsaw,0.5y-greedy,dK_3y,2.5,219.31589798659854,0.9869202358058425
Whipsaw,0.5y-greedy,dK_3y,2.75,203.84508707610053,0.917301678774335
Whipsaw,0.5y-greedy,dK_3y,3.0,229.4179862351446,1.0323795728074663
Whipsaw,0.5y-greedy,dK_3y,3.25,211.16885173272365,0.9502585761459184
Whipsaw,0.5y-greedy,dK_3y,3.5,222.57563903361788,1.0015890511189343
Whipsaw,0.5y-greedy,dK_3y,3.75,204.77321408517088,0.9214782447919314
Whipsaw,0.5y-greedy,dK_3y,4.0,235.50024849148633,1.059749716765879
Whipsaw,0.5y-greedy,dK_3y,4.25,197.4846875235874,0.888679918638327
Whipsaw,0.5y-greedy,dK_3y,4.5,207.37614945352203,0.9331914384596219
Whipsaw,0.5y-greedy,dK_3y,4.75,177.701781067527,0.7996569573127732
Whipsaw,0.5y-greedy,dK_3y,5.0,174.65754930870253,0.7859579325140772
Whipsaw,0.5y-greedy,dK_3y,5.25,147.31111369093765,0.662899134970896
Whipsaw,0.5y-greedy,dK_3y,5.5,133.78011793829697,0.6020097346060397
Whipsaw,0.5y-greedy,dK_3y,5.75,108.380153963179,0.4877100478714505
Whipsaw,0.5y-greedy,dK_3y,6.0,91.76451395136829,0.41293976669683524
Whipsaw,0.5y-greedy,dK_3y,6.25,69.12040871457944,0.31104142788480094
Whipsaw,0.5y-greedy,dK_3y,6.5,47.90547179127193,0.2155743379785502
Whipsaw,0.5y-greedy,dK_3y,6.75,25.000000000000004,0.11249985122671649
Whipsaw,0.5y-greedy,dK_3y,7.0,0.0,0.0
Whipsaw,0.5y-greedy,MtM,0.0,644.18079456557,0.9999999999999984
Whipsaw,0.5y-greedy,MtM,0.25,603.9348206035296,0.9375237909891696
Whipsaw,0.5y-greedy,MtM,0.5,622.3964301842577,0.9661828409584853
Whipsaw,0.5y-greedy,MtM,0.75,576.3334468543735,0.8946765437846481
Whipsaw,0.5y-greedy,MtM,1.0,574.0601542768023,0.8911475770772438
Whipsaw,0.5y-greedy,MtM,1.25,522.2500576457182,0.8107196955443516
Whipsaw,0.5y-greedy,MtM,1.5,520.2827885804936,0.8076657872598749
Whipsaw,0.5y-greedy,MtM,1.75,484.1416620219243,0.7515617759893394
Whipsaw,0.5y-greedy,MtM,2.0,483.1492358510543,0.7500211740663353
Whipsaw,0.5y-greedy,MtM,2.25,441.4703197652961,0.6853205241286636
Whipsaw,0.5y-greedy,MtM,2.5,425.766830410139,0.6609430675394038
Whipsaw,0.5y-greedy,MtM,2.75,391.4855881258625,0.6077262647823526
Whipsaw,0.5y-greedy,MtM,3.0,385.3182516112602,0.5981523430407685
Whipsaw,0.5y-greedy,MtM,3.25,356.0675404255127,0.5527447316488859
Whipsaw,0.5y-greedy,MtM,3.5,337.12274557878084,0.5233356045737642
Whipsaw,0.5y-greedy,MtM,3.75,306.8345745107626,0.4763174827614796
Whipsaw,0.5y-greedy,MtM,4.0,294.09784974731184,0.45654551055911013
Whipsaw,0.5y-greedy,MtM,4.25,265.1442638404336,0.41159914433531697
Whipsaw,0.5y-greedy,MtM,4.5,247.63824522368608,0.38442351481572934
Whipsaw,0.5y-greedy,MtM,4.75,220.30007351035127,0.3419848517199576
Whipsaw,0.5y-greedy,MtM,5.0,199.3295312875205,0.30943103701492114
Whipsaw,0.5y-greedy,MtM,5.25,172.8244019975394,0.268285555011137
Whipsaw,0.5y-greedy,MtM,5.5,149.58376034469222,0.23220773051076446
Whipsaw,0.5y-greedy,MtM,5.75,123.66665955466041,0.1919750799743416
Whipsaw,0.5y-greedy,MtM,6.0,99.98651370543911,0.15521498707962725
Whipsaw,0.5y-greedy,MtM,6.25,74.58500025087731,0.11578271330050546
Whipsaw,0.5y-greedy,MtM,6.5,49.98209334120129,0.07759016375970773
Whipsaw,0.5y-greedy,MtM,6.75,25.014132651499168,0.03883091961530528
Whipsaw,0.5y-greedy,MtM,7.0,0.0,0.0
Whipsaw,0.5y-greedy,V,0.0,251.87082587396654,0.999999999999996
Whipsaw,0.5y-greedy,V,0.25,258.157566691474,1.0249601786776699
Whipsaw,0.5y-greedy,V,0.5,230.10232574816985,0.9135727607583646
Whipsaw,0.5y-greedy,V,0.75,249.64538128303366,0.9911643415500314
Whipsaw,0.5y-greedy,V,1.0,231.89441033486276,0.9206878546977859
Whipsaw,0.5y-greedy,V,1.25,252.71718781891397,1.0033603016229038
Whipsaw,0.5y-greedy,V,1.5,241.04517602192715,0.9570190401588734
Whipsaw,0.5y-greedy,V,1.75,245.2199107037847,0.9735939438515565
Whipsaw,0.5y-greedy,V,2.0,224.21203545430487,0.8901866052819364
Whipsaw,0.5y-greedy,V,2.25,239.0325274024094,0.9490282432393253
Whipsaw,0.5y-greedy,V,2.5,233.10347993176293,0.92548821056554
Whipsaw,0.5y-greedy,V,2.75,235.3093546710791,0.9342461710465206
Whipsaw,0.5y-greedy,V,3.0,221.84184465282746,0.8807762625268631
Whipsaw,0.5y-greedy,V,3.25,217.3533901175272,0.8629558003128462
Whipsaw,0.5y-greedy,V,3.5,212.09938428864837,0.8420958781259557
Whipsaw,0.5y-greedy,V,3.75,205.35534860213346,0.815320106604527
Whipsaw,0.5y-greedy,V,4.0,194.0312221589731,0.7703600505763358
Whipsaw,0.5y-greedy,V,4.25,184.64932330860165,0.7331111996313439
Whipsaw,0.5y-greedy,V,4.5,173.67692109024645,0.6895475904666777
Whipsaw,0.5y-greedy,V,4.75,167.25975945844064,0.6640696034487733
Whipsaw,0.5y-greedy,V,5.0,152.30927076047834,0.604711840809589
Whipsaw,0.5y-greedy,V,5.25,142.97513894715988,0.5676526388121764
Whipsaw,0.5y-greedy,V,5.5,129.529236602138,0.5142685190024848
Whipsaw,0.5y-greedy,V,5.75,107.27329741171249,0.42590600574514526
Whipsaw,0.5y-greedy,V,6.0,91.51780186858062,0.36335213318582116
Whipsaw,0.5y-greedy,V,6.25,68.74542226031947,0.27293920215562667
Whipsaw,0.5y-greedy,V,6.5,47.82628524666924,0.18988418003838525
Whipsaw,0.5y-greedy,V,6.75,25.000000000000004,0.09925722803842965
Whipsaw,0.5y-greedy,V,7.0,0.0,0.0
Whipsaw,Optimal V,dK_0.5y,0.0,59.62890661504572,0.9999999999999832
Whipsaw,Optimal V,dK_0.5y,0.25,49.43481559319552,0.8290411211518202
Whipsaw,Optimal V,dK_0.5y,0.5,62.56317602795945,1.0492088414744183
Whipsaw,Optimal V,dK_0.5y,0.75,51.174547272528386,0.8582170993491776
Whipsaw,Optimal V,dK_0.5y,1.0,61.508353234512526,1.031519052187208
Whipsaw,Optimal V,dK_0.5y,1.25,42.26895079174975,0.7088667760526005
Whipsaw,Optimal V,dK_0.5y,1.5,49.66538005970601,0.8329077771010726
Whipsaw,Optimal V,dK_0.5y,1.75,43.42281181662197,0.7282174750738207
Whipsaw,Optimal V,dK_0.5y,2.0,66.51372424515937,1.1154610745180984
Whipsaw,Optimal V,dK_0.5y,2.25,43.457683490401166,0.7288022866318176
Whipsaw,Optimal V,dK_0.5y,2.5,44.74950889648921,0.7504667020876943
Whipsaw,Optimal V,dK_0.5y,2.75,41.91753640119872,0.7029734197846463
Whipsaw,Optimal V,dK_0.5y,3.0,51.89798135978878,0.8703493708987928
Whipsaw,Optimal V,dK_0.5y,3.25,41.9340054176942,0.703249611608887
Whipsaw,Optimal V,dK_0.5y,3.5,46.1910635494052,0.7746421353590504
Whipsaw,Optimal V,dK_0.5y,3.75,41.73368033077439,0.6998900818389875
Whipsaw,Optimal V,dK_0.5y,4.0,48.711854619661075,0.816916783903751
Whipsaw,Optimal V,dK_0.5y,4.25,41.82242596695137,0.7013783807398863
Whipsaw,Optimal V,dK_0.5y,4.5,51.22685238266808,0.8590942764283644
Whipsaw,Optimal V,dK_0.5y,4.75,44.76627035822889,0.7507477983326394
Whipsaw,Optimal V,dK_0.5y,5.0,52.280584722830056,0.8767657783890608
Whipsaw,Optimal V,dK_0.5y,5.25,45.29429380350933,0.759602957269047
Whipsaw,Optimal V,dK_0.5y,5.5,48.50903538146099,0.8135154262449656
Whipsaw,Optimal V,dK_0.5y,5.75,43.4388150925916,0.7284858562479539
Whipsaw,Optimal V,dK_0.5y,6.0,43.70858938092849,0.7330100761884352
Whipsaw,Optimal V,dK_0.5y,6.25,43.11887273898934,0.7231202983035874
Whipsaw,Optimal V,dK_0.5y,6.5,43.114924612144726,0.7230540866779055
Whipsaw,Optimal V,dK_0.5y,6.75,22.5,0.3773337677522057
Whipsaw,Optimal V,dK_0.5y,7.0,0.0,0.0
Whipsaw,Optimal V,dK_1y,0.0,101.71408819334584,0.9999999999999902
Whipsaw,Optimal V,dK_1y,0.25,92.8956582889115,0.9133017848257903
Whipsaw,Optimal V,dK_1y,0.5,107.89471876848356,1.0607647444411834
Whipsaw,Optimal V,dK_1y,0.75,92.6133226552745,0.9105260077564395
Whipsaw,Optimal V,dK_1y,1.0,102.04664221713055,1.003269498155964
Whipsaw,Optimal V,dK_1y,1.25,77.9811765016334,0.7666703589123279
Whipsaw,Optimal V,dK_1y,1.5,87.28624686402415,0.8581529699022911
Whipsaw,Optimal V,dK_1y,1.75,80.78605188590264,0.7942464344991974
Whipsaw,Optimal V,dK_1y,2.0,101.12147416393896,0.9941737271607706
Whipsaw,Optimal V,dK_1y,2.25,79.62234709218643,0.7828054943660652
Whipsaw,Optimal V,dK_1y,2.5,83.98121891033813,0.8256596544492386
Whipsaw,Optimal V,dK_1y,2.75,78.41377765469001,0.7709234683953947
Whipsaw,Optimal V,dK_1y,3.0,90.50609647344955,0.8898088561872355
Whipsaw,Optimal V,dK_1y,3.25,78.9811137125798,0.7765012213691159
Whipsaw,Optimal V,dK_1y,3.5,85.60913724009866,0.8416645005691393
Whipsaw,Optimal V,dK_1y,3.75,76.32132627267012,0.7503515749715223
Whipsaw,Optimal V,dK_1y,4.0,87.45845200129604,0.8598460012249978
Whipsaw,Optimal V,dK_1y,4.25,79.50527372854827,0.7816544899603076
Whipsaw,Optimal V,dK_1y,4.5,88.65025143367835,0.8715631532297116
Whipsaw,Optimal V,dK_1y,4.75,82.21788345539625,0.8083234576031342
Whipsaw,Optimal V,dK_1y,5.0,86.67183965880042,0.8521124378959891
Whipsaw,Optimal V,dK_1y,5.25,82.38339531859788,0.8099506841372502
Whipsaw,Optimal V,dK_1y,5.5,83.31666799395003,0.8191261355612272
Whipsaw,Optimal V,dK_1y,5.75,80.21049503840308,0.7885878589987664
Whipsaw,Optimal V,dK_1y,6.0,81.02696544192777,0.7966149712506372
Whipsaw,Optimal V,dK_1y,6.25,62.19745287111365,0.6114929994051896
Whipsaw,Optimal V,dK_1y,6.5,43.114924612144726,0.42388350894114285
Whipsaw,Optimal V,dK_1y,6.75,22.5,0.22120829473720569
Whipsaw,Optimal V,dK_1y,7.0,0.0,0.0
Whipsaw,Optimal V,dK_3y,0.0,208.16107327120125,0.9999999999999952
Whipsaw,Optimal V,dK_3y,0.25,208.23467733823475,1.0003535918886073
Whipsaw,Optimal V,dK_3y,0.5,198.91134295044372,0.9555645530866979
Whipsaw,Optimal V,dK_3y,0.75,195.0036493389121,0.9367921017819312
Whipsaw,Optimal V,dK_3y,1.0,188.43546080053983,0.9052387069269049
Whipsaw,Optimal V,dK_3y,1.25,184.68589535700292,0.8872258989382961
Whipsaw,Optimal V,dK_3y,1.5,180.2555146990964,0.8659424736163368
Whipsaw,Optimal V,dK_3y,1.75,182.99080299171516,0.8790827224132629
Whipsaw,Optimal V,dK_3y,2.0,177.71471964234598,0.8537365649090919
Whipsaw,Optimal V,dK_3y,2.25,182.33604416104671,0.8759372792217043
Whipsaw,Optimal V,dK_3y,2.5,180.2421109448441,0.8658780823541201
Whipsaw,Optimal V,dK_3y,2.75,185.7918029612736,0.8925386482765445
Whipsaw,Optimal V,dK_3y,3.0,179.4001763549337,0.8618334520268472
Whipsaw,Optimal V,dK_3y,3.25,179.32029829524987,0.8614497200522346
Whipsaw,Optimal V,dK_3y,3.5,178.47557411425112,0.857391688607046
Whipsaw,Optimal V,dK_3y,3.75,182.87866555723434,0.8785440173003491
Whipsaw,Optimal V,dK_3y,4.0,173.84896083057356,0.8351655672147442
Whipsaw,Optimal V,dK_3y,4.25,169.2918643284372,0.8132734025053553
Whipsaw,Optimal V,dK_3y,4.5,155.37829433817342,0.746432999678759
Whipsaw,Optimal V,dK_3y,4.75,149.33836303111673,0.7174173378542853
Whipsaw,Optimal V,dK_3y,5.0,135.5522333679241,0.6511891548105161
Whipsaw,Optimal V,dK_3y,5.25,125.80299953370874,0.6043541069266422
Whipsaw,Optimal V,dK_3y,5.5,112.2814455792979,0.539396938221068
Whipsaw,Optimal V,dK_3y,5.75,96.5083592005572,0.46362347044022717
Whipsaw,Optimal V,dK_3y,6.0,81.02696544192777,0.38925128588457053
Whipsaw,Optimal V,dK_3y,6.25,62.19745287111365,0.2987948317795221
Whipsaw,Optimal V,dK_3y,6.5,43.114924612144726,0.20712289735349573
Whipsaw,Optimal V,dK_3y,6.75,22.5,0.10808937351454717
Whipsaw,Optimal V,dK_3y,7.0,0.0,0.0
Whipsaw,Optimal V,MtM,0.0,644.18079456557,0.9999999999999984
Whipsaw,Optimal V,MtM,0.25,603.9348206035296,0.9375237909891696
Whipsaw,Optimal V,MtM,0.5,622.3964301842577,0.9661828409584853
Whipsaw,Optimal V,MtM,0.75,547.5167745116548,0.8499427165954158
Whipsaw,Optimal V,MtM,1.0,545.3571465629622,0.8465901982233816
Whipsaw,Optimal V,MtM,1.25,470.02505188114645,0.7296477259899166
Whipsaw,Optimal V,MtM,1.5,468.25450972244425,0.7268992085338873
Whipsaw,Optimal V,MtM,1.75,435.72749581973187,0.6764055983904055
Whipsaw,Optimal V,MtM,2.0,434.8343122659489,0.6750190566597019
Whipsaw,Optimal V,MtM,2.25,397.3232877887665,0.6167884717157973
Whipsaw,Optimal V,MtM,2.5,383.1901473691251,0.5948487607854634
Whipsaw,Optimal V,MtM,2.75,352.3370293132762,0.5469536383041174
Whipsaw,Optimal V,MtM,3.0,346.78642645013423,0.5383371087366917
Whipsaw,Optimal V,MtM,3.25,320.46078638296143,0.4974702584839974
Whipsaw,Optimal V,MtM,3.5,303.4104710209027,0.4710020441163877
Whipsaw,Optimal V,MtM,3.75,276.1511170596863,0.42868573448533165
Whipsaw,Optimal V,MtM,4.0,264.6880647725807,0.41089095950319915
Whipsaw,Optimal V,MtM,4.25,238.62983745639022,0.37043922990178524
Whipsaw,Optimal V,MtM,4.5,222.8744207013175,0.34598116333415646
Whipsaw,Optimal V,MtM,4.75,198.27006615931614,0.3077863665479619
Whipsaw,Optimal V,MtM,5.0,179.39657815876845,0.278487933313429
Whipsaw,Optimal V,MtM,5.25,155.54196179778546,0.24145699951002325
Whipsaw,Optimal V,MtM,5.5,134.625384310223,0.208986957459688
Whipsaw,Optimal V,MtM,5.75,111.29999359919437,0.17277757197690743
Whipsaw,Optimal V,MtM,6.0,89.9878623348952,0.1396934883716645
Whipsaw,Optimal V,MtM,6.25,67.12650022578958,0.10420444197045492
Whipsaw,Optimal V,MtM,6.5,44.98388400708116,0.06983114738373694
Whipsaw,Optimal V,MtM,6.75,22.51271938634925,0.03494782765377474
Whipsaw,Optimal V,MtM,7.0,0.0,0.0
Whipsaw,Optimal V,V,0.0,251.87082587396654,0.999999999999996
Whipsaw,Optimal V,V,0.25,258.157566691474,1.0249601786776699
Whipsaw,Optimal V,V,0.5,230.10232574816985,0.9135727607583646
Whipsaw,Optimal V,V,0.75,236.36107101997126,0.93842178902547
Whipsaw,Optimal V,V,1.0,218.19496448633276,0.8662970938742796
Whipsaw,Optimal V,V,1.25,227.93363203827346,0.9049624197140168
Whipsaw,Optimal V,V,1.5,213.60739372623797,0.8480831115911931
Whipsaw,Optimal V,V,1.75,220.25625997378407,0.8744810329243812
Whipsaw,Optimal V,V,2.0,199.5966747106455,0.792456506298672
Whipsaw,Optimal V,V,2.25,214.23879604494147,0.8505899613484549
Whipsaw,Optimal V,V,2.5,205.92734010449342,0.8175910782439585
Whipsaw,Optimal V,V,2.75,211.6859330773196,0.8404543572793307
Whipsaw,Optimal V,V,3.0,195.57411953290074,0.7764857992356891
Whipsaw,Optimal V,V,3.25,193.3555660374615,0.7676775004271983
Whipsaw,Optimal V,V,3.5,186.3941703796549,0.7400387469762926
Whipsaw,Optimal V,V,3.75,183.6301258514798,0.7290646910546346
Whipsaw,Optimal V,V,4.0,170.46268113124978,0.6767861285234631
Whipsaw,Optimal V,V,4.25,164.20190243512815,0.6519290269738995
Whipsaw,Optimal V,V,4.5,153.61887016092655,0.60991132906276
Whipsaw,Optimal V,V,4.75,146.54455804620994,0.581824264631342
Whipsaw,Optimal V,V,5.0,134.72545250987508,0.5348989984941318
Whipsaw,Optimal V,V,5.25,124.28255633700064,0.4934376814216261
Whipsaw,Optimal V,V,5.5,111.72720794621986,0.4435893182885997
Whipsaw,Optimal V,V,5.75,95.53461670637928,0.37930004943956236
Whipsaw,Optimal V,V,6.0,80.81726626016908,0.3208679130651235
Whipsaw,Optimal V,V,6.25,61.860062599196866,0.24560233359520064
Whipsaw,Optimal V,V,6.5,43.04365672200231,0.17089576203454673
Whipsaw,Optimal V,V,6.75,22.5,0.08933150523458668
Whipsaw,Optimal V,V,7.0,0.0,0.0
