TimeYears,TimeLabel,Metric,Policy,StateVariable,StateValue,StateValuePlot,DeltaValue
0.0,t=0y,dK_0.5y,Passive q,r,-0.03,-3.0,41.00798298353442
0.0,t=0y,dK_0.5y,Passive q,r,-0.0275,-2.75,44.11374042974927
0.0,t=0y,dK_0.5y,Passive q,r,-0.024999999999999998,-2.5,46.65711731325928
0.0,t=0y,dK_0.5y,Passive q,r,-0.0225,-2.25,47.64761547366214
0.0,t=0y,dK_0.5y,Passive q,r,-0.019999999999999997,-1.9999999999999998,47.64761547366203
0.0,t=0y,dK_0.5y,Passive q,r,-0.017499999999999998,-1.7499999999999998,47.756403817191426
0.0,t=0y,dK_0.5y,Passive q,r,-0.015,-1.5,47.88533197599645
0.0,t=0y,dK_0.5y,Passive q,r,-0.012499999999999997,-1.2499999999999998,47.905471791271964
0.0,t=0y,dK_0.5y,Passive q,r,-0.009999999999999998,-0.9999999999999999,47.905471791271964
0.0,t=0y,dK_0.5y,Passive q,r,-0.0075,-0.75,47.90547179127202
0.0,t=0y,dK_0.5y,Passive q,r,-0.0049999999999999975,-0.4999999999999998,47.90547179127202
0.0,t=0y,dK_0.5y,Passive q,r,-0.0024999999999999988,-0.2499999999999999,47.90547179127191
0.0,t=0y,dK_0.5y,Passive q,r,0.0,0.0,47.90547179127188
0.0,t=0y,dK_0.5y,Passive q,r,0.0025000000000000022,0.2500000000000002,47.90547179127191
0.0,t=0y,dK_0.5y,Passive q,r,0.0050000000000000044,0.5000000000000004,47.905471791271964
0.0,t=0y,dK_0.5y,Passive q,r,0.0075,0.75,47.90547179127199
0.0,t=0y,dK_0.5y,Passive q,r,0.010000000000000002,1.0000000000000002,47.90547179127195
0.0,t=0y,dK_0.5y,Passive q,r,0.012500000000000004,1.2500000000000004,47.90547179127192
0.0,t=0y,dK_0.5y,Passive q,r,0.015,1.5,47.90547179127195
0.0,t=0y,dK_0.5y,Passive q,r,0.0175,1.7500000000000002,47.90547179127195
0.0,t=0y,dK_0.5y,Passive q,r,0.020000000000000004,2.0000000000000004,47.90547179127192
0.0,t=0y,dK_0.5y,Passive q,r,0.0225,2.25,47.90547179127194
0.0,t=0y,dK_0.5y,Passive q,r,0.025,2.5,47.90547179127196
0.0,t=0y,dK_0.5y,Passive q,r,0.027500000000000004,2.7500000000000004,47.90547179127193
0.0,t=0y,dK_0.5y,Passive q,r,0.03,3.0,47.90547179127193
0.0,t=0y,dK_0.5y,Passive q,r,0.0325,3.25,47.90547179127195
0.0,t=0y,dK_0.5y,Passive q,r,0.035,3.5000000000000004,47.905471791271935
0.0,t=0y,dK_0.5y,Passive q,r,0.037500000000000006,3.7500000000000004,47.90547179127195
0.0,t=0y,dK_0.5y,Passive q,r,0.04000000000000001,4.000000000000001,47.90547179127195
0.0,t=0y,dK_0.5y,Passive q,r,0.042499999999999996,4.25,47.90547179127191
0.0,t=0y,dK_0.5y,Passive q,r,0.045,4.5,47.905471791271964
0.0,t=0y,dK_0.5y,Passive q,r,0.0475,4.75,47.905471791271964
0.0,t=0y,dK_0.5y,Passive q,r,0.05,5.0,47.905471791271964
0.0,t=0y,dK_0.5y,Passive q,r,0.052500000000000005,5.250000000000001,47.905471791271964
0.0,t=0y,dK_0.5y,Passive q,r,0.05500000000000001,5.500000000000001,47.90547179127191
0.0,t=0y,dK_0.5y,Passive q,r,0.05750000000000001,5.750000000000001,47.905471791271964
0.0,t=0y,dK_0.5y,Passive q,r,0.06,6.0,47.90547179127191
0.0,t=0y,dK_0.5y,Passive q,r,0.0625,6.25,47.90547179127191
0.0,t=0y,dK_0.5y,Passive q,r,0.065,6.5,47.88533197599651
0.0,t=0y,dK_0.5y,Passive q,r,0.0675,6.75,47.75640381719148
0.0,t=0y,dK_0.5y,Passive q,r,0.07,7.000000000000001,47.64761547366203
0.0,t=0y,dK_0.5y,Passive q,r,0.07250000000000001,7.250000000000001,47.647615473662086
0.0,t=0y,dK_0.5y,Passive q,r,0.075,7.5,46.65711731325928
0.0,t=0y,dK_0.5y,Passive q,r,0.0775,7.75,44.1137404297491
0.0,t=0y,dK_0.5y,Passive q,r,0.08,8.0,41.00798298353425
0.0,t=0y,dK_0.5y,Passive q,K,-25.0,-25.0,47.90547179127202
0.0,t=0y,dK_0.5y,Passive q,K,-22.5,-22.5,47.90547179127202
0.0,t=0y,dK_0.5y,Passive q,K,-20.0,-20.0,47.90547179127202
0.0,t=0y,dK_0.5y,Passive q,K,-17.5,-17.5,47.90547179127202
0.0,t=0y,dK_0.5y,Passive q,K,-15.0,-15.0,47.90547179127202
0.0,t=0y,dK_0.5y,Passive q,K,-12.5,-12.5,47.90547179127202
0.0,t=0y,dK_0.5y,Passive q,K,-10.0,-10.0,47.90547179127202
0.0,t=0y,dK_0.5y,Passive q,K,-7.5,-7.5,47.90547179127202
0.0,t=0y,dK_0.5y,Passive q,K,-5.0,-5.0,47.90547179127208
0.0,t=0y,dK_0.5y,Passive q,K,-2.5,-2.5,47.90547179127208
0.0,t=0y,dK_0.5y,Passive q,K,0.0,0.0,47.90547179127208
0.0,t=0y,dK_0.5y,Passive q,K,2.5,2.5,47.90547179127208
0.0,t=0y,dK_0.5y,Passive q,K,5.0,5.0,47.90547179127208
0.0,t=0y,dK_0.5y,Passive q,K,7.5,7.5,47.90547179127208
0.0,t=0y,dK_0.5y,Passive q,K,10.0,10.0,53.06204782136796
0.0,t=0y,dK_0.5y,Passive q,K,12.5,12.5,47.90547179127196
0.0,t=0y,dK_0.5y,Passive q,K,15.0,15.0,47.90547179127196
0.0,t=0y,dK_0.5y,Passive q,K,17.5,17.5,47.90547179127196
0.0,t=0y,dK_0.5y,Passive q,K,20.0,20.0,47.90547179127196
0.0,t=0y,dK_0.5y,Passive q,K,22.5,22.5,47.90547179127196
0.0,t=0y,dK_0.5y,Passive q,K,25.0,25.0,47.90547179127196
0.0,t=0y,dK_0.5y,Passive q,K,27.5,27.5,47.90547179127196
0.0,t=0y,dK_0.5y,Passive q,K,30.0,30.0,47.90547179127196
0.0,t=0y,dK_0.5y,Passive q,K,32.5,32.5,47.90547179127196
0.0,t=0y,dK_0.5y,Passive q,K,35.0,35.0,47.90547179127196
0.0,t=0y,dK_0.5y,Passive q,q,0.0,0.0,0.0
0.0,t=0y,dK_0.5y,Passive q,q,5.0,5.0,2.3952735895635984
0.0,t=0y,dK_0.5y,Passive q,q,10.0,10.0,4.790547179127196
0.0,t=0y,dK_0.5y,Passive q,q,15.0,15.0,7.185820768690794
0.0,t=0y,dK_0.5y,Passive q,q,20.0,20.0,9.581094358254392
0.0,t=0y,dK_0.5y,Passive q,q,25.0,25.0,11.97636794781799
0.0,t=0y,dK_0.5y,Passive q,q,30.0,30.0,14.37164153738159
0.0,t=0y,dK_0.5y,Passive q,q,35.0,35.0,16.766915126945186
0.0,t=0y,dK_0.5y,Passive q,q,40.0,40.0,19.162188716508783
0.0,t=0y,dK_0.5y,Passive q,q,45.0,45.0,21.55746230607238
0.0,t=0y,dK_0.5y,Passive q,q,50.0,50.0,23.95273589563598
0.0,t=0y,dK_0.5y,Passive q,q,55.0,55.0,26.348009485199576
0.0,t=0y,dK_0.5y,Passive q,q,60.0,60.0,28.74328307476318
0.0,t=0y,dK_0.5y,Passive q,q,65.0,65.0,31.13855666432677
0.0,t=0y,dK_0.5y,Passive q,q,70.0,70.0,33.53383025389037
0.0,t=0y,dK_0.5y,Passive q,q,75.0,75.0,35.92910384345397
0.0,t=0y,dK_0.5y,Passive q,q,80.0,80.0,38.32437743301757
0.0,t=0y,dK_0.5y,Passive q,q,85.0,85.0,40.71965102258117
0.0,t=0y,dK_0.5y,Passive q,q,90.0,90.0,43.11492461214476
0.0,t=0y,dK_0.5y,Passive q,q,95.0,95.0,45.51019820170836
0.0,t=0y,dK_0.5y,Passive q,q,100.0,100.0,47.90547179127196
0.0,t=0y,dK_0.5y,Passive q,q,105.0,105.0,52.4665073134759
0.0,t=0y,dK_0.5y,Passive q,q,110.0,110.0,54.964912423641444
0.0,t=0y,dK_0.5y,Passive q,q,115.0,115.0,57.46331753380694
0.0,t=0y,dK_0.5y,Passive q,q,120.0,120.0,59.96172264397249
0.0,t=0y,dK_0.5y,Passive q,q,125.0,125.0,62.46012775413797
0.0,t=0y,dK_0.5y,Passive q,q,130.0,130.0,66.29924263212853
0.0,t=0y,dK_0.5y,Passive q,q,135.0,135.0,68.84921350259496
0.0,t=0y,dK_0.5y,Passive q,q,140.0,140.0,71.39918437306147
0.0,t=0y,dK_0.5y,CAR-target,r,-0.03,-3.0,44.63008242388605
0.0,t=0y,dK_0.5y,CAR-target,r,-0.0275,-2.75,48.257638161552265
0.0,t=0y,dK_0.5y,CAR-target,r,-0.024999999999999998,-2.5,51.2513309466083
0.0,t=0y,dK_0.5y,CAR-target,r,-0.0225,-2.25,52.48107061687331
0.0,t=0y,dK_0.5y,CAR-target,r,-0.019999999999999997,-1.9999999999999998,52.580720124957494
0.0,t=0y,dK_0.5y,CAR-target,r,-0.017499999999999998,-1.7499999999999998,52.805686309982775
0.0,t=0y,dK_0.5y,CAR-target,r,-0.015,-1.5,53.054375151009275
0.0,t=0y,dK_0.5y,CAR-target,r,-0.012499999999999997,-1.2499999999999998,53.17831459899314
0.0,t=0y,dK_0.5y,CAR-target,r,-0.009999999999999998,-0.9999999999999999,53.27909867487481
0.0,t=0y,dK_0.5y,CAR-target,r,-0.0075,-0.75,53.37988275075644
0.0,t=0y,dK_0.5y,CAR-target,r,-0.0049999999999999975,-0.4999999999999998,53.48066682663792
0.0,t=0y,dK_0.5y,CAR-target,r,-0.0024999999999999988,-0.2499999999999999,53.581450902519634
0.0,t=0y,dK_0.5y,CAR-target,r,0.0,0.0,53.68223497840118
0.0,t=0y,dK_0.5y,CAR-target,r,0.0025000000000000022,0.2500000000000002,53.78301905428275
0.0,t=0y,dK_0.5y,CAR-target,r,0.0050000000000000044,0.5000000000000004,53.88380313016435
0.0,t=0y,dK_0.5y,CAR-target,r,0.0075,0.75,53.984587206046
0.0,t=0y,dK_0.5y,CAR-target,r,0.010000000000000002,1.0000000000000002,54.08537128192752
0.0,t=0y,dK_0.5y,CAR-target,r,0.012500000000000004,1.2500000000000004,54.18615535780915
0.0,t=0y,dK_0.5y,CAR-target,r,0.015,1.5,54.28693943369082
0.0,t=0y,dK_0.5y,CAR-target,r,0.0175,1.7500000000000002,54.38772350957234
0.0,t=0y,dK_0.5y,CAR-target,r,0.020000000000000004,2.0000000000000004,54.48850758545393
0.0,t=0y,dK_0.5y,CAR-target,r,0.0225,2.25,54.58929166133555
0.0,t=0y,dK_0.5y,CAR-target,r,0.025,2.5,54.690075737217185
0.0,t=0y,dK_0.5y,CAR-target,r,0.027500000000000004,2.7500000000000004,54.79085981309871
0.0,t=0y,dK_0.5y,CAR-target,r,0.03,3.0,54.89164388898033
0.0,t=0y,dK_0.5y,CAR-target,r,0.0325,3.25,54.992427964861946
0.0,t=0y,dK_0.5y,CAR-target,r,0.035,3.5000000000000004,55.093212040743516
0.0,t=0y,dK_0.5y,CAR-target,r,0.037500000000000006,3.7500000000000004,55.17137326999672
0.0,t=0y,dK_0.5y,CAR-target,r,0.04000000000000001,4.000000000000001,55.09285430541772
0.0,t=0y,dK_0.5y,CAR-target,r,0.042499999999999996,4.25,54.9865661495263
0.0,t=0y,dK_0.5y,CAR-target,r,0.045,4.5,54.986566149526354
0.0,t=0y,dK_0.5y,CAR-target,r,0.0475,4.75,54.98656614952635
0.0,t=0y,dK_0.5y,CAR-target,r,0.05,5.0,54.9865661495263
0.0,t=0y,dK_0.5y,CAR-target,r,0.052500000000000005,5.250000000000001,54.9865661495263
0.0,t=0y,dK_0.5y,CAR-target,r,0.05500000000000001,5.500000000000001,54.98656614952634
0.0,t=0y,dK_0.5y,CAR-target,r,0.05750000000000001,5.750000000000001,54.986566149526425
0.0,t=0y,dK_0.5y,CAR-target,r,0.06,6.0,54.98656614952628
0.0,t=0y,dK_0.5y,CAR-target,r,0.0625,6.25,54.98656614952628
0.0,t=0y,dK_0.5y,CAR-target,r,0.065,6.5,54.96239837119569
0.0,t=0y,dK_0.5y,CAR-target,r,0.0675,6.75,54.80768458062977
0.0,t=0y,dK_0.5y,CAR-target,r,0.07,7.000000000000001,54.67713856839458
0.0,t=0y,dK_0.5y,CAR-target,r,0.07250000000000001,7.250000000000001,54.677138568394525
0.0,t=0y,dK_0.5y,CAR-target,r,0.075,7.5,53.488540775911076
0.0,t=0y,dK_0.5y,CAR-target,r,0.0775,7.75,50.43648851569907
0.0,t=0y,dK_0.5y,CAR-target,r,0.08,8.0,46.709579580241325
0.0,t=0y,dK_0.5y,CAR-target,K,-25.0,-25.0,40.82437743301773
0.0,t=0y,dK_0.5y,CAR-target,K,-22.5,-22.5,40.82437743301773
0.0,t=0y,dK_0.5y,CAR-target,K,-20.0,-20.0,40.82437743301773
0.0,t=0y,dK_0.5y,CAR-target,K,-17.5,-17.5,40.82437743301773
0.0,t=0y,dK_0.5y,CAR-target,K,-15.0,-15.0,40.82437743301773
0.0,t=0y,dK_0.5y,CAR-target,K,-12.5,-12.5,40.82437743301773
0.0,t=0y,dK_0.5y,CAR-target,K,-10.0,-10.0,40.82437743301773
0.0,t=0y,dK_0.5y,CAR-target,K,-7.5,-7.5,40.82437743301773
0.0,t=0y,dK_0.5y,CAR-target,K,-5.0,-5.0,40.82437743301773
0.0,t=0y,dK_0.5y,CAR-target,K,-2.5,-2.5,40.82437743301773
0.0,t=0y,dK_0.5y,CAR-target,K,0.0,0.0,40.82437743301773
0.0,t=0y,dK_0.5y,CAR-target,K,2.5,2.5,40.82437743301773
0.0,t=0y,dK_0.5y,CAR-target,K,5.0,5.0,40.82437743301773
0.0,t=0y,dK_0.5y,CAR-target,K,7.5,7.5,40.82437743301773
0.0,t=0y,dK_0.5y,CAR-target,K,10.0,10.0,53.18355822114829
0.0,t=0y,dK_0.5y,CAR-target,K,12.5,12.5,54.245340118753404
0.0,t=0y,dK_0.5y,CAR-target,K,15.0,15.0,54.98656614952637
0.0,t=0y,dK_0.5y,CAR-target,K,17.5,17.5,54.98656614952637
0.0,t=0y,dK_0.5y,CAR-target,K,20.0,20.0,54.98656614952637
0.0,t=0y,dK_0.5y,CAR-target,K,22.5,22.5,54.98656614952637
0.0,t=0y,dK_0.5y,CAR-target,K,25.0,25.0,54.98656614952637
0.0,t=0y,dK_0.5y,CAR-target,K,27.5,27.5,54.98656614952637
0.0,t=0y,dK_0.5y,CAR-target,K,30.0,30.0,54.98656614952637
0.0,t=0y,dK_0.5y,CAR-target,K,32.5,32.5,54.98656614952637
0.0,t=0y,dK_0.5y,CAR-target,K,35.0,35.0,54.98656614952637
0.0,t=0y,dK_0.5y,CAR-target,q,0.0,0.0,7.081094358254404
0.0,t=0y,dK_0.5y,CAR-target,q,5.0,5.0,9.476367947817977
0.0,t=0y,dK_0.5y,CAR-target,q,10.0,10.0,11.871641537381606
0.0,t=0y,dK_0.5y,CAR-target,q,15.0,15.0,14.26691512694515
0.0,t=0y,dK_0.5y,CAR-target,q,20.0,20.0,16.66218871650878
0.0,t=0y,dK_0.5y,CAR-target,q,25.0,25.0,19.05746230607241
0.0,t=0y,dK_0.5y,CAR-target,q,30.0,30.0,21.452735895635954
0.0,t=0y,dK_0.5y,CAR-target,q,35.0,35.0,23.84800948519961
0.0,t=0y,dK_0.5y,CAR-target,q,40.0,40.0,26.243283074763184
0.0,t=0y,dK_0.5y,CAR-target,q,45.0,45.0,28.638556664326757
0.0,t=0y,dK_0.5y,CAR-target,q,50.0,50.0,31.033830253890386
0.0,t=0y,dK_0.5y,CAR-target,q,55.0,55.0,33.42910384345396
0.0,t=0y,dK_0.5y,CAR-target,q,60.0,60.0,35.82437743301756
0.0,t=0y,dK_0.5y,CAR-target,q,65.0,65.0,38.21965102258116
0.0,t=0y,dK_0.5y,CAR-target,q,70.0,70.0,40.61492461214479
0.0,t=0y,dK_0.5y,CAR-target,q,75.0,75.0,43.01019820170836
0.0,t=0y,dK_0.5y,CAR-target,q,80.0,80.0,45.405471791271964
0.0,t=0y,dK_0.5y,CAR-target,q,85.0,85.0,46.586735290487155
0.0,t=0y,dK_0.5y,CAR-target,q,90.0,90.0,48.44792378121641
0.0,t=0y,dK_0.5y,CAR-target,q,95.0,95.0,51.109037263459754
0.0,t=0y,dK_0.5y,CAR-target,q,100.0,100.0,54.690075737217185
0.0,t=0y,dK_0.5y,CAR-target,q,105.0,105.0,61.68519930980893
0.0,t=0y,dK_0.5y,CAR-target,q,110.0,110.0,63.065114640793546
0.0,t=0y,dK_0.5y,CAR-target,q,115.0,115.0,64.88499246753531
0.0,t=0y,dK_0.5y,CAR-target,q,120.0,120.0,66.98058144306896
0.0,t=0y,dK_0.5y,CAR-target,q,125.0,125.0,68.1779798559281
0.0,t=0y,dK_0.5y,CAR-target,q,130.0,130.0,82.69176534768494
0.0,t=0y,dK_0.5y,CAR-target,q,135.0,135.0,82.74673847998397
0.0,t=0y,dK_0.5y,CAR-target,q,140.0,140.0,77.23429755187681
0.0,t=0y,dK_0.5y,MtM-band,r,-0.03,-3.0,35.30638638682785
0.0,t=0y,dK_0.5y,MtM-band,r,-0.0275,-2.75,37.79099234379953
0.0,t=0y,dK_0.5y,MtM-band,r,-0.024999999999999998,-2.5,39.82569385060742
0.0,t=0y,dK_0.5y,MtM-band,r,-0.0225,-2.25,40.61809237892976
0.0,t=0y,dK_0.5y,MtM-band,r,-0.019999999999999997,-1.9999999999999998,40.6180923789297
0.0,t=0y,dK_0.5y,MtM-band,r,-0.017499999999999998,-1.7499999999999998,40.70512305375303
0.0,t=0y,dK_0.5y,MtM-band,r,-0.015,-1.5,40.808265580797126
0.0,t=0y,dK_0.5y,MtM-band,r,-0.012499999999999997,-1.2499999999999998,40.82437743301762
0.0,t=0y,dK_0.5y,MtM-band,r,-0.009999999999999998,-0.9999999999999999,40.82437743301762
0.0,t=0y,dK_0.5y,MtM-band,r,-0.0075,-0.75,40.82437743301756
0.0,t=0y,dK_0.5y,MtM-band,r,-0.0049999999999999975,-0.4999999999999998,40.8243774330175
0.0,t=0y,dK_0.5y,MtM-band,r,-0.0024999999999999988,-0.2499999999999999,41.1777263901584
0.0,t=0y,dK_0.5y,MtM-band,r,0.0,0.0,41.70090925918856
0.0,t=0y,dK_0.5y,MtM-band,r,0.0025000000000000022,0.2500000000000002,41.360453117928046
0.0,t=0y,dK_0.5y,MtM-band,r,0.0050000000000000044,0.5000000000000004,40.85016306477854
0.0,t=0y,dK_0.5y,MtM-band,r,0.0075,0.75,51.49668014305831
0.0,t=0y,dK_0.5y,MtM-band,r,0.010000000000000002,1.0000000000000002,58.200901657733965
0.0,t=0y,dK_0.5y,MtM-band,r,0.012500000000000004,1.2500000000000004,46.95821118260582
0.0,t=0y,dK_0.5y,MtM-band,r,0.015,1.5,50.78856238872817
0.0,t=0y,dK_0.5y,MtM-band,r,0.0175,1.7500000000000002,105.02228864445257
0.0,t=0y,dK_0.5y,MtM-band,r,0.020000000000000004,2.0000000000000004,146.06542537364305
0.0,t=0y,dK_0.5y,MtM-band,r,0.0225,2.25,81.49840696750792
0.0,t=0y,dK_0.5y,MtM-band,r,0.025,2.5,42.962365695779006
0.0,t=0y,dK_0.5y,MtM-band,r,0.027500000000000004,2.7500000000000004,39.56110070281493
0.0,t=0y,dK_0.5y,MtM-band,r,0.03,3.0,-66.08847604511688
0.0,t=0y,dK_0.5y,MtM-band,r,0.0325,3.25,-62.48516403926138
0.0,t=0y,dK_0.5y,MtM-band,r,0.035,3.5000000000000004,31.151392516579932
0.0,t=0y,dK_0.5y,MtM-band,r,0.037500000000000006,3.7500000000000004,35.04852425736163
0.0,t=0y,dK_0.5y,MtM-band,r,0.04000000000000001,4.000000000000001,22.686140019959645
0.0,t=0y,dK_0.5y,MtM-band,r,0.042499999999999996,4.25,29.516426813545507
0.0,t=0y,dK_0.5y,MtM-band,r,0.045,4.5,40.85016306477854
0.0,t=0y,dK_0.5y,MtM-band,r,0.0475,4.75,40.28965476714422
0.0,t=0y,dK_0.5y,MtM-band,r,0.05,5.0,39.90060476714067
0.0,t=0y,dK_0.5y,MtM-band,r,0.052500000000000005,5.250000000000001,40.4482202488945
0.0,t=0y,dK_0.5y,MtM-band,r,0.05500000000000001,5.500000000000001,40.82437743301757
0.0,t=0y,dK_0.5y,MtM-band,r,0.05750000000000001,5.750000000000001,40.82437743301762
0.0,t=0y,dK_0.5y,MtM-band,r,0.06,6.0,40.8243774330175
0.0,t=0y,dK_0.5y,MtM-band,r,0.0625,6.25,40.82437743301752
0.0,t=0y,dK_0.5y,MtM-band,r,0.065,6.5,40.808265580797155
0.0,t=0y,dK_0.5y,MtM-band,r,0.0675,6.75,40.7051230537532
0.0,t=0y,dK_0.5y,MtM-band,r,0.07,7.000000000000001,40.618092378929674
0.0,t=0y,dK_0.5y,MtM-band,r,0.07250000000000001,7.250000000000001,40.61809237892973
0.0,t=0y,dK_0.5y,MtM-band,r,0.075,7.5,39.825693850607394
0.0,t=0y,dK_0.5y,MtM-band,r,0.0775,7.75,37.79099234379933
0.0,t=0y,dK_0.5y,MtM-band,r,0.08,8.0,35.306386386827626
0.0,t=0y,dK_0.5y,MtM-band,K,-25.0,-25.0,42.962365695779056
0.0,t=0y,dK_0.5y,MtM-band,K,-22.5,-22.5,42.962365695779056
0.0,t=0y,dK_0.5y,MtM-band,K,-20.0,-20.0,42.962365695779056
0.0,t=0y,dK_0.5y,MtM-band,K,-17.5,-17.5,42.962365695779056
0.0,t=0y,dK_0.5y,MtM-band,K,-15.0,-15.0,42.962365695779056
0.0,t=0y,dK_0.5y,MtM-band,K,-12.5,-12.5,42.962365695779056
0.0,t=0y,dK_0.5y,MtM-band,K,-10.0,-10.0,42.962365695779056
0.0,t=0y,dK_0.5y,MtM-band,K,-7.5,-7.5,42.962365695779056
0.0,t=0y,dK_0.5y,MtM-band,K,-5.0,-5.0,42.962365695779056
0.0,t=0y,dK_0.5y,MtM-band,K,-2.5,-2.5,42.962365695779056
0.0,t=0y,dK_0.5y,MtM-band,K,0.0,0.0,42.962365695779056
0.0,t=0y,dK_0.5y,MtM-band,K,2.5,2.5,42.962365695779056
0.0,t=0y,dK_0.5y,MtM-band,K,5.0,5.0,42.962365695779056
0.0,t=0y,dK_0.5y,MtM-band,K,7.5,7.5,42.962365695779056
0.0,t=0y,dK_0.5y,MtM-band,K,10.0,10.0,48.118941725875
0.0,t=0y,dK_0.5y,MtM-band,K,12.5,12.5,42.962365695779006
0.0,t=0y,dK_0.5y,MtM-band,K,15.0,15.0,42.962365695779006
0.0,t=0y,dK_0.5y,MtM-band,K,17.5,17.5,42.962365695779006
0.0,t=0y,dK_0.5y,MtM-band,K,20.0,20.0,42.962365695779006
0.0,t=0y,dK_0.5y,MtM-band,K,22.5,22.5,42.962365695779006
0.0,t=0y,dK_0.5y,MtM-band,K,25.0,25.0,42.962365695779006
0.0,t=0y,dK_0.5y,MtM-band,K,27.5,27.5,42.962365695779006
0.0,t=0y,dK_0.5y,MtM-band,K,30.0,30.0,42.962365695779006
0.0,t=0y,dK_0.5y,MtM-band,K,32.5,32.5,42.962365695779006
0.0,t=0y,dK_0.5y,MtM-band,K,35.0,35.0,42.962365695779006
0.0,t=0y,dK_0.5y,MtM-band,q,0.0,0.0,0.0
0.0,t=0y,dK_0.5y,MtM-band,q,5.0,5.0,2.3952735895635984
0.0,t=0y,dK_0.5y,MtM-band,q,10.0,10.0,4.790547179127196
0.0,t=0y,dK_0.5y,MtM-band,q,15.0,15.0,7.185820768690794
0.0,t=0y,dK_0.5y,MtM-band,q,20.0,20.0,9.581094358254392
0.0,t=0y,dK_0.5y,MtM-band,q,25.0,25.0,11.98945933737259
0.0,t=0y,dK_0.5y,MtM-band,q,30.0,30.0,14.516651150414848
0.0,t=0y,dK_0.5y,MtM-band,q,35.0,35.0,16.787914102966788
0.0,t=0y,dK_0.5y,MtM-band,q,40.0,40.0,18.76443178004628
0.0,t=0y,dK_0.5y,MtM-band,q,45.0,45.0,21.537282711642863
0.0,t=0y,dK_0.5y,MtM-band,q,50.0,50.0,25.412557682427064
0.0,t=0y,dK_0.5y,MtM-band,q,55.0,55.0,32.156912911666545
0.0,t=0y,dK_0.5y,MtM-band,q,60.0,60.0,26.45294400289249
0.0,t=0y,dK_0.5y,MtM-band,q,65.0,65.0,28.68885094089938
0.0,t=0y,dK_0.5y,MtM-band,q,70.0,70.0,30.137483158072385
0.0,t=0y,dK_0.5y,MtM-band,q,75.0,75.0,33.418970128280165
0.0,t=0y,dK_0.5y,MtM-band,q,80.0,80.0,36.3671506958967
0.0,t=0y,dK_0.5y,MtM-band,q,85.0,85.0,38.76242428546028
0.0,t=0y,dK_0.5y,MtM-band,q,90.0,90.0,41.15769787502389
0.0,t=0y,dK_0.5y,MtM-band,q,95.0,95.0,43.55470869840368
0.0,t=0y,dK_0.5y,MtM-band,q,100.0,100.0,42.962365695779006
0.0,t=0y,dK_0.5y,MtM-band,q,105.0,105.0,43.24025623810906
0.0,t=0y,dK_0.5y,MtM-band,q,110.0,110.0,52.83717346186901
0.0,t=0y,dK_0.5y,MtM-band,q,115.0,115.0,56.394395516880905
0.0,t=0y,dK_0.5y,MtM-band,q,120.0,120.0,58.89280062704645
0.0,t=0y,dK_0.5y,MtM-band,q,125.0,125.0,61.39120573721195
0.0,t=0y,dK_0.5y,MtM-band,q,130.0,130.0,65.7799936069142
0.0,t=0y,dK_0.5y,MtM-band,q,135.0,135.0,68.35110574629257
0.0,t=0y,dK_0.5y,MtM-band,q,140.0,140.0,70.33026235613545
0.0,t=0y,dK_0.5y,0.5y-greedy,r,-0.03,-3.0,40.90519066124553
0.0,t=0y,dK_0.5y,0.5y-greedy,r,-0.0275,-2.75,45.73096508126332
0.0,t=0y,dK_0.5y,0.5y-greedy,r,-0.024999999999999998,-2.5,47.107747531961685
0.0,t=0y,dK_0.5y,0.5y-greedy,r,-0.0225,-2.25,47.705874894730734
0.0,t=0y,dK_0.5y,0.5y-greedy,r,-0.019999999999999997,-1.9999999999999998,51.908098379843565
0.0,t=0y,dK_0.5y,0.5y-greedy,r,-0.017499999999999998,-1.7499999999999998,56.228871784849616
0.0,t=0y,dK_0.5y,0.5y-greedy,r,-0.015,-1.5,53.073958893367845
0.0,t=0y,dK_0.5y,0.5y-greedy,r,-0.012499999999999997,-1.2499999999999998,49.554470537631204
0.0,t=0y,dK_0.5y,0.5y-greedy,r,-0.009999999999999998,-0.9999999999999999,49.4222443185478
0.0,t=0y,dK_0.5y,0.5y-greedy,r,-0.0075,-0.75,47.897021664910866
0.0,t=0y,dK_0.5y,0.5y-greedy,r,-0.0049999999999999975,-0.4999999999999998,47.92750770531278
0.0,t=0y,dK_0.5y,0.5y-greedy,r,-0.0024999999999999988,-0.2499999999999999,47.994639963952835
0.0,t=0y,dK_0.5y,0.5y-greedy,r,0.0,0.0,47.9659840583135
0.0,t=0y,dK_0.5y,0.5y-greedy,r,0.0025000000000000022,0.2500000000000002,47.90547179127191
0.0,t=0y,dK_0.5y,0.5y-greedy,r,0.0050000000000000044,0.5000000000000004,47.905471791271964
0.0,t=0y,dK_0.5y,0.5y-greedy,r,0.0075,0.75,47.90547179127199
0.0,t=0y,dK_0.5y,0.5y-greedy,r,0.010000000000000002,1.0000000000000002,47.90547179127195
0.0,t=0y,dK_0.5y,0.5y-greedy,r,0.012500000000000004,1.2500000000000004,47.90547179127192
0.0,t=0y,dK_0.5y,0.5y-greedy,r,0.015,1.5,47.90547179127195
0.0,t=0y,dK_0.5y,0.5y-greedy,r,0.0175,1.7500000000000002,47.90547179127195
0.0,t=0y,dK_0.5y,0.5y-greedy,r,0.020000000000000004,2.0000000000000004,47.90547179127192
0.0,t=0y,dK_0.5y,0.5y-greedy,r,0.0225,2.25,47.90547179127194
0.0,t=0y,dK_0.5y,0.5y-greedy,r,0.025,2.5,47.90547179127196
0.0,t=0y,dK_0.5y,0.5y-greedy,r,0.027500000000000004,2.7500000000000004,47.90547179127193
0.0,t=0y,dK_0.5y,0.5y-greedy,r,0.03,3.0,47.90547179127193
0.0,t=0y,dK_0.5y,0.5y-greedy,r,0.0325,3.25,47.90547179127195
0.0,t=0y,dK_0.5y,0.5y-greedy,r,0.035,3.5000000000000004,47.905471791271935
0.0,t=0y,dK_0.5y,0.5y-greedy,r,0.037500000000000006,3.7500000000000004,47.90547179127195
0.0,t=0y,dK_0.5y,0.5y-greedy,r,0.04000000000000001,4.000000000000001,47.90547179127195
0.0,t=0y,dK_0.5y,0.5y-greedy,r,0.042499999999999996,4.25,47.90547179127191
0.0,t=0y,dK_0.5y,0.5y-greedy,r,0.045,4.5,47.905471791271964
0.0,t=0y,dK_0.5y,0.5y-greedy,r,0.0475,4.75,47.905471791271964
0.0,t=0y,dK_0.5y,0.5y-greedy,r,0.05,5.0,47.83717196610519
0.0,t=0y,dK_0.5y,0.5y-greedy,r,0.052500000000000005,5.250000000000001,47.803667591439364
0.0,t=0y,dK_0.5y,0.5y-greedy,r,0.05500000000000001,5.500000000000001,47.878413824546385
0.0,t=0y,dK_0.5y,0.5y-greedy,r,0.05750000000000001,5.750000000000001,47.918364607152455
0.0,t=0y,dK_0.5y,0.5y-greedy,r,0.06,6.0,46.12518055377427
0.0,t=0y,dK_0.5y,0.5y-greedy,r,0.0625,6.25,45.93972431097899
0.0,t=0y,dK_0.5y,0.5y-greedy,r,0.065,6.5,48.158604915496085
0.0,t=0y,dK_0.5y,0.5y-greedy,r,0.0675,6.75,47.06221230974012
0.0,t=0y,dK_0.5y,0.5y-greedy,r,0.07,7.000000000000001,45.409948387478664
0.0,t=0y,dK_0.5y,0.5y-greedy,r,0.07250000000000001,7.250000000000001,48.180188190852164
0.0,t=0y,dK_0.5y,0.5y-greedy,r,0.075,7.5,49.54610693766739
0.0,t=0y,dK_0.5y,0.5y-greedy,r,0.0775,7.75,44.927210521548886
0.0,t=0y,dK_0.5y,0.5y-greedy,r,0.08,8.0,38.38749684757067
0.0,t=0y,dK_0.5y,0.5y-greedy,K,-25.0,-25.0,47.90547179127202
0.0,t=0y,dK_0.5y,0.5y-greedy,K,-22.5,-22.5,47.90547179127202
0.0,t=0y,dK_0.5y,0.5y-greedy,K,-20.0,-20.0,47.90547179127202
0.0,t=0y,dK_0.5y,0.5y-greedy,K,-17.5,-17.5,47.90547179127202
0.0,t=0y,dK_0.5y,0.5y-greedy,K,-15.0,-15.0,47.90547179127202
0.0,t=0y,dK_0.5y,0.5y-greedy,K,-12.5,-12.5,47.90547179127202
0.0,t=0y,dK_0.5y,0.5y-greedy,K,-10.0,-10.0,47.90547179127202
0.0,t=0y,dK_0.5y,0.5y-greedy,K,-7.5,-7.5,47.90547179127202
0.0,t=0y,dK_0.5y,0.5y-greedy,K,-5.0,-5.0,47.90547179127208
0.0,t=0y,dK_0.5y,0.5y-greedy,K,-2.5,-2.5,47.90547179127208
0.0,t=0y,dK_0.5y,0.5y-greedy,K,0.0,0.0,47.90547179127208
0.0,t=0y,dK_0.5y,0.5y-greedy,K,2.5,2.5,47.90547179127208
0.0,t=0y,dK_0.5y,0.5y-greedy,K,5.0,5.0,47.90547179127208
0.0,t=0y,dK_0.5y,0.5y-greedy,K,7.5,7.5,47.90547179127208
0.0,t=0y,dK_0.5y,0.5y-greedy,K,10.0,10.0,53.06204782136796
0.0,t=0y,dK_0.5y,0.5y-greedy,K,12.5,12.5,47.90547179127196
0.0,t=0y,dK_0.5y,0.5y-greedy,K,15.0,15.0,47.90547179127196
0.0,t=0y,dK_0.5y,0.5y-greedy,K,17.5,17.5,47.90547179127196
0.0,t=0y,dK_0.5y,0.5y-greedy,K,20.0,20.0,47.90547179127196
0.0,t=0y,dK_0.5y,0.5y-greedy,K,22.5,22.5,47.90547179127196
0.0,t=0y,dK_0.5y,0.5y-greedy,K,25.0,25.0,47.90547179127196
0.0,t=0y,dK_0.5y,0.5y-greedy,K,27.5,27.5,47.90547179127196
0.0,t=0y,dK_0.5y,0.5y-greedy,K,30.0,30.0,47.90547179127196
0.0,t=0y,dK_0.5y,0.5y-greedy,K,32.5,32.5,47.90547179127196
0.0,t=0y,dK_0.5y,0.5y-greedy,K,35.0,35.0,47.90547179127196
0.0,t=0y,dK_0.5y,0.5y-greedy,q,0.0,0.0,0.0
0.0,t=0y,dK_0.5y,0.5y-greedy,q,5.0,5.0,2.3952735895635984
0.0,t=0y,dK_0.5y,0.5y-greedy,q,10.0,10.0,4.790547179127196
0.0,t=0y,dK_0.5y,0.5y-greedy,q,15.0,15.0,7.185820768690794
0.0,t=0y,dK_0.5y,0.5y-greedy,q,20.0,20.0,9.581094358254392
0.0,t=0y,dK_0.5y,0.5y-greedy,q,25.0,25.0,11.97636794781799
0.0,t=0y,dK_0.5y,0.5y-greedy,q,30.0,30.0,14.37164153738159
0.0,t=0y,dK_0.5y,0.5y-greedy,q,35.0,35.0,16.766915126945186
0.0,t=0y,dK_0.5y,0.5y-greedy,q,40.0,40.0,19.162188716508783
0.0,t=0y,dK_0.5y,0.5y-greedy,q,45.0,45.0,21.55746230607238
0.0,t=0y,dK_0.5y,0.5y-greedy,q,50.0,50.0,23.95273589563598
0.0,t=0y,dK_0.5y,0.5y-greedy,q,55.0,55.0,26.348009485199576
0.0,t=0y,dK_0.5y,0.5y-greedy,q,60.0,60.0,28.74328307476318
0.0,t=0y,dK_0.5y,0.5y-greedy,q,65.0,65.0,31.13855666432677
0.0,t=0y,dK_0.5y,0.5y-greedy,q,70.0,70.0,33.53383025389037
0.0,t=0y,dK_0.5y,0.5y-greedy,q,75.0,75.0,35.92910384345397
0.0,t=0y,dK_0.5y,0.5y-greedy,q,80.0,80.0,38.32437743301757
0.0,t=0y,dK_0.5y,0.5y-greedy,q,85.0,85.0,40.71965102258117
0.0,t=0y,dK_0.5y,0.5y-greedy,q,90.0,90.0,43.11652363155741
0.0,t=0y,dK_0.5y,0.5y-greedy,q,95.0,95.0,45.51019820170836
0.0,t=0y,dK_0.5y,0.5y-greedy,q,100.0,100.0,47.90547179127196
0.0,t=0y,dK_0.5y,0.5y-greedy,q,105.0,105.0,50.51090865773929
0.0,t=0y,dK_0.5y,0.5y-greedy,q,110.0,110.0,53.62322563052696
0.0,t=0y,dK_0.5y,0.5y-greedy,q,115.0,115.0,57.740710370211744
0.0,t=0y,dK_0.5y,0.5y-greedy,q,120.0,120.0,59.96172264397249
0.0,t=0y,dK_0.5y,0.5y-greedy,q,125.0,125.0,62.46012775413797
0.0,t=0y,dK_0.5y,0.5y-greedy,q,130.0,130.0,66.70930712136361
0.0,t=0y,dK_0.5y,0.5y-greedy,q,135.0,135.0,69.50192976829524
0.0,t=0y,dK_0.5y,0.5y-greedy,q,140.0,140.0,73.65286473995967
0.0,t=0y,dK_0.5y,Optimal V,r,-0.03,-3.0,35.30638638682785
0.0,t=0y,dK_0.5y,Optimal V,r,-0.0275,-2.75,37.79099234379953
0.0,t=0y,dK_0.5y,Optimal V,r,-0.024999999999999998,-2.5,39.82569385060742
0.0,t=0y,dK_0.5y,Optimal V,r,-0.0225,-2.25,40.63012455982407
0.0,t=0y,dK_0.5y,Optimal V,r,-0.019999999999999997,-1.9999999999999998,40.7844053897811
0.0,t=0y,dK_0.5y,Optimal V,r,-0.017499999999999998,-1.7499999999999998,40.87089680160727
0.0,t=0y,dK_0.5y,Optimal V,r,-0.015,-1.5,41.08779899883997
0.0,t=0y,dK_0.5y,Optimal V,r,-0.012499999999999997,-1.2499999999999998,42.255646488652
0.0,t=0y,dK_0.5y,Optimal V,r,-0.009999999999999998,-0.9999999999999999,44.87015180067954
0.0,t=0y,dK_0.5y,Optimal V,r,-0.0075,-0.75,44.71856721471828
0.0,t=0y,dK_0.5y,Optimal V,r,-0.0049999999999999975,-0.4999999999999998,47.31998928312288
0.0,t=0y,dK_0.5y,Optimal V,r,-0.0024999999999999988,-0.2499999999999999,55.51694111353329
0.0,t=0y,dK_0.5y,Optimal V,r,0.0,0.0,52.56384138451064
0.0,t=0y,dK_0.5y,Optimal V,r,0.0025000000000000022,0.2500000000000002,85.69191663619138
0.0,t=0y,dK_0.5y,Optimal V,r,0.0050000000000000044,0.5000000000000004,88.83235648586621
0.0,t=0y,dK_0.5y,Optimal V,r,0.0075,0.75,72.99251523595733
0.0,t=0y,dK_0.5y,Optimal V,r,0.010000000000000002,1.0000000000000002,76.15254104467158
0.0,t=0y,dK_0.5y,Optimal V,r,0.012500000000000004,1.2500000000000004,56.85595425737068
0.0,t=0y,dK_0.5y,Optimal V,r,0.015,1.5,52.704766781912056
0.0,t=0y,dK_0.5y,Optimal V,r,0.0175,1.7500000000000002,52.31243590391487
0.0,t=0y,dK_0.5y,Optimal V,r,0.020000000000000004,2.0000000000000004,63.056619126260266
0.0,t=0y,dK_0.5y,Optimal V,r,0.0225,2.25,71.47822841476464
0.0,t=0y,dK_0.5y,Optimal V,r,0.025,2.5,59.62890661504572
0.0,t=0y,dK_0.5y,Optimal V,r,0.027500000000000004,2.7500000000000004,49.60368845135025
0.0,t=0y,dK_0.5y,Optimal V,r,0.03,3.0,49.41538250963635
0.0,t=0y,dK_0.5y,Optimal V,r,0.0325,3.25,47.10848834944256
0.0,t=0y,dK_0.5y,Optimal V,r,0.035,3.5000000000000004,46.73050184739022
0.0,t=0y,dK_0.5y,Optimal V,r,0.037500000000000006,3.7500000000000004,37.132513980749934
0.0,t=0y,dK_0.5y,Optimal V,r,0.04000000000000001,4.000000000000001,31.412267155841494
0.0,t=0y,dK_0.5y,Optimal V,r,0.042499999999999996,4.25,42.19871810240722
0.0,t=0y,dK_0.5y,Optimal V,r,0.045,4.5,47.62724404193767
0.0,t=0y,dK_0.5y,Optimal V,r,0.0475,4.75,46.652603922687376
0.0,t=0y,dK_0.5y,Optimal V,r,0.05,5.0,49.05626115118564
0.0,t=0y,dK_0.5y,Optimal V,r,0.052500000000000005,5.250000000000001,50.22106608488741
0.0,t=0y,dK_0.5y,Optimal V,r,0.05500000000000001,5.500000000000001,49.94693954649635
0.0,t=0y,dK_0.5y,Optimal V,r,0.05750000000000001,5.750000000000001,43.477487727068045
0.0,t=0y,dK_0.5y,Optimal V,r,0.06,6.0,23.373456253262226
0.0,t=0y,dK_0.5y,Optimal V,r,0.0625,6.25,11.798178176630358
0.0,t=0y,dK_0.5y,Optimal V,r,0.065,6.5,32.18006578019136
0.0,t=0y,dK_0.5y,Optimal V,r,0.0675,6.75,47.97663350697792
0.0,t=0y,dK_0.5y,Optimal V,r,0.07,7.000000000000001,39.53333109013689
0.0,t=0y,dK_0.5y,Optimal V,r,0.07250000000000001,7.250000000000001,35.70819736720019
0.0,t=0y,dK_0.5y,Optimal V,r,0.075,7.5,42.51118585915866
0.0,t=0y,dK_0.5y,Optimal V,r,0.0775,7.75,40.69376807924748
0.0,t=0y,dK_0.5y,Optimal V,r,0.08,8.0,26.49628007991594
0.0,t=0y,dK_0.5y,Optimal V,K,-25.0,-25.0,40.82437743301773
0.0,t=0y,dK_0.5y,Optimal V,K,-22.5,-22.5,40.82437743301773
0.0,t=0y,dK_0.5y,Optimal V,K,-20.0,-20.0,40.82437743301773
0.0,t=0y,dK_0.5y,Optimal V,K,-17.5,-17.5,40.82437743301773
0.0,t=0y,dK_0.5y,Optimal V,K,-15.0,-15.0,40.82437743301773
0.0,t=0y,dK_0.5y,Optimal V,K,-12.5,-12.5,40.82437743301773
0.0,t=0y,dK_0.5y,Optimal V,K,-10.0,-10.0,40.82437743301773
0.0,t=0y,dK_0.5y,Optimal V,K,-7.5,-7.5,40.82437743301773
0.0,t=0y,dK_0.5y,Optimal V,K,-5.0,-5.0,40.82437743301773
0.0,t=0y,dK_0.5y,Optimal V,K,-2.5,-2.5,40.82437743301773
0.0,t=0y,dK_0.5y,Optimal V,K,0.0,0.0,40.82437743301773
0.0,t=0y,dK_0.5y,Optimal V,K,2.5,2.5,40.82437743301773
0.0,t=0y,dK_0.5y,Optimal V,K,5.0,5.0,40.82437743301773
0.0,t=0y,dK_0.5y,Optimal V,K,7.5,7.5,41.59310793595341
0.0,t=0y,dK_0.5y,Optimal V,K,10.0,10.0,60.70614128532658
0.0,t=0y,dK_0.5y,Optimal V,K,12.5,12.5,77.19337054953718
0.0,t=0y,dK_0.5y,Optimal V,K,15.0,15.0,47.91926399205141
0.0,t=0y,dK_0.5y,Optimal V,K,17.5,17.5,50.85539019643662
0.0,t=0y,dK_0.5y,Optimal V,K,20.0,20.0,50.85710066634857
0.0,t=0y,dK_0.5y,Optimal V,K,22.5,22.5,50.85710066634857
0.0,t=0y,dK_0.5y,Optimal V,K,25.0,25.0,50.85710066634857
0.0,t=0y,dK_0.5y,Optimal V,K,27.5,27.5,50.85710066634857
0.0,t=0y,dK_0.5y,Optimal V,K,30.0,30.0,50.85710066634857
0.0,t=0y,dK_0.5y,Optimal V,K,32.5,32.5,50.85710066634857
0.0,t=0y,dK_0.5y,Optimal V,K,35.0,35.0,50.85710066634857
0.0,t=0y,dK_0.5y,Optimal V,q,0.0,0.0,-3.0673893771643757
0.0,t=0y,dK_0.5y,Optimal V,q,5.0,5.0,-0.4998417606192178
0.0,t=0y,dK_0.5y,Optimal V,q,10.0,10.0,1.7764525809391896
0.0,t=0y,dK_0.5y,Optimal V,q,15.0,15.0,4.1717261705027875
0.0,t=0y,dK_0.5y,Optimal V,q,20.0,20.0,6.5653375052641465
0.0,t=0y,dK_0.5y,Optimal V,q,25.0,25.0,8.211611974323787
0.0,t=0y,dK_0.5y,Optimal V,q,30.0,30.0,10.606885563887387
0.0,t=0y,dK_0.5y,Optimal V,q,35.0,35.0,13.002159153450982
0.0,t=0y,dK_0.5y,Optimal V,q,40.0,40.0,19.153495774946894
0.0,t=0y,dK_0.5y,Optimal V,q,45.0,45.0,21.54876936451049
0.0,t=0y,dK_0.5y,Optimal V,q,50.0,50.0,23.94404295407409
0.0,t=0y,dK_0.5y,Optimal V,q,55.0,55.0,26.339316543637686
0.0,t=0y,dK_0.5y,Optimal V,q,60.0,60.0,28.73459013320129
0.0,t=0y,dK_0.5y,Optimal V,q,65.0,65.0,32.61195049693103
0.0,t=0y,dK_0.5y,Optimal V,q,70.0,70.0,34.688713776305065
0.0,t=0y,dK_0.5y,Optimal V,q,75.0,75.0,36.60294917326636
0.0,t=0y,dK_0.5y,Optimal V,q,80.0,80.0,41.31388610663704
0.0,t=0y,dK_0.5y,Optimal V,q,85.0,85.0,42.47520461664503
0.0,t=0y,dK_0.5y,Optimal V,q,90.0,90.0,45.01032587943678
0.0,t=0y,dK_0.5y,Optimal V,q,95.0,95.0,55.22529449529708
0.0,t=0y,dK_0.5y,Optimal V,q,100.0,100.0,59.62890661504572
0.0,t=0y,dK_0.5y,Optimal V,q,105.0,105.0,61.44809168495915
0.0,t=0y,dK_0.5y,Optimal V,q,110.0,110.0,67.65647893618393
0.0,t=0y,dK_0.5y,Optimal V,q,115.0,115.0,71.88642528889166
0.0,t=0y,dK_0.5y,Optimal V,q,120.0,120.0,100.55246829658978
0.0,t=0y,dK_0.5y,Optimal V,q,125.0,125.0,95.74764556272669
0.0,t=0y,dK_0.5y,Optimal V,q,130.0,130.0,71.76355023988826
0.0,t=0y,dK_0.5y,Optimal V,q,135.0,135.0,74.65817827735123
0.0,t=0y,dK_0.5y,Optimal V,q,140.0,140.0,105.89529141824906
0.0,t=0y,dK_1y,Passive q,r,-0.03,-3.0,79.55521644567197
0.0,t=0y,dK_1y,Passive q,r,-0.0275,-2.75,87.91239916148197
0.0,t=0y,dK_1y,Passive q,r,-0.024999999999999998,-2.5,94.85392428626062
0.0,t=0y,dK_1y,Passive q,r,-0.0225,-2.25,97.87878667175558
0.0,t=0y,dK_1y,Passive q,r,-0.019999999999999997,-1.9999999999999998,98.15950439909147
0.0,t=0y,dK_1y,Passive q,r,-0.017499999999999998,-1.7499999999999998,98.23449522769381
0.0,t=0y,dK_1y,Passive q,r,-0.015,-1.5,98.10831807436051
0.0,t=0y,dK_1y,Passive q,r,-0.012499999999999997,-1.2499999999999998,97.68523780953845
0.0,t=0y,dK_1y,Passive q,r,-0.009999999999999998,-0.9999999999999999,97.15952298638744
0.0,t=0y,dK_1y,Passive q,r,-0.0075,-0.75,96.57557156590627
0.0,t=0y,dK_1y,Passive q,r,-0.0049999999999999975,-0.4999999999999998,95.96739355380119
0.0,t=0y,dK_1y,Passive q,r,-0.0024999999999999988,-0.2499999999999999,95.34538891408612
0.0,t=0y,dK_1y,Passive q,r,0.0,0.0,94.71800257752179
0.0,t=0y,dK_1y,Passive q,r,0.0025000000000000022,0.2500000000000002,94.08654885728967
0.0,t=0y,dK_1y,Passive q,r,0.0050000000000000044,0.5000000000000004,93.44107222729917
0.0,t=0y,dK_1y,Passive q,r,0.0075,0.75,92.77785684980228
0.0,t=0y,dK_1y,Passive q,r,0.010000000000000002,1.0000000000000002,92.12463739925278
0.0,t=0y,dK_1y,Passive q,r,0.012500000000000004,1.2500000000000004,91.48429542731068
0.0,t=0y,dK_1y,Passive q,r,0.015,1.5,90.80410534534974
0.0,t=0y,dK_1y,Passive q,r,0.0175,1.7500000000000002,90.11861162314506
0.0,t=0y,dK_1y,Passive q,r,0.020000000000000004,2.0000000000000004,89.5468035347059
0.0,t=0y,dK_1y,Passive q,r,0.0225,2.25,89.05519748370952
0.0,t=0y,dK_1y,Passive q,r,0.025,2.5,88.52330898856503
0.0,t=0y,dK_1y,Passive q,r,0.027500000000000004,2.7500000000000004,88.21701543694279
0.0,t=0y,dK_1y,Passive q,r,0.03,3.0,88.18101452555533
0.0,t=0y,dK_1y,Passive q,r,0.0325,3.25,88.15199752635891
0.0,t=0y,dK_1y,Passive q,r,0.035,3.5000000000000004,88.13109516348592
0.0,t=0y,dK_1y,Passive q,r,0.037500000000000006,3.7500000000000004,88.12356609647478
0.0,t=0y,dK_1y,Passive q,r,0.04000000000000001,4.000000000000001,88.12209142311988
0.0,t=0y,dK_1y,Passive q,r,0.042499999999999996,4.25,88.12084688669466
0.0,t=0y,dK_1y,Passive q,r,0.045,4.5,88.11997729067801
0.0,t=0y,dK_1y,Passive q,r,0.0475,4.75,88.11934607576093
0.0,t=0y,dK_1y,Passive q,r,0.05,5.0,88.11848033136948
0.0,t=0y,dK_1y,Passive q,r,0.052500000000000005,5.250000000000001,88.11638685267934
0.0,t=0y,dK_1y,Passive q,r,0.05500000000000001,5.500000000000001,88.11140248118284
0.0,t=0y,dK_1y,Passive q,r,0.05750000000000001,5.750000000000001,88.10006311351879
0.0,t=0y,dK_1y,Passive q,r,0.06,6.0,88.07452758578847
0.0,t=0y,dK_1y,Passive q,r,0.0625,6.25,88.00124411463673
0.0,t=0y,dK_1y,Passive q,r,0.065,6.5,87.83910398222747
0.0,t=0y,dK_1y,Passive q,r,0.0675,6.75,87.41698056496693
0.0,t=0y,dK_1y,Passive q,r,0.07,7.000000000000001,86.81425670720648
0.0,t=0y,dK_1y,Passive q,r,0.07250000000000001,7.250000000000001,86.02009410366168
0.0,t=0y,dK_1y,Passive q,r,0.075,7.5,82.82702293704256
0.0,t=0y,dK_1y,Passive q,r,0.0775,7.75,76.2550584544598
0.0,t=0y,dK_1y,Passive q,r,0.08,8.0,68.48301800887474
0.0,t=0y,dK_1y,Passive q,K,-25.0,-25.0,88.12005641971643
0.0,t=0y,dK_1y,Passive q,K,-22.5,-22.5,88.12005641971643
0.0,t=0y,dK_1y,Passive q,K,-20.0,-20.0,88.12005641971643
0.0,t=0y,dK_1y,Passive q,K,-17.5,-17.5,88.12005641971643
0.0,t=0y,dK_1y,Passive q,K,-15.0,-15.0,88.12005641971643
0.0,t=0y,dK_1y,Passive q,K,-12.5,-12.5,88.12005641971643
0.0,t=0y,dK_1y,Passive q,K,-10.0,-10.0,88.12005641971643
0.0,t=0y,dK_1y,Passive q,K,-7.5,-7.5,88.12005641971643
0.0,t=0y,dK_1y,Passive q,K,-5.0,-5.0,88.12005641971643
0.0,t=0y,dK_1y,Passive q,K,-2.5,-2.5,88.12005641971643
0.0,t=0y,dK_1y,Passive q,K,0.0,0.0,88.12005641971643
0.0,t=0y,dK_1y,Passive q,K,2.5,2.5,88.12005641971643
0.0,t=0y,dK_1y,Passive q,K,5.0,5.0,88.12005641971643
0.0,t=0y,dK_1y,Passive q,K,7.5,7.5,88.12005641971643
0.0,t=0y,dK_1y,Passive q,K,10.0,10.0,116.40872693939018
0.0,t=0y,dK_1y,Passive q,K,12.5,12.5,89.10529149569022
0.0,t=0y,dK_1y,Passive q,K,15.0,15.0,88.13532065048157
0.0,t=0y,dK_1y,Passive q,K,17.5,17.5,88.12005641971645
0.0,t=0y,dK_1y,Passive q,K,20.0,20.0,88.12005641971645
0.0,t=0y,dK_1y,Passive q,K,22.5,22.5,88.12005641971645
0.0,t=0y,dK_1y,Passive q,K,25.0,25.0,88.12005641971645
0.0,t=0y,dK_1y,Passive q,K,27.5,27.5,88.12005641971645
0.0,t=0y,dK_1y,Passive q,K,30.0,30.0,88.12005641971645
0.0,t=0y,dK_1y,Passive q,K,32.5,32.5,88.12005641971646
0.0,t=0y,dK_1y,Passive q,K,35.0,35.0,88.12005641971645
0.0,t=0y,dK_1y,Passive q,q,0.0,0.0,0.0
0.0,t=0y,dK_1y,Passive q,q,5.0,5.0,4.406002820985823
0.0,t=0y,dK_1y,Passive q,q,10.0,10.0,8.812005641971648
0.0,t=0y,dK_1y,Passive q,q,15.0,15.0,13.218008462957469
0.0,t=0y,dK_1y,Passive q,q,20.0,20.0,17.624011283943293
0.0,t=0y,dK_1y,Passive q,q,25.0,25.0,22.030014104929112
0.0,t=0y,dK_1y,Passive q,q,30.0,30.0,26.436016925914934
0.0,t=0y,dK_1y,Passive q,q,35.0,35.0,30.842019746900753
0.0,t=0y,dK_1y,Passive q,q,40.0,40.0,35.24802256788659
0.0,t=0y,dK_1y,Passive q,q,45.0,45.0,39.654025388872405
0.0,t=0y,dK_1y,Passive q,q,50.0,50.0,44.060028209858224
0.0,t=0y,dK_1y,Passive q,q,55.0,55.0,48.46704686540147
0.0,t=0y,dK_1y,Passive q,q,60.0,60.0,52.87335268136799
0.0,t=0y,dK_1y,Passive q,q,65.0,65.0,57.279713448565246
0.0,t=0y,dK_1y,Passive q,q,70.0,70.0,61.68613374626249
0.0,t=0y,dK_1y,Passive q,q,75.0,75.0,66.09261815372895
0.0,t=0y,dK_1y,Passive q,q,80.0,80.0,70.75430488595151
0.0,t=0y,dK_1y,Passive q,q,85.0,85.0,75.19354873658207
0.0,t=0y,dK_1y,Passive q,q,90.0,90.0,79.63479806628823
0.0,t=0y,dK_1y,Passive q,q,95.0,95.0,84.07805183147937
0.0,t=0y,dK_1y,Passive q,q,100.0,100.0,88.52330898856503
0.0,t=0y,dK_1y,Passive q,q,105.0,105.0,105.04270190103725
0.0,t=0y,dK_1y,Passive q,q,110.0,110.0,110.06006371070312
0.0,t=0y,dK_1y,Passive q,q,115.0,115.0,115.07874091599456
0.0,t=0y,dK_1y,Passive q,q,120.0,120.0,120.0987233307391
0.0,t=0y,dK_1y,Passive q,q,125.0,125.0,125.1200007116745
0.0,t=0y,dK_1y,Passive q,q,130.0,130.0,136.44948801064132
0.0,t=0y,dK_1y,Passive q,q,135.0,135.0,141.66793815284223
0.0,t=0y,dK_1y,Passive q,q,140.0,140.0,146.88418449875672
0.0,t=0y,dK_1y,CAR-target,r,-0.03,-3.0,92.87209915103922
0.0,t=0y,dK_1y,CAR-target,r,-0.0275,-2.75,104.19228441690001
0.0,t=0y,dK_1y,CAR-target,r,-0.024999999999999998,-2.5,113.99083730275798
0.0,t=0y,dK_1y,CAR-target,r,-0.0225,-2.25,119.28225764865397
0.0,t=0y,dK_1y,CAR-target,r,-0.019999999999999997,-1.9999999999999998,121.12424149521348
0.0,t=0y,dK_1y,CAR-target,r,-0.017499999999999998,-1.7499999999999998,122.43742143645564
0.0,t=0y,dK_1y,CAR-target,r,-0.015,-1.5,123.45893094604816
0.0,t=0y,dK_1y,CAR-target,r,-0.012499999999999997,-1.2499999999999998,124.20006068782362
0.0,t=0y,dK_1y,CAR-target,r,-0.009999999999999998,-0.9999999999999999,124.61054962571583
0.0,t=0y,dK_1y,CAR-target,r,-0.0075,-0.75,124.69716435665805
0.0,t=0y,dK_1y,CAR-target,r,-0.0049999999999999975,-0.4999999999999998,124.75063185945037
0.0,t=0y,dK_1y,CAR-target,r,-0.0024999999999999988,-0.2499999999999999,124.72630095303066
0.0,t=0y,dK_1y,CAR-target,r,0.0,0.0,124.55332297838156
0.0,t=0y,dK_1y,CAR-target,r,0.0025000000000000022,0.2500000000000002,124.29019166572499
0.0,t=0y,dK_1y,CAR-target,r,0.0050000000000000044,0.5000000000000004,123.95252677616
0.0,t=0y,dK_1y,CAR-target,r,0.0075,0.75,123.49221928300784
0.0,t=0y,dK_1y,CAR-target,r,0.010000000000000002,1.0000000000000002,122.87022854823351
0.0,t=0y,dK_1y,CAR-target,r,0.012500000000000004,1.2500000000000004,122.15608549885394
0.0,t=0y,dK_1y,CAR-target,r,0.015,1.5,121.37997328109078
0.0,t=0y,dK_1y,CAR-target,r,0.0175,1.7500000000000002,120.3516783501484
0.0,t=0y,dK_1y,CAR-target,r,0.020000000000000004,2.0000000000000004,118.9013912943299
0.0,t=0y,dK_1y,CAR-target,r,0.0225,2.25,117.47577106431879
0.0,t=0y,dK_1y,CAR-target,r,0.025,2.5,116.34753796700925
0.0,t=0y,dK_1y,CAR-target,r,0.027500000000000004,2.7500000000000004,114.65899962009654
0.0,t=0y,dK_1y,CAR-target,r,0.03,3.0,112.18881072791578
0.0,t=0y,dK_1y,CAR-target,r,0.0325,3.25,110.12012052489527
0.0,t=0y,dK_1y,CAR-target,r,0.035,3.5000000000000004,108.86598748427511
0.0,t=0y,dK_1y,CAR-target,r,0.037500000000000006,3.7500000000000004,107.20297298412433
0.0,t=0y,dK_1y,CAR-target,r,0.04000000000000001,4.000000000000001,105.0941017509751
0.0,t=0y,dK_1y,CAR-target,r,0.042499999999999996,4.25,103.85356525303112
0.0,t=0y,dK_1y,CAR-target,r,0.045,4.5,103.58858157879862
0.0,t=0y,dK_1y,CAR-target,r,0.0475,4.75,103.31439598200855
0.0,t=0y,dK_1y,CAR-target,r,0.05,5.0,103.01653011576838
0.0,t=0y,dK_1y,CAR-target,r,0.052500000000000005,5.250000000000001,103.22425576596417
0.0,t=0y,dK_1y,CAR-target,r,0.05500000000000001,5.500000000000001,103.62291091041908
0.0,t=0y,dK_1y,CAR-target,r,0.05750000000000001,5.750000000000001,104.00241185419705
0.0,t=0y,dK_1y,CAR-target,r,0.06,6.0,104.34970289512603
0.0,t=0y,dK_1y,CAR-target,r,0.0625,6.25,104.61049113405045
0.0,t=0y,dK_1y,CAR-target,r,0.065,6.5,104.73815478676904
0.0,t=0y,dK_1y,CAR-target,r,0.0675,6.75,104.51984534622082
0.0,t=0y,dK_1y,CAR-target,r,0.07,7.000000000000001,104.04124069865061
0.0,t=0y,dK_1y,CAR-target,r,0.07250000000000001,7.250000000000001,103.2724356057251
0.0,t=0y,dK_1y,CAR-target,r,0.075,7.5,99.45161809147598
0.0,t=0y,dK_1y,CAR-target,r,0.0775,7.75,91.35366404682911
0.0,t=0y,dK_1y,CAR-target,r,0.08,8.0,81.72908184184661
0.0,t=0y,dK_1y,CAR-target,K,-25.0,-25.0,67.05177076200698
0.0,t=0y,dK_1y,CAR-target,K,-22.5,-22.5,67.05177076200698
0.0,t=0y,dK_1y,CAR-target,K,-20.0,-20.0,67.05177076200698
0.0,t=0y,dK_1y,CAR-target,K,-17.5,-17.5,67.05177076200698
0.0,t=0y,dK_1y,CAR-target,K,-15.0,-15.0,67.05177076200698
0.0,t=0y,dK_1y,CAR-target,K,-12.5,-12.5,67.05177076200698
0.0,t=0y,dK_1y,CAR-target,K,-10.0,-10.0,67.05177076200698
0.0,t=0y,dK_1y,CAR-target,K,-7.5,-7.5,67.05177076200698
0.0,t=0y,dK_1y,CAR-target,K,-5.0,-5.0,67.05177076200698
0.0,t=0y,dK_1y,CAR-target,K,-2.5,-2.5,67.05177076200698
0.0,t=0y,dK_1y,CAR-target,K,0.0,0.0,67.05177076200698
0.0,t=0y,dK_1y,CAR-target,K,2.5,2.5,67.05177076200698
0.0,t=0y,dK_1y,CAR-target,K,5.0,5.0,67.05177076200698
0.0,t=0y,dK_1y,CAR-target,K,7.5,7.5,87.71278866528053
0.0,t=0y,dK_1y,CAR-target,K,10.0,10.0,116.30856555826608
0.0,t=0y,dK_1y,CAR-target,K,12.5,12.5,132.52490163900083
0.0,t=0y,dK_1y,CAR-target,K,15.0,15.0,105.56262885234818
0.0,t=0y,dK_1y,CAR-target,K,17.5,17.5,105.52834658856102
0.0,t=0y,dK_1y,CAR-target,K,20.0,20.0,108.8848430035859
0.0,t=0y,dK_1y,CAR-target,K,22.5,22.5,109.1883420774256
0.0,t=0y,dK_1y,CAR-target,K,25.0,25.0,109.1883420774256
0.0,t=0y,dK_1y,CAR-target,K,27.5,27.5,109.1883420774256
0.0,t=0y,dK_1y,CAR-target,K,30.0,30.0,109.1883420774256
0.0,t=0y,dK_1y,CAR-target,K,32.5,32.5,109.1883420774256
0.0,t=0y,dK_1y,CAR-target,K,35.0,35.0,109.1883420774256
0.0,t=0y,dK_1y,CAR-target,q,0.0,0.0,21.06828565770911
0.0,t=0y,dK_1y,CAR-target,q,5.0,5.0,25.474288478694973
0.0,t=0y,dK_1y,CAR-target,q,10.0,10.0,29.880291299680835
0.0,t=0y,dK_1y,CAR-target,q,15.0,15.0,34.25509309590134
0.0,t=0y,dK_1y,CAR-target,q,20.0,20.0,38.6435658821631
0.0,t=0y,dK_1y,CAR-target,q,25.0,25.0,43.05435928916461
0.0,t=0y,dK_1y,CAR-target,q,30.0,30.0,47.49624113675717
0.0,t=0y,dK_1y,CAR-target,q,35.0,35.0,52.05853100674959
0.0,t=0y,dK_1y,CAR-target,q,40.0,40.0,55.89576793669929
0.0,t=0y,dK_1y,CAR-target,q,45.0,45.0,60.03904243037276
0.0,t=0y,dK_1y,CAR-target,q,50.0,50.0,64.1158302173331
0.0,t=0y,dK_1y,CAR-target,q,55.0,55.0,68.76550747095783
0.0,t=0y,dK_1y,CAR-target,q,60.0,60.0,75.01645183903392
0.0,t=0y,dK_1y,CAR-target,q,65.0,65.0,77.54521956627963
0.0,t=0y,dK_1y,CAR-target,q,70.0,70.0,82.62869840483742
0.0,t=0y,dK_1y,CAR-target,q,75.0,75.0,83.98228768576072
0.0,t=0y,dK_1y,CAR-target,q,80.0,80.0,88.3711118865916
0.0,t=0y,dK_1y,CAR-target,q,85.0,85.0,94.59187444675372
0.0,t=0y,dK_1y,CAR-target,q,90.0,90.0,99.31228985748723
0.0,t=0y,dK_1y,CAR-target,q,95.0,95.0,111.8990512670979
0.0,t=0y,dK_1y,CAR-target,q,100.0,100.0,116.34753796700925
0.0,t=0y,dK_1y,CAR-target,q,105.0,105.0,134.28745972685806
0.0,t=0y,dK_1y,CAR-target,q,110.0,110.0,138.59691587111433
0.0,t=0y,dK_1y,CAR-target,q,115.0,115.0,145.06362534341696
0.0,t=0y,dK_1y,CAR-target,q,120.0,120.0,158.02590552979814
0.0,t=0y,dK_1y,CAR-target,q,125.0,125.0,155.11180100957833
0.0,t=0y,dK_1y,CAR-target,q,130.0,130.0,181.7767716902117
0.0,t=0y,dK_1y,CAR-target,q,135.0,135.0,180.73348136280765
0.0,t=0y,dK_1y,CAR-target,q,140.0,140.0,168.70428779229331
0.0,t=0y,dK_1y,MtM-band,r,-0.03,-3.0,55.4071969206107
0.0,t=0y,dK_1y,MtM-band,r,-0.0275,-2.75,61.08689258631148
0.0,t=0y,dK_1y,MtM-band,r,-0.024999999999999998,-2.5,65.82836489265117
0.0,t=0y,dK_1y,MtM-band,r,-0.0225,-2.25,67.97857721563055
0.0,t=0y,dK_1y,MtM-band,r,-0.019999999999999997,-1.9999999999999998,68.43469491824527
0.0,t=0y,dK_1y,MtM-band,r,-0.017499999999999998,-1.7499999999999998,69.13562661827393
0.0,t=0y,dK_1y,MtM-band,r,-0.015,-1.5,69.73982932452486
0.0,t=0y,dK_1y,MtM-band,r,-0.012499999999999997,-1.2499999999999998,69.68217477748033
0.0,t=0y,dK_1y,MtM-band,r,-0.009999999999999998,-0.9999999999999999,69.92535052625067
0.0,t=0y,dK_1y,MtM-band,r,-0.0075,-0.75,72.13194086702936
0.0,t=0y,dK_1y,MtM-band,r,-0.0049999999999999975,-0.4999999999999998,73.75134663798254
0.0,t=0y,dK_1y,MtM-band,r,-0.0024999999999999988,-0.2499999999999999,74.31070430691489
0.0,t=0y,dK_1y,MtM-band,r,0.0,0.0,77.30151995645124
0.0,t=0y,dK_1y,MtM-band,r,0.0025000000000000022,0.2500000000000002,79.86351929285459
0.0,t=0y,dK_1y,MtM-band,r,0.0050000000000000044,0.5000000000000004,82.80329327781848
0.0,t=0y,dK_1y,MtM-band,r,0.0075,0.75,98.92538454754973
0.0,t=0y,dK_1y,MtM-band,r,0.010000000000000002,1.0000000000000002,105.4357248206526
0.0,t=0y,dK_1y,MtM-band,r,0.012500000000000004,1.2500000000000004,88.03238076482495
0.0,t=0y,dK_1y,MtM-band,r,0.015,1.5,95.92346390831321
0.0,t=0y,dK_1y,MtM-band,r,0.0175,1.7500000000000002,162.27990056592319
0.0,t=0y,dK_1y,MtM-band,r,0.020000000000000004,2.0000000000000004,185.51992579983153
0.0,t=0y,dK_1y,MtM-band,r,0.0225,2.25,88.5731061946934
0.0,t=0y,dK_1y,MtM-band,r,0.025,2.5,74.62998238932434
0.0,t=0y,dK_1y,MtM-band,r,0.027500000000000004,2.7500000000000004,93.79756017030795
0.0,t=0y,dK_1y,MtM-band,r,0.03,3.0,-53.199375453390275
0.0,t=0y,dK_1y,MtM-band,r,0.0325,3.25,-71.31687066378743
0.0,t=0y,dK_1y,MtM-band,r,0.035,3.5000000000000004,39.38903403800877
0.0,t=0y,dK_1y,MtM-band,r,0.037500000000000006,3.7500000000000004,48.48640336819025
0.0,t=0y,dK_1y,MtM-band,r,0.04000000000000001,4.000000000000001,27.04256501556509
0.0,t=0y,dK_1y,MtM-band,r,0.042499999999999996,4.25,32.343524381424885
0.0,t=0y,dK_1y,MtM-band,r,0.045,4.5,50.859429494374595
0.0,t=0y,dK_1y,MtM-band,r,0.0475,4.75,54.37299620818549
0.0,t=0y,dK_1y,MtM-band,r,0.05,5.0,56.613468373912525
0.0,t=0y,dK_1y,MtM-band,r,0.052500000000000005,5.250000000000001,60.10055682749733
0.0,t=0y,dK_1y,MtM-band,r,0.05500000000000001,5.500000000000001,61.05334277884447
0.0,t=0y,dK_1y,MtM-band,r,0.05750000000000001,5.750000000000001,62.88140418795665
0.0,t=0y,dK_1y,MtM-band,r,0.06,6.0,65.50259023020061
0.0,t=0y,dK_1y,MtM-band,r,0.0625,6.25,65.83222074969946
0.0,t=0y,dK_1y,MtM-band,r,0.065,6.5,65.67556867011021
0.0,t=0y,dK_1y,MtM-band,r,0.0675,6.75,65.88388387436751
0.0,t=0y,dK_1y,MtM-band,r,0.07,7.000000000000001,65.97853824816562
0.0,t=0y,dK_1y,MtM-band,r,0.07250000000000001,7.250000000000001,65.55101937053973
0.0,t=0y,dK_1y,MtM-band,r,0.075,7.5,63.31198552563694
0.0,t=0y,dK_1y,MtM-band,r,0.0775,7.75,58.703663323526996
0.0,t=0y,dK_1y,MtM-band,r,0.08,8.0,53.265951817233365
0.0,t=0y,dK_1y,MtM-band,K,-25.0,-25.0,74.08400340313085
0.0,t=0y,dK_1y,MtM-band,K,-22.5,-22.5,74.08400340313074
0.0,t=0y,dK_1y,MtM-band,K,-20.0,-20.0,74.08400340313074
0.0,t=0y,dK_1y,MtM-band,K,-17.5,-17.5,74.08400340313074
0.0,t=0y,dK_1y,MtM-band,K,-15.0,-15.0,74.08400340313074
0.0,t=0y,dK_1y,MtM-band,K,-12.5,-12.5,74.08400340313074
0.0,t=0y,dK_1y,MtM-band,K,-10.0,-10.0,74.08400340313074
0.0,t=0y,dK_1y,MtM-band,K,-7.5,-7.5,74.08400340313085
0.0,t=0y,dK_1y,MtM-band,K,-5.0,-5.0,74.08400340313085
0.0,t=0y,dK_1y,MtM-band,K,-2.5,-2.5,74.08400340313085
0.0,t=0y,dK_1y,MtM-band,K,0.0,0.0,74.08400340313085
0.0,t=0y,dK_1y,MtM-band,K,2.5,2.5,74.08400340313085
0.0,t=0y,dK_1y,MtM-band,K,5.0,5.0,74.08400340313085
0.0,t=0y,dK_1y,MtM-band,K,7.5,7.5,77.13038372759866
0.0,t=0y,dK_1y,MtM-band,K,10.0,10.0,103.88883478856441
0.0,t=0y,dK_1y,MtM-band,K,12.5,12.5,75.42336060223633
0.0,t=0y,dK_1y,MtM-band,K,15.0,15.0,74.10106358071634
0.0,t=0y,dK_1y,MtM-band,K,17.5,17.5,74.08400340313092
0.0,t=0y,dK_1y,MtM-band,K,20.0,20.0,74.08400340313092
0.0,t=0y,dK_1y,MtM-band,K,22.5,22.5,74.08400340313092
0.0,t=0y,dK_1y,MtM-band,K,25.0,25.0,74.08400340313092
0.0,t=0y,dK_1y,MtM-band,K,27.5,27.5,74.08400340313092
0.0,t=0y,dK_1y,MtM-band,K,30.0,30.0,74.08400340313092
0.0,t=0y,dK_1y,MtM-band,K,32.5,32.5,74.08400340313091
0.0,t=0y,dK_1y,MtM-band,K,35.0,35.0,74.08400340313091
0.0,t=0y,dK_1y,MtM-band,q,0.0,0.0,0.0
0.0,t=0y,dK_1y,MtM-band,q,5.0,5.0,4.406002820985823
0.0,t=0y,dK_1y,MtM-band,q,10.0,10.0,8.812004353268104
0.0,t=0y,dK_1y,MtM-band,q,15.0,15.0,13.217076357747723
0.0,t=0y,dK_1y,MtM-band,q,20.0,20.0,17.616594056900308
0.0,t=0y,dK_1y,MtM-band,q,25.0,25.0,22.083621530687417
0.0,t=0y,dK_1y,MtM-band,q,30.0,30.0,26.192276217995747
0.0,t=0y,dK_1y,MtM-band,q,35.0,35.0,31.284689792383872
0.0,t=0y,dK_1y,MtM-band,q,40.0,40.0,33.55139725306546
0.0,t=0y,dK_1y,MtM-band,q,45.0,45.0,36.47655539092882
0.0,t=0y,dK_1y,MtM-band,q,50.0,50.0,40.97974535945905
0.0,t=0y,dK_1y,MtM-band,q,55.0,55.0,52.113204800141204
0.0,t=0y,dK_1y,MtM-band,q,60.0,60.0,47.44848934680237
0.0,t=0y,dK_1y,MtM-band,q,65.0,65.0,48.92403737185924
0.0,t=0y,dK_1y,MtM-band,q,70.0,70.0,51.84188792521593
0.0,t=0y,dK_1y,MtM-band,q,75.0,75.0,53.75939634575536
0.0,t=0y,dK_1y,MtM-band,q,80.0,80.0,60.86873638625004
0.0,t=0y,dK_1y,MtM-band,q,85.0,85.0,64.53655320705383
0.0,t=0y,dK_1y,MtM-band,q,90.0,90.0,68.14203796701992
0.0,t=0y,dK_1y,MtM-band,q,95.0,95.0,73.10735665989716
0.0,t=0y,dK_1y,MtM-band,q,100.0,100.0,74.62998238932434
0.0,t=0y,dK_1y,MtM-band,q,105.0,105.0,78.83650357299561
0.0,t=0y,dK_1y,MtM-band,q,110.0,110.0,91.60500716452428
0.0,t=0y,dK_1y,MtM-band,q,115.0,115.0,102.47361533932981
0.0,t=0y,dK_1y,MtM-band,q,120.0,120.0,107.19678293204032
0.0,t=0y,dK_1y,MtM-band,q,125.0,125.0,118.36758009885042
0.0,t=0y,dK_1y,MtM-band,q,130.0,130.0,127.31208964400754
0.0,t=0y,dK_1y,MtM-band,q,135.0,135.0,135.02953828523667
0.0,t=0y,dK_1y,MtM-band,q,140.0,140.0,139.77679888815248
0.0,t=0y,dK_1y,0.5y-greedy,r,-0.03,-3.0,61.54305798365365
0.0,t=0y,dK_1y,0.5y-greedy,r,-0.0275,-2.75,67.28841035085492
0.0,t=0y,dK_1y,0.5y-greedy,r,-0.024999999999999998,-2.5,76.02613801574901
0.0,t=0y,dK_1y,0.5y-greedy,r,-0.0225,-2.25,79.5906837296975
0.0,t=0y,dK_1y,0.5y-greedy,r,-0.019999999999999997,-1.9999999999999998,74.73707967221723
0.0,t=0y,dK_1y,0.5y-greedy,r,-0.017499999999999998,-1.7499999999999998,53.8520745766958
0.0,t=0y,dK_1y,0.5y-greedy,r,-0.015,-1.5,66.42999947112246
0.0,t=0y,dK_1y,0.5y-greedy,r,-0.012499999999999997,-1.2499999999999998,95.7414795276392
0.0,t=0y,dK_1y,0.5y-greedy,r,-0.009999999999999998,-0.9999999999999999,95.85549744372125
0.0,t=0y,dK_1y,0.5y-greedy,r,-0.0075,-0.75,97.18633706947588
0.0,t=0y,dK_1y,0.5y-greedy,r,-0.0049999999999999975,-0.4999999999999998,96.23869690595923
0.0,t=0y,dK_1y,0.5y-greedy,r,-0.0024999999999999988,-0.2499999999999999,95.34204121654336
0.0,t=0y,dK_1y,0.5y-greedy,r,0.0,0.0,94.76113311555159
0.0,t=0y,dK_1y,0.5y-greedy,r,0.0025000000000000022,0.2500000000000002,94.16928789290809
0.0,t=0y,dK_1y,0.5y-greedy,r,0.0050000000000000044,0.5000000000000004,93.47650293119192
0.0,t=0y,dK_1y,0.5y-greedy,r,0.0075,0.75,92.78976072457225
0.0,t=0y,dK_1y,0.5y-greedy,r,0.010000000000000002,1.0000000000000002,92.13470044519406
0.0,t=0y,dK_1y,0.5y-greedy,r,0.012500000000000004,1.2500000000000004,91.49039960287595
0.0,t=0y,dK_1y,0.5y-greedy,r,0.015,1.5,90.8058723482853
0.0,t=0y,dK_1y,0.5y-greedy,r,0.0175,1.7500000000000002,90.11903083728393
0.0,t=0y,dK_1y,0.5y-greedy,r,0.020000000000000004,2.0000000000000004,89.5472448759095
0.0,t=0y,dK_1y,0.5y-greedy,r,0.0225,2.25,89.05548539079065
0.0,t=0y,dK_1y,0.5y-greedy,r,0.025,2.5,88.5232948237741
0.0,t=0y,dK_1y,0.5y-greedy,r,0.027500000000000004,2.7500000000000004,88.21665338837414
0.0,t=0y,dK_1y,0.5y-greedy,r,0.03,3.0,88.18044109931215
0.0,t=0y,dK_1y,0.5y-greedy,r,0.0325,3.25,88.15158424637309
0.0,t=0y,dK_1y,0.5y-greedy,r,0.035,3.5000000000000004,88.12957240127302
0.0,t=0y,dK_1y,0.5y-greedy,r,0.037500000000000006,3.7500000000000004,88.11669407316649
0.0,t=0y,dK_1y,0.5y-greedy,r,0.04000000000000001,4.000000000000001,88.10910891259562
0.0,t=0y,dK_1y,0.5y-greedy,r,0.042499999999999996,4.25,88.11081850367775
0.0,t=0y,dK_1y,0.5y-greedy,r,0.045,4.5,88.10572778121536
0.0,t=0y,dK_1y,0.5y-greedy,r,0.0475,4.75,88.05404433712745
0.0,t=0y,dK_1y,0.5y-greedy,r,0.05,5.0,88.0580761294093
0.0,t=0y,dK_1y,0.5y-greedy,r,0.052500000000000005,5.250000000000001,88.15151042645033
0.0,t=0y,dK_1y,0.5y-greedy,r,0.05500000000000001,5.500000000000001,88.1411183373969
0.0,t=0y,dK_1y,0.5y-greedy,r,0.05750000000000001,5.750000000000001,87.76193741390455
0.0,t=0y,dK_1y,0.5y-greedy,r,0.06,6.0,89.3421583497053
0.0,t=0y,dK_1y,0.5y-greedy,r,0.0625,6.25,90.23055612516146
0.0,t=0y,dK_1y,0.5y-greedy,r,0.065,6.5,105.93560144394905
0.0,t=0y,dK_1y,0.5y-greedy,r,0.0675,6.75,109.32577255543288
0.0,t=0y,dK_1y,0.5y-greedy,r,0.07,7.000000000000001,96.41548805025593
0.0,t=0y,dK_1y,0.5y-greedy,r,0.07250000000000001,7.250000000000001,94.56581943648636
0.0,t=0y,dK_1y,0.5y-greedy,r,0.075,7.5,89.3503532738099
0.0,t=0y,dK_1y,0.5y-greedy,r,0.0775,7.75,83.3747791288866
0.0,t=0y,dK_1y,0.5y-greedy,r,0.08,8.0,77.31917144372682
0.0,t=0y,dK_1y,0.5y-greedy,K,-25.0,-25.0,88.12005607554386
0.0,t=0y,dK_1y,0.5y-greedy,K,-22.5,-22.5,88.12005607554386
0.0,t=0y,dK_1y,0.5y-greedy,K,-20.0,-20.0,88.12005607554386
0.0,t=0y,dK_1y,0.5y-greedy,K,-17.5,-17.5,88.12005607554386
0.0,t=0y,dK_1y,0.5y-greedy,K,-15.0,-15.0,88.12005607554386
0.0,t=0y,dK_1y,0.5y-greedy,K,-12.5,-12.5,88.12005607554386
0.0,t=0y,dK_1y,0.5y-greedy,K,-10.0,-10.0,88.12005607554386
0.0,t=0y,dK_1y,0.5y-greedy,K,-7.5,-7.5,88.12005607554386
0.0,t=0y,dK_1y,0.5y-greedy,K,-5.0,-5.0,88.12005607554386
0.0,t=0y,dK_1y,0.5y-greedy,K,-2.5,-2.5,88.12005607554386
0.0,t=0y,dK_1y,0.5y-greedy,K,0.0,0.0,88.12005607554386
0.0,t=0y,dK_1y,0.5y-greedy,K,2.5,2.5,88.12005607554386
0.0,t=0y,dK_1y,0.5y-greedy,K,5.0,5.0,88.12005607554386
0.0,t=0y,dK_1y,0.5y-greedy,K,7.5,7.5,88.12009009647045
0.0,t=0y,dK_1y,0.5y-greedy,K,10.0,10.0,116.40872791585545
0.0,t=0y,dK_1y,0.5y-greedy,K,12.5,12.5,89.1052628127017
0.0,t=0y,dK_1y,0.5y-greedy,K,15.0,15.0,88.13531616448903
0.0,t=0y,dK_1y,0.5y-greedy,K,17.5,17.5,88.12005597471509
0.0,t=0y,dK_1y,0.5y-greedy,K,20.0,20.0,88.12005607554386
0.0,t=0y,dK_1y,0.5y-greedy,K,22.5,22.5,88.12005607554386
0.0,t=0y,dK_1y,0.5y-greedy,K,25.0,25.0,88.12005607554386
0.0,t=0y,dK_1y,0.5y-greedy,K,27.5,27.5,88.12005607554386
0.0,t=0y,dK_1y,0.5y-greedy,K,30.0,30.0,88.12005607554386
0.0,t=0y,dK_1y,0.5y-greedy,K,32.5,32.5,88.12005607554386
0.0,t=0y,dK_1y,0.5y-greedy,K,35.0,35.0,88.12005607554384
0.0,t=0y,dK_1y,0.5y-greedy,q,0.0,0.0,-8.127611318957341e-05
0.0,t=0y,dK_1y,0.5y-greedy,q,5.0,5.0,4.406002476813219
0.0,t=0y,dK_1y,0.5y-greedy,q,10.0,10.0,8.812005297799043
0.0,t=0y,dK_1y,0.5y-greedy,q,15.0,15.0,13.218008118784866
0.0,t=0y,dK_1y,0.5y-greedy,q,20.0,20.0,17.62401093977069
0.0,t=0y,dK_1y,0.5y-greedy,q,25.0,25.0,22.030013760756507
0.0,t=0y,dK_1y,0.5y-greedy,q,30.0,30.0,26.436016587124975
0.0,t=0y,dK_1y,0.5y-greedy,q,35.0,35.0,30.842019570291725
0.0,t=0y,dK_1y,0.5y-greedy,q,40.0,40.0,35.24802574206335
0.0,t=0y,dK_1y,0.5y-greedy,q,45.0,45.0,39.65402504102459
0.0,t=0y,dK_1y,0.5y-greedy,q,50.0,50.0,44.06002786064418
0.0,t=0y,dK_1y,0.5y-greedy,q,55.0,55.0,48.46612166189878
0.0,t=0y,dK_1y,0.5y-greedy,q,60.0,60.0,52.87264291587665
0.0,t=0y,dK_1y,0.5y-greedy,q,65.0,65.0,57.282154371035176
0.0,t=0y,dK_1y,0.5y-greedy,q,70.0,70.0,61.686133447874276
0.0,t=0y,dK_1y,0.5y-greedy,q,75.0,75.0,66.09261683578227
0.0,t=0y,dK_1y,0.5y-greedy,q,80.0,80.0,70.51864897435566
0.0,t=0y,dK_1y,0.5y-greedy,q,85.0,85.0,75.02042649632305
0.0,t=0y,dK_1y,0.5y-greedy,q,90.0,90.0,79.69593545430939
0.0,t=0y,dK_1y,0.5y-greedy,q,95.0,95.0,84.0785385442044
0.0,t=0y,dK_1y,0.5y-greedy,q,100.0,100.0,88.5232948237741
0.0,t=0y,dK_1y,0.5y-greedy,q,105.0,105.0,93.68617712366944
0.0,t=0y,dK_1y,0.5y-greedy,q,110.0,110.0,100.75164616952611
0.0,t=0y,dK_1y,0.5y-greedy,q,115.0,115.0,112.87370079890718
0.0,t=0y,dK_1y,0.5y-greedy,q,120.0,120.0,120.1016904357467
0.0,t=0y,dK_1y,0.5y-greedy,q,125.0,125.0,125.11998110419387
0.0,t=0y,dK_1y,0.5y-greedy,q,130.0,130.0,135.77895508471127
0.0,t=0y,dK_1y,0.5y-greedy,q,135.0,135.0,142.14814148046744
0.0,t=0y,dK_1y,0.5y-greedy,q,140.0,140.0,157.81736415361752
0.0,t=0y,dK_1y,Optimal V,r,-0.03,-3.0,56.78611833682883
0.0,t=0y,dK_1y,Optimal V,r,-0.0275,-2.75,63.29266273864757
0.0,t=0y,dK_1y,Optimal V,r,-0.024999999999999998,-2.5,68.73099836255945
0.0,t=0y,dK_1y,Optimal V,r,-0.0225,-2.25,71.9541265317537
0.0,t=0y,dK_1y,Optimal V,r,-0.019999999999999997,-1.9999999999999998,74.19306773528785
0.0,t=0y,dK_1y,Optimal V,r,-0.017499999999999998,-1.7499999999999998,76.2624086926351
0.0,t=0y,dK_1y,Optimal V,r,-0.015,-1.5,78.98532132744558
0.0,t=0y,dK_1y,Optimal V,r,-0.012499999999999997,-1.2499999999999998,83.19491803299414
0.0,t=0y,dK_1y,Optimal V,r,-0.009999999999999998,-0.9999999999999999,86.0108030370717
0.0,t=0y,dK_1y,Optimal V,r,-0.0075,-0.75,85.19946802414547
0.0,t=0y,dK_1y,Optimal V,r,-0.0049999999999999975,-0.4999999999999998,95.85940018555985
0.0,t=0y,dK_1y,Optimal V,r,-0.0024999999999999988,-0.2499999999999999,104.29306865236998
0.0,t=0y,dK_1y,Optimal V,r,0.0,0.0,94.60142358988487
0.0,t=0y,dK_1y,Optimal V,r,0.0025000000000000022,0.2500000000000002,123.62580238111677
0.0,t=0y,dK_1y,Optimal V,r,0.0050000000000000044,0.5000000000000004,131.04997377964577
0.0,t=0y,dK_1y,Optimal V,r,0.0075,0.75,118.00653512511875
0.0,t=0y,dK_1y,Optimal V,r,0.010000000000000002,1.0000000000000002,118.75040415715917
0.0,t=0y,dK_1y,Optimal V,r,0.012500000000000004,1.2500000000000004,103.40029834811872
0.0,t=0y,dK_1y,Optimal V,r,0.015,1.5,98.94411100739458
0.0,t=0y,dK_1y,Optimal V,r,0.0175,1.7500000000000002,98.40781156787234
0.0,t=0y,dK_1y,Optimal V,r,0.020000000000000004,2.0000000000000004,108.67954652073699
0.0,t=0y,dK_1y,Optimal V,r,0.0225,2.25,114.25401984054048
0.0,t=0y,dK_1y,Optimal V,r,0.025,2.5,101.71408819334584
0.0,t=0y,dK_1y,Optimal V,r,0.027500000000000004,2.7500000000000004,93.25145376833777
0.0,t=0y,dK_1y,Optimal V,r,0.03,3.0,92.85500675392453
0.0,t=0y,dK_1y,Optimal V,r,0.0325,3.25,89.0150625616312
0.0,t=0y,dK_1y,Optimal V,r,0.035,3.5000000000000004,87.44701794991056
0.0,t=0y,dK_1y,Optimal V,r,0.037500000000000006,3.7500000000000004,82.40171590447092
0.0,t=0y,dK_1y,Optimal V,r,0.04000000000000001,4.000000000000001,80.25334066295898
0.0,t=0y,dK_1y,Optimal V,r,0.042499999999999996,4.25,86.70018476117335
0.0,t=0y,dK_1y,Optimal V,r,0.045,4.5,89.92063046920708
0.0,t=0y,dK_1y,Optimal V,r,0.0475,4.75,90.20351844152208
0.0,t=0y,dK_1y,Optimal V,r,0.05,5.0,92.26985785254033
0.0,t=0y,dK_1y,Optimal V,r,0.052500000000000005,5.250000000000001,92.90238078689822
0.0,t=0y,dK_1y,Optimal V,r,0.05500000000000001,5.500000000000001,92.8023500705479
0.0,t=0y,dK_1y,Optimal V,r,0.05750000000000001,5.750000000000001,90.71218811237284
0.0,t=0y,dK_1y,Optimal V,r,0.06,6.0,79.46429323446739
0.0,t=0y,dK_1y,Optimal V,r,0.0625,6.25,73.92627941437485
0.0,t=0y,dK_1y,Optimal V,r,0.065,6.5,88.44912741919109
0.0,t=0y,dK_1y,Optimal V,r,0.0675,6.75,98.3423996875166
0.0,t=0y,dK_1y,Optimal V,r,0.07,7.000000000000001,93.19440377127155
0.0,t=0y,dK_1y,Optimal V,r,0.07250000000000001,7.250000000000001,90.04591747641993
0.0,t=0y,dK_1y,Optimal V,r,0.075,7.5,91.55539652061762
0.0,t=0y,dK_1y,Optimal V,r,0.0775,7.75,85.49034625157256
0.0,t=0y,dK_1y,Optimal V,r,0.08,8.0,71.03889067644812
0.0,t=0y,dK_1y,Optimal V,K,-25.0,-25.0,67.05177076200698
0.0,t=0y,dK_1y,Optimal V,K,-22.5,-22.5,67.05177076200698
0.0,t=0y,dK_1y,Optimal V,K,-20.0,-20.0,67.05177076200698
0.0,t=0y,dK_1y,Optimal V,K,-17.5,-17.5,67.05177076200698
0.0,t=0y,dK_1y,Optimal V,K,-15.0,-15.0,67.05177076200698
0.0,t=0y,dK_1y,Optimal V,K,-12.5,-12.5,67.05177076200698
0.0,t=0y,dK_1y,Optimal V,K,-10.0,-10.0,67.05177076200698
0.0,t=0y,dK_1y,Optimal V,K,-7.5,-7.5,67.05177076200698
0.0,t=0y,dK_1y,Optimal V,K,-5.0,-5.0,67.05177076200698
0.0,t=0y,dK_1y,Optimal V,K,-2.5,-2.5,67.05177076200698
0.0,t=0y,dK_1y,Optimal V,K,0.0,0.0,67.05177076200698
0.0,t=0y,dK_1y,Optimal V,K,2.5,2.5,67.05177076200698
0.0,t=0y,dK_1y,Optimal V,K,5.0,5.0,67.05177076200698
0.0,t=0y,dK_1y,Optimal V,K,7.5,7.5,88.96344430299303
0.0,t=0y,dK_1y,Optimal V,K,10.0,10.0,128.45757173631654
0.0,t=0y,dK_1y,Optimal V,K,12.5,12.5,118.05984511690954
0.0,t=0y,dK_1y,Optimal V,K,15.0,15.0,90.81691691097005
0.0,t=0y,dK_1y,Optimal V,K,17.5,17.5,96.03491918592611
0.0,t=0y,dK_1y,Optimal V,K,20.0,20.0,96.1870399467102
0.0,t=0y,dK_1y,Optimal V,K,22.5,22.5,96.18850500890542
0.0,t=0y,dK_1y,Optimal V,K,25.0,25.0,96.18850298952574
0.0,t=0y,dK_1y,Optimal V,K,27.5,27.5,96.18850298952574
0.0,t=0y,dK_1y,Optimal V,K,30.0,30.0,96.18850298952574
0.0,t=0y,dK_1y,Optimal V,K,32.5,32.5,96.18850298952574
0.0,t=0y,dK_1y,Optimal V,K,35.0,35.0,96.18850298952574
0.0,t=0y,dK_1y,Optimal V,q,0.0,0.0,-7.954217594770919
0.0,t=0y,dK_1y,Optimal V,q,5.0,5.0,-2.5927246527793493
0.0,t=0y,dK_1y,Optimal V,q,10.0,10.0,2.7306318358023667
0.0,t=0y,dK_1y,Optimal V,q,15.0,15.0,7.735419824116899
0.0,t=0y,dK_1y,Optimal V,q,20.0,20.0,10.881256181597898
0.0,t=0y,dK_1y,Optimal V,q,25.0,25.0,14.208571341516205
0.0,t=0y,dK_1y,Optimal V,q,30.0,30.0,18.60963721034216
0.0,t=0y,dK_1y,Optimal V,q,35.0,35.0,23.00185250590455
0.0,t=0y,dK_1y,Optimal V,q,40.0,40.0,32.73474501635667
0.0,t=0y,dK_1y,Optimal V,q,45.0,45.0,38.97937829458582
0.0,t=0y,dK_1y,Optimal V,q,50.0,50.0,43.952638105834495
0.0,t=0y,dK_1y,Optimal V,q,55.0,55.0,48.38705176904263
0.0,t=0y,dK_1y,Optimal V,q,60.0,60.0,53.30406493700026
0.0,t=0y,dK_1y,Optimal V,q,65.0,65.0,59.43798358407713
0.0,t=0y,dK_1y,Optimal V,q,70.0,70.0,64.34884896551533
0.0,t=0y,dK_1y,Optimal V,q,75.0,75.0,69.40712148015112
0.0,t=0y,dK_1y,Optimal V,q,80.0,80.0,77.73543561997764
0.0,t=0y,dK_1y,Optimal V,q,85.0,85.0,80.7496771308541
0.0,t=0y,dK_1y,Optimal V,q,90.0,90.0,84.84205360943491
0.0,t=0y,dK_1y,Optimal V,q,95.0,95.0,96.42043014536611
0.0,t=0y,dK_1y,Optimal V,q,100.0,100.0,101.71408819334584
0.0,t=0y,dK_1y,Optimal V,q,105.0,105.0,108.18332940036612
0.0,t=0y,dK_1y,Optimal V,q,110.0,110.0,117.79235758763585
0.0,t=0y,dK_1y,Optimal V,q,115.0,115.0,125.49711351528806
0.0,t=0y,dK_1y,Optimal V,q,120.0,120.0,159.93049632065194
0.0,t=0y,dK_1y,Optimal V,q,125.0,125.0,162.27688665162285
0.0,t=0y,dK_1y,Optimal V,q,130.0,130.0,159.4634255646514
0.0,t=0y,dK_1y,Optimal V,q,135.0,135.0,161.55564117602927
0.0,t=0y,dK_1y,Optimal V,q,140.0,140.0,196.60681475572994
0.0,t=0y,dK_3y,Passive q,r,-0.03,-3.0,224.95666033477445
0.0,t=0y,dK_3y,Passive q,r,-0.0275,-2.75,258.6052266288607
0.0,t=0y,dK_3y,Passive q,r,-0.024999999999999998,-2.5,288.03056832261325
0.0,t=0y,dK_3y,Passive q,r,-0.0225,-2.25,305.2199319255228
0.0,t=0y,dK_3y,Passive q,r,-0.019999999999999997,-1.9999999999999998,313.1288327530031
0.0,t=0y,dK_3y,Passive q,r,-0.017499999999999998,-1.7499999999999998,319.3404180603334
0.0,t=0y,dK_3y,Passive q,r,-0.015,-1.5,323.8858980835854
0.0,t=0y,dK_3y,Passive q,r,-0.012499999999999997,-1.2499999999999998,326.5125223067405
0.0,t=0y,dK_3y,Passive q,r,-0.009999999999999998,-0.9999999999999999,327.7707435865934
0.0,t=0y,dK_3y,Passive q,r,-0.0075,-0.75,327.6730011956544
0.0,t=0y,dK_3y,Passive q,r,-0.0049999999999999975,-0.4999999999999998,326.16193527298003
0.0,t=0y,dK_3y,Passive q,r,-0.0024999999999999988,-0.2499999999999999,323.2563767185419
0.0,t=0y,dK_3y,Passive q,r,0.0,0.0,319.0876503994034
0.0,t=0y,dK_3y,Passive q,r,0.0025000000000000022,0.2500000000000002,313.57042176385505
0.0,t=0y,dK_3y,Passive q,r,0.0050000000000000044,0.5000000000000004,306.52247184650355
0.0,t=0y,dK_3y,Passive q,r,0.0075,0.75,298.19304176429705
0.0,t=0y,dK_3y,Passive q,r,0.010000000000000002,1.0000000000000002,289.1782826442899
0.0,t=0y,dK_3y,Passive q,r,0.012500000000000004,1.2500000000000004,279.3660876349471
0.0,t=0y,dK_3y,Passive q,r,0.015,1.5,268.02841879916207
0.0,t=0y,dK_3y,Passive q,r,0.0175,1.7500000000000002,255.97169876428202
0.0,t=0y,dK_3y,Passive q,r,0.020000000000000004,2.0000000000000004,245.29495337392348
0.0,t=0y,dK_3y,Passive q,r,0.0225,2.25,235.41172725878516
0.0,t=0y,dK_3y,Passive q,r,0.025,2.5,222.24866485454163
0.0,t=0y,dK_3y,Passive q,r,0.027500000000000004,2.7500000000000004,212.07352711637625
0.0,t=0y,dK_3y,Passive q,r,0.03,3.0,208.14896463643942
0.0,t=0y,dK_3y,Passive q,r,0.0325,3.25,204.3958882633986
0.0,t=0y,dK_3y,Passive q,r,0.035,3.5000000000000004,201.02332029677524
0.0,t=0y,dK_3y,Passive q,r,0.037500000000000006,3.7500000000000004,198.8774289529615
0.0,t=0y,dK_3y,Passive q,r,0.04000000000000001,4.000000000000001,197.5670497566407
0.0,t=0y,dK_3y,Passive q,r,0.042499999999999996,4.25,196.50024953075433
0.0,t=0y,dK_3y,Passive q,r,0.045,4.5,195.64819008621353
0.0,t=0y,dK_3y,Passive q,r,0.0475,4.75,195.0781034969341
0.0,t=0y,dK_3y,Passive q,r,0.05,5.0,194.6929927950076
0.0,t=0y,dK_3y,Passive q,r,0.052500000000000005,5.250000000000001,194.3812211612377
0.0,t=0y,dK_3y,Passive q,r,0.05500000000000001,5.500000000000001,194.10314642432115
0.0,t=0y,dK_3y,Passive q,r,0.05750000000000001,5.750000000000001,193.82852022555022
0.0,t=0y,dK_3y,Passive q,r,0.06,6.0,193.488750893766
0.0,t=0y,dK_3y,Passive q,r,0.0625,6.25,192.94730257017213
0.0,t=0y,dK_3y,Passive q,r,0.065,6.5,192.06553058152912
0.0,t=0y,dK_3y,Passive q,r,0.0675,6.75,190.3952550172624
0.0,t=0y,dK_3y,Passive q,r,0.07,7.000000000000001,187.96927548700484
0.0,t=0y,dK_3y,Passive q,r,0.07250000000000001,7.250000000000001,184.6154658393147
0.0,t=0y,dK_3y,Passive q,r,0.075,7.5,175.27352638657675
0.0,t=0y,dK_3y,Passive q,r,0.0775,7.75,157.87354963849626
0.0,t=0y,dK_3y,Passive q,r,0.08,8.0,137.63575761148638
0.0,t=0y,dK_3y,Passive q,K,-25.0,-25.0,193.9739772544458
0.0,t=0y,dK_3y,Passive q,K,-22.5,-22.5,193.9739772544458
0.0,t=0y,dK_3y,Passive q,K,-20.0,-20.0,193.9739772544458
0.0,t=0y,dK_3y,Passive q,K,-17.5,-17.5,193.9739772544458
0.0,t=0y,dK_3y,Passive q,K,-15.0,-15.0,193.9739772544458
0.0,t=0y,dK_3y,Passive q,K,-12.5,-12.5,193.9739772544458
0.0,t=0y,dK_3y,Passive q,K,-10.0,-10.0,193.97397725444625
0.0,t=0y,dK_3y,Passive q,K,-7.5,-7.5,193.97397725445353
0.0,t=0y,dK_3y,Passive q,K,-5.0,-5.0,193.97397725507744
0.0,t=0y,dK_3y,Passive q,K,-2.5,-2.5,193.9739772856933
0.0,t=0y,dK_3y,Passive q,K,0.0,0.0,193.9739783177224
0.0,t=0y,dK_3y,Passive q,K,2.5,2.5,193.97400453484988
0.0,t=0y,dK_3y,Passive q,K,5.0,5.0,193.97455905767902
0.0,t=0y,dK_3y,Passive q,K,7.5,7.5,193.9871569790107
0.0,t=0y,dK_3y,Passive q,K,10.0,10.0,393.9923283779714
0.0,t=0y,dK_3y,Passive q,K,12.5,12.5,244.85904970972507
0.0,t=0y,dK_3y,Passive q,K,15.0,15.0,207.17507495108603
0.0,t=0y,dK_3y,Passive q,K,17.5,17.5,197.03007440404758
0.0,t=0y,dK_3y,Passive q,K,20.0,20.0,194.5789001492298
0.0,t=0y,dK_3y,Passive q,K,22.5,22.5,194.07296841904702
0.0,t=0y,dK_3y,Passive q,K,25.0,25.0,193.98684724628941
0.0,t=0y,dK_3y,Passive q,K,27.5,27.5,193.97523437376827
0.0,t=0y,dK_3y,Passive q,K,30.0,30.0,193.97406165839914
0.0,t=0y,dK_3y,Passive q,K,32.5,32.5,193.97398055466314
0.0,t=0y,dK_3y,Passive q,K,35.0,35.0,193.97397730406678
0.0,t=0y,dK_3y,Passive q,q,0.0,0.0,0.0
0.0,t=0y,dK_3y,Passive q,q,5.0,5.0,9.698699024230578
0.0,t=0y,dK_3y,Passive q,q,10.0,10.0,19.39740275746906
0.0,t=0y,dK_3y,Passive q,q,15.0,15.0,29.09613378569028
0.0,t=0y,dK_3y,Passive q,q,20.0,20.0,38.794948010658345
0.0,t=0y,dK_3y,Passive q,q,25.0,25.0,48.493947357229146
0.0,t=0y,dK_3y,Passive q,q,30.0,30.0,58.210830979370655
0.0,t=0y,dK_3y,Passive q,q,35.0,35.0,67.92455453550537
0.0,t=0y,dK_3y,Passive q,q,40.0,40.0,77.64556535324289
0.0,t=0y,dK_3y,Passive q,q,45.0,45.0,87.37566515434987
0.0,t=0y,dK_3y,Passive q,q,50.0,50.0,97.11674356662404
0.0,t=0y,dK_3y,Passive q,q,55.0,55.0,108.122629921053
0.0,t=0y,dK_3y,Passive q,q,60.0,60.0,118.21148523045913
0.0,t=0y,dK_3y,Passive q,q,65.0,65.0,128.35774111649823
0.0,t=0y,dK_3y,Passive q,q,70.0,70.0,138.56311187631243
0.0,t=0y,dK_3y,Passive q,q,75.0,75.0,148.8289340455945
0.0,t=0y,dK_3y,Passive q,q,80.0,80.0,174.23952354754937
0.0,t=0y,dK_3y,Passive q,q,85.0,85.0,186.12400711086735
0.0,t=0y,dK_3y,Passive q,q,90.0,90.0,198.0906299752441
0.0,t=0y,dK_3y,Passive q,q,95.0,95.0,210.1339468007254
0.0,t=0y,dK_3y,Passive q,q,100.0,100.0,222.24866485454163
0.0,t=0y,dK_3y,Passive q,q,105.0,105.0,319.6075043431936
0.0,t=0y,dK_3y,Passive q,q,110.0,110.0,334.65954754278596
0.0,t=0y,dK_3y,Passive q,q,115.0,115.0,349.66660888950696
0.0,t=0y,dK_3y,Passive q,q,120.0,120.0,364.6268378924148
0.0,t=0y,dK_3y,Passive q,q,125.0,125.0,379.53893414694664
0.0,t=0y,dK_3y,Passive q,q,130.0,130.0,398.70348096675673
0.0,t=0y,dK_3y,Passive q,q,135.0,135.0,412.54856811087444
0.0,t=0y,dK_3y,Passive q,q,140.0,140.0,426.33493104388975
0.0,t=0y,dK_3y,CAR-target,r,-0.03,-3.0,140.84804914991182
0.0,t=0y,dK_3y,CAR-target,r,-0.0275,-2.75,168.17623207686609
0.0,t=0y,dK_3y,CAR-target,r,-0.024999999999999998,-2.5,194.0789505759134
0.0,t=0y,dK_3y,CAR-target,r,-0.0225,-2.25,214.52060860148703
0.0,t=0y,dK_3y,CAR-target,r,-0.019999999999999997,-1.9999999999999998,230.3352184645583
0.0,t=0y,dK_3y,CAR-target,r,-0.017499999999999998,-1.7499999999999998,245.67438789092893
0.0,t=0y,dK_3y,CAR-target,r,-0.015,-1.5,261.3116028671241
0.0,t=0y,dK_3y,CAR-target,r,-0.012499999999999997,-1.2499999999999998,277.564734342522
0.0,t=0y,dK_3y,CAR-target,r,-0.009999999999999998,-0.9999999999999999,294.0177287488802
0.0,t=0y,dK_3y,CAR-target,r,-0.0075,-0.75,310.4713865086589
0.0,t=0y,dK_3y,CAR-target,r,-0.0049999999999999975,-0.4999999999999998,327.509658190115
0.0,t=0y,dK_3y,CAR-target,r,-0.0024999999999999988,-0.2499999999999999,344.57544421833853
0.0,t=0y,dK_3y,CAR-target,r,0.0,0.0,361.3115368347013
0.0,t=0y,dK_3y,CAR-target,r,0.0025000000000000022,0.2500000000000002,377.28104205333904
0.0,t=0y,dK_3y,CAR-target,r,0.0050000000000000044,0.5000000000000004,391.1408025638086
0.0,t=0y,dK_3y,CAR-target,r,0.0075,0.75,402.8670554486815
0.0,t=0y,dK_3y,CAR-target,r,0.010000000000000002,1.0000000000000002,413.936788198076
0.0,t=0y,dK_3y,CAR-target,r,0.012500000000000004,1.2500000000000004,423.7925974417969
0.0,t=0y,dK_3y,CAR-target,r,0.015,1.5,428.40411964992484
0.0,t=0y,dK_3y,CAR-target,r,0.0175,1.7500000000000002,427.0033809291702
0.0,t=0y,dK_3y,CAR-target,r,0.020000000000000004,2.0000000000000004,425.947725325075
0.0,t=0y,dK_3y,CAR-target,r,0.0225,2.25,426.49737185053016
0.0,t=0y,dK_3y,CAR-target,r,0.025,2.5,416.1480723314555
0.0,t=0y,dK_3y,CAR-target,r,0.027500000000000004,2.7500000000000004,399.9091516453492
0.0,t=0y,dK_3y,CAR-target,r,0.03,3.0,388.613565367634
0.0,t=0y,dK_3y,CAR-target,r,0.0325,3.25,375.8636959120667
0.0,t=0y,dK_3y,CAR-target,r,0.035,3.5000000000000004,360.79591604790915
0.0,t=0y,dK_3y,CAR-target,r,0.037500000000000006,3.7500000000000004,344.99583653421786
0.0,t=0y,dK_3y,CAR-target,r,0.04000000000000001,4.000000000000001,328.59197755233646
0.0,t=0y,dK_3y,CAR-target,r,0.042499999999999996,4.25,313.8273699080213
0.0,t=0y,dK_3y,CAR-target,r,0.045,4.5,302.1288662273335
0.0,t=0y,dK_3y,CAR-target,r,0.0475,4.75,291.57867379778247
0.0,t=0y,dK_3y,CAR-target,r,0.05,5.0,281.9829436657428
0.0,t=0y,dK_3y,CAR-target,r,0.052500000000000005,5.250000000000001,275.07961292650026
0.0,t=0y,dK_3y,CAR-target,r,0.05500000000000001,5.500000000000001,270.3532604928497
0.0,t=0y,dK_3y,CAR-target,r,0.05750000000000001,5.750000000000001,266.61091120501044
0.0,t=0y,dK_3y,CAR-target,r,0.06,6.0,263.36291819852465
0.0,t=0y,dK_3y,CAR-target,r,0.0625,6.25,260.6378302094113
0.0,t=0y,dK_3y,CAR-target,r,0.065,6.5,258.12723209032293
0.0,t=0y,dK_3y,CAR-target,r,0.0675,6.75,254.87422260908372
0.0,t=0y,dK_3y,CAR-target,r,0.07,7.000000000000001,250.78975915116646
0.0,t=0y,dK_3y,CAR-target,r,0.07250000000000001,7.250000000000001,245.63619378816873
0.0,t=0y,dK_3y,CAR-target,r,0.075,7.5,232.54274630060763
0.0,t=0y,dK_3y,CAR-target,r,0.0775,7.75,208.65681679244778
0.0,t=0y,dK_3y,CAR-target,r,0.08,8.0,180.97157336604954
0.0,t=0y,dK_3y,CAR-target,K,-25.0,-25.0,90.70488668528424
0.0,t=0y,dK_3y,CAR-target,K,-22.5,-22.5,90.70488668528424
0.0,t=0y,dK_3y,CAR-target,K,-20.0,-20.0,90.70488668528424
0.0,t=0y,dK_3y,CAR-target,K,-17.5,-17.5,90.70488668528424
0.0,t=0y,dK_3y,CAR-target,K,-15.0,-15.0,90.70488668528424
0.0,t=0y,dK_3y,CAR-target,K,-12.5,-12.5,90.70488668528424
0.0,t=0y,dK_3y,CAR-target,K,-10.0,-10.0,90.70488668528424
0.0,t=0y,dK_3y,CAR-target,K,-7.5,-7.5,90.70488668528424
0.0,t=0y,dK_3y,CAR-target,K,-5.0,-5.0,90.70488668528424
0.0,t=0y,dK_3y,CAR-target,K,-2.5,-2.5,90.70488668528424
0.0,t=0y,dK_3y,CAR-target,K,0.0,0.0,90.70488668528424
0.0,t=0y,dK_3y,CAR-target,K,2.5,2.5,91.5732736833238
0.0,t=0y,dK_3y,CAR-target,K,5.0,5.0,109.24113400017359
0.0,t=0y,dK_3y,CAR-target,K,7.5,7.5,202.51163605848478
0.0,t=0y,dK_3y,CAR-target,K,10.0,10.0,372.80608072829256
0.0,t=0y,dK_3y,CAR-target,K,12.5,12.5,441.3519767859899
0.0,t=0y,dK_3y,CAR-target,K,15.0,15.0,399.34546936176594
0.0,t=0y,dK_3y,CAR-target,K,17.5,17.5,372.52576201893095
0.0,t=0y,dK_3y,CAR-target,K,20.0,20.0,321.9985187356283
0.0,t=0y,dK_3y,CAR-target,K,22.5,22.5,281.96458542005763
0.0,t=0y,dK_3y,CAR-target,K,25.0,25.0,265.1327478467508
0.0,t=0y,dK_3y,CAR-target,K,27.5,27.5,259.52404571554223
0.0,t=0y,dK_3y,CAR-target,K,30.0,30.0,257.88073040645565
0.0,t=0y,dK_3y,CAR-target,K,32.5,32.5,257.4763489438292
0.0,t=0y,dK_3y,CAR-target,K,35.0,35.0,257.3967057656141
0.0,t=0y,dK_3y,CAR-target,q,0.0,0.0,106.410804796452
0.0,t=0y,dK_3y,CAR-target,q,5.0,5.0,116.78072144138417
0.0,t=0y,dK_3y,CAR-target,q,10.0,10.0,128.5677905681253
0.0,t=0y,dK_3y,CAR-target,q,15.0,15.0,138.5945264519101
0.0,t=0y,dK_3y,CAR-target,q,20.0,20.0,151.8177050135947
0.0,t=0y,dK_3y,CAR-target,q,25.0,25.0,162.98170248407894
0.0,t=0y,dK_3y,CAR-target,q,30.0,30.0,178.55553488383566
0.0,t=0y,dK_3y,CAR-target,q,35.0,35.0,189.14958034031875
0.0,t=0y,dK_3y,CAR-target,q,40.0,40.0,206.92331413408613
0.0,t=0y,dK_3y,CAR-target,q,45.0,45.0,217.65917616627837
0.0,t=0y,dK_3y,CAR-target,q,50.0,50.0,236.9326493512602
0.0,t=0y,dK_3y,CAR-target,q,55.0,55.0,249.07419889090707
0.0,t=0y,dK_3y,CAR-target,q,60.0,60.0,267.5178985462169
0.0,t=0y,dK_3y,CAR-target,q,65.0,65.0,283.6143327145629
0.0,t=0y,dK_3y,CAR-target,q,70.0,70.0,298.3384630577693
0.0,t=0y,dK_3y,CAR-target,q,75.0,75.0,318.36990666008865
0.0,t=0y,dK_3y,CAR-target,q,80.0,80.0,328.15108184994796
0.0,t=0y,dK_3y,CAR-target,q,85.0,85.0,355.80596204179386
0.0,t=0y,dK_3y,CAR-target,q,90.0,90.0,364.9663247403946
0.0,t=0y,dK_3y,CAR-target,q,95.0,95.0,403.1078491658638
0.0,t=0y,dK_3y,CAR-target,q,100.0,100.0,416.1480723314555
0.0,t=0y,dK_3y,CAR-target,q,105.0,105.0,453.45765817664505
0.0,t=0y,dK_3y,CAR-target,q,110.0,110.0,466.3076844945497
0.0,t=0y,dK_3y,CAR-target,q,115.0,115.0,476.1033036114054
0.0,t=0y,dK_3y,CAR-target,q,120.0,120.0,508.25756784060127
0.0,t=0y,dK_3y,CAR-target,q,125.0,125.0,497.375308740331
0.0,t=0y,dK_3y,CAR-target,q,130.0,130.0,554.0918647126172
0.0,t=0y,dK_3y,CAR-target,q,135.0,135.0,548.771775980666
0.0,t=0y,dK_3y,CAR-target,q,140.0,140.0,512.3954466363898
0.0,t=0y,dK_3y,MtM-band,r,-0.03,-3.0,111.86644282303114
0.0,t=0y,dK_3y,MtM-band,r,-0.0275,-2.75,124.69455711477977
0.0,t=0y,dK_3y,MtM-band,r,-0.024999999999999998,-2.5,135.02215950107927
0.0,t=0y,dK_3y,MtM-band,r,-0.0225,-2.25,139.2523978046223
0.0,t=0y,dK_3y,MtM-band,r,-0.019999999999999997,-1.9999999999999998,140.2301076549266
0.0,t=0y,dK_3y,MtM-band,r,-0.017499999999999998,-1.7499999999999998,141.49560128776454
0.0,t=0y,dK_3y,MtM-band,r,-0.015,-1.5,141.17533194682932
0.0,t=0y,dK_3y,MtM-band,r,-0.012499999999999997,-1.2499999999999998,139.2693164159128
0.0,t=0y,dK_3y,MtM-band,r,-0.009999999999999998,-0.9999999999999999,139.75262582237906
0.0,t=0y,dK_3y,MtM-band,r,-0.0075,-0.75,142.6905200608416
0.0,t=0y,dK_3y,MtM-band,r,-0.0049999999999999975,-0.4999999999999998,141.38768884566906
0.0,t=0y,dK_3y,MtM-band,r,-0.0024999999999999988,-0.2499999999999999,136.75878061284874
0.0,t=0y,dK_3y,MtM-band,r,0.0,0.0,139.3184577029001
0.0,t=0y,dK_3y,MtM-band,r,0.0025000000000000022,0.2500000000000002,145.13683856044952
0.0,t=0y,dK_3y,MtM-band,r,0.0050000000000000044,0.5000000000000004,141.43438748900724
0.0,t=0y,dK_3y,MtM-band,r,0.0075,0.75,139.39245583426606
0.0,t=0y,dK_3y,MtM-band,r,0.010000000000000002,1.0000000000000002,147.08379850057992
0.0,t=0y,dK_3y,MtM-band,r,0.012500000000000004,1.2500000000000004,147.70490379366294
0.0,t=0y,dK_3y,MtM-band,r,0.015,1.5,141.8012599567564
0.0,t=0y,dK_3y,MtM-band,r,0.0175,1.7500000000000002,164.8786481361774
0.0,t=0y,dK_3y,MtM-band,r,0.020000000000000004,2.0000000000000004,177.06932679142773
0.0,t=0y,dK_3y,MtM-band,r,0.0225,2.25,131.8711131479956
0.0,t=0y,dK_3y,MtM-band,r,0.025,2.5,133.75837917615615
0.0,t=0y,dK_3y,MtM-band,r,0.027500000000000004,2.7500000000000004,151.51201615554743
0.0,t=0y,dK_3y,MtM-band,r,0.03,3.0,46.477940393672554
0.0,t=0y,dK_3y,MtM-band,r,0.0325,3.25,16.96954070924304
0.0,t=0y,dK_3y,MtM-band,r,0.035,3.5000000000000004,83.90256310662181
0.0,t=0y,dK_3y,MtM-band,r,0.037500000000000006,3.7500000000000004,83.83823152052634
0.0,t=0y,dK_3y,MtM-band,r,0.04000000000000001,4.000000000000001,68.28241632908232
0.0,t=0y,dK_3y,MtM-band,r,0.042499999999999996,4.25,67.0853411883256
0.0,t=0y,dK_3y,MtM-band,r,0.045,4.5,73.69827933598717
0.0,t=0y,dK_3y,MtM-band,r,0.0475,4.75,72.78280942218991
0.0,t=0y,dK_3y,MtM-band,r,0.05,5.0,72.13894117236188
0.0,t=0y,dK_3y,MtM-band,r,0.052500000000000005,5.250000000000001,73.84184788933672
0.0,t=0y,dK_3y,MtM-band,r,0.05500000000000001,5.500000000000001,74.46750459893532
0.0,t=0y,dK_3y,MtM-band,r,0.05750000000000001,5.750000000000001,73.63378592222111
0.0,t=0y,dK_3y,MtM-band,r,0.06,6.0,74.78393259856959
0.0,t=0y,dK_3y,MtM-band,r,0.0625,6.25,76.90828856836849
0.0,t=0y,dK_3y,MtM-band,r,0.065,6.5,77.06810984384381
0.0,t=0y,dK_3y,MtM-band,r,0.0675,6.75,76.24969142891003
0.0,t=0y,dK_3y,MtM-band,r,0.07,7.000000000000001,76.47531413402984
0.0,t=0y,dK_3y,MtM-band,r,0.07250000000000001,7.250000000000001,77.04932506372538
0.0,t=0y,dK_3y,MtM-band,r,0.075,7.5,74.5015408013497
0.0,t=0y,dK_3y,MtM-band,r,0.0775,7.75,68.26560899536835
0.0,t=0y,dK_3y,MtM-band,r,0.08,8.0,60.97960679049573
0.0,t=0y,dK_3y,MtM-band,K,-25.0,-25.0,122.76545326224232
0.0,t=0y,dK_3y,MtM-band,K,-22.5,-22.5,122.76545326224232
0.0,t=0y,dK_3y,MtM-band,K,-20.0,-20.0,122.76545326224232
0.0,t=0y,dK_3y,MtM-band,K,-17.5,-17.5,122.76545326224232
0.0,t=0y,dK_3y,MtM-band,K,-15.0,-15.0,122.76545326224232
0.0,t=0y,dK_3y,MtM-band,K,-12.5,-12.5,122.76545326224232
0.0,t=0y,dK_3y,MtM-band,K,-10.0,-10.0,122.76545326224232
0.0,t=0y,dK_3y,MtM-band,K,-7.5,-7.5,122.76545326224232
0.0,t=0y,dK_3y,MtM-band,K,-5.0,-5.0,122.76545326224232
0.0,t=0y,dK_3y,MtM-band,K,-2.5,-2.5,122.76545326224232
0.0,t=0y,dK_3y,MtM-band,K,0.0,0.0,122.76545326224232
0.0,t=0y,dK_3y,MtM-band,K,2.5,2.5,122.83483391203026
0.0,t=0y,dK_3y,MtM-band,K,5.0,5.0,127.71256424194098
0.0,t=0y,dK_3y,MtM-band,K,7.5,7.5,169.09907630974385
0.0,t=0y,dK_3y,MtM-band,K,10.0,10.0,278.2068480323953
0.0,t=0y,dK_3y,MtM-band,K,12.5,12.5,146.74589589605336
0.0,t=0y,dK_3y,MtM-band,K,15.0,15.0,125.10003469622467
0.0,t=0y,dK_3y,MtM-band,K,17.5,17.5,122.95130213911006
0.0,t=0y,dK_3y,MtM-band,K,20.0,20.0,122.7770320110368
0.0,t=0y,dK_3y,MtM-band,K,22.5,22.5,122.76595239331203
0.0,t=0y,dK_3y,MtM-band,K,25.0,25.0,122.76546701708071
0.0,t=0y,dK_3y,MtM-band,K,27.5,27.5,122.76545348233225
0.0,t=0y,dK_3y,MtM-band,K,30.0,30.0,122.76545326386241
0.0,t=0y,dK_3y,MtM-band,K,32.5,32.5,122.76545326224345
0.0,t=0y,dK_3y,MtM-band,K,35.0,35.0,122.76545326224175
0.0,t=0y,dK_3y,MtM-band,q,0.0,0.0,0.0
0.0,t=0y,dK_3y,MtM-band,q,5.0,5.0,9.698699024230578
0.0,t=0y,dK_3y,MtM-band,q,10.0,10.0,19.397214937732617
0.0,t=0y,dK_3y,MtM-band,q,15.0,15.0,29.039027775327853
0.0,t=0y,dK_3y,MtM-band,q,20.0,20.0,38.169273085684154
0.0,t=0y,dK_3y,MtM-band,q,25.0,25.0,46.14964039909543
0.0,t=0y,dK_3y,MtM-band,q,30.0,30.0,52.55841334548524
0.0,t=0y,dK_3y,MtM-band,q,35.0,35.0,58.3948502286117
0.0,t=0y,dK_3y,MtM-band,q,40.0,40.0,62.77600522552464
0.0,t=0y,dK_3y,MtM-band,q,45.0,45.0,68.16689735259956
0.0,t=0y,dK_3y,MtM-band,q,50.0,50.0,70.70712339978117
0.0,t=0y,dK_3y,MtM-band,q,55.0,55.0,80.04863219724041
0.0,t=0y,dK_3y,MtM-band,q,60.0,60.0,77.89636041638995
0.0,t=0y,dK_3y,MtM-band,q,65.0,65.0,80.62116346214441
0.0,t=0y,dK_3y,MtM-band,q,70.0,70.0,85.2168388972081
0.0,t=0y,dK_3y,MtM-band,q,75.0,75.0,89.3388376585366
0.0,t=0y,dK_3y,MtM-band,q,80.0,80.0,97.23108638987398
0.0,t=0y,dK_3y,MtM-band,q,85.0,85.0,104.00151194705089
0.0,t=0y,dK_3y,MtM-band,q,90.0,90.0,111.34869392100947
0.0,t=0y,dK_3y,MtM-band,q,95.0,95.0,120.80149334508118
0.0,t=0y,dK_3y,MtM-band,q,100.0,100.0,133.75837917615615
0.0,t=0y,dK_3y,MtM-band,q,105.0,105.0,157.28551164282962
0.0,t=0y,dK_3y,MtM-band,q,110.0,110.0,183.61954988844963
0.0,t=0y,dK_3y,MtM-band,q,115.0,115.0,214.4987376391496
0.0,t=0y,dK_3y,MtM-band,q,120.0,120.0,237.20094227772682
0.0,t=0y,dK_3y,MtM-band,q,125.0,125.0,270.8690170597527
0.0,t=0y,dK_3y,MtM-band,q,130.0,130.0,299.7607134399364
0.0,t=0y,dK_3y,MtM-band,q,135.0,135.0,324.1150732811068
0.0,t=0y,dK_3y,MtM-band,q,140.0,140.0,344.3912306705869
0.0,t=0y,dK_3y,0.5y-greedy,r,-0.03,-3.0,41.818314415115765
0.0,t=0y,dK_3y,0.5y-greedy,r,-0.0275,-2.75,101.23001261848803
0.0,t=0y,dK_3y,0.5y-greedy,r,-0.024999999999999998,-2.5,158.88374545243124
0.0,t=0y,dK_3y,0.5y-greedy,r,-0.0225,-2.25,126.3279514996138
0.0,t=0y,dK_3y,0.5y-greedy,r,-0.019999999999999997,-1.9999999999999998,51.06403224287965
0.0,t=0y,dK_3y,0.5y-greedy,r,-0.017499999999999998,-1.7499999999999998,-100.42250372302942
0.0,t=0y,dK_3y,0.5y-greedy,r,-0.015,-1.5,1.8406210551339868
0.0,t=0y,dK_3y,0.5y-greedy,r,-0.012499999999999997,-1.2499999999999998,234.13066564038942
0.0,t=0y,dK_3y,0.5y-greedy,r,-0.009999999999999998,-0.9999999999999999,266.4936343482336
0.0,t=0y,dK_3y,0.5y-greedy,r,-0.0075,-0.75,305.3404669826749
0.0,t=0y,dK_3y,0.5y-greedy,r,-0.0049999999999999975,-0.4999999999999998,309.2977088299463
0.0,t=0y,dK_3y,0.5y-greedy,r,-0.0024999999999999988,-0.2499999999999999,313.10369836985944
0.0,t=0y,dK_3y,0.5y-greedy,r,0.0,0.0,312.6245823822921
0.0,t=0y,dK_3y,0.5y-greedy,r,0.0025000000000000022,0.2500000000000002,309.96793161406623
0.0,t=0y,dK_3y,0.5y-greedy,r,0.0050000000000000044,0.5000000000000004,304.2027252000448
0.0,t=0y,dK_3y,0.5y-greedy,r,0.0075,0.75,296.86278513519926
0.0,t=0y,dK_3y,0.5y-greedy,r,0.010000000000000002,1.0000000000000002,288.3153898414609
0.0,t=0y,dK_3y,0.5y-greedy,r,0.012500000000000004,1.2500000000000004,278.8163930649397
0.0,t=0y,dK_3y,0.5y-greedy,r,0.015,1.5,267.69013653359707
0.0,t=0y,dK_3y,0.5y-greedy,r,0.0175,1.7500000000000002,255.75629286526734
0.0,t=0y,dK_3y,0.5y-greedy,r,0.020000000000000004,2.0000000000000004,245.16361706975667
0.0,t=0y,dK_3y,0.5y-greedy,r,0.0225,2.25,235.34323742997248
0.0,t=0y,dK_3y,0.5y-greedy,r,0.025,2.5,222.2225160957625
0.0,t=0y,dK_3y,0.5y-greedy,r,0.027500000000000004,2.7500000000000004,212.08342382651827
0.0,t=0y,dK_3y,0.5y-greedy,r,0.03,3.0,208.20109150044124
0.0,t=0y,dK_3y,0.5y-greedy,r,0.0325,3.25,204.49849715237784
0.0,t=0y,dK_3y,0.5y-greedy,r,0.035,3.5000000000000004,201.19253593282772
0.0,t=0y,dK_3y,0.5y-greedy,r,0.037500000000000006,3.7500000000000004,199.1501224524564
0.0,t=0y,dK_3y,0.5y-greedy,r,0.04000000000000001,4.000000000000001,197.99300130236395
0.0,t=0y,dK_3y,0.5y-greedy,r,0.042499999999999996,4.25,197.14938037509336
0.0,t=0y,dK_3y,0.5y-greedy,r,0.045,4.5,196.70973739723576
0.0,t=0y,dK_3y,0.5y-greedy,r,0.0475,4.75,196.6895760332077
0.0,t=0y,dK_3y,0.5y-greedy,r,0.05,5.0,197.38488071251933
0.0,t=0y,dK_3y,0.5y-greedy,r,0.052500000000000005,5.250000000000001,198.43239963863937
0.0,t=0y,dK_3y,0.5y-greedy,r,0.05500000000000001,5.500000000000001,200.6787486887498
0.0,t=0y,dK_3y,0.5y-greedy,r,0.05750000000000001,5.750000000000001,202.69810826613934
0.0,t=0y,dK_3y,0.5y-greedy,r,0.06,6.0,213.98279221966808
0.0,t=0y,dK_3y,0.5y-greedy,r,0.0625,6.25,222.2398721647374
0.0,t=0y,dK_3y,0.5y-greedy,r,0.065,6.5,280.8308178478022
0.0,t=0y,dK_3y,0.5y-greedy,r,0.0675,6.75,297.74387425130953
0.0,t=0y,dK_3y,0.5y-greedy,r,0.07,7.000000000000001,256.11083355310586
0.0,t=0y,dK_3y,0.5y-greedy,r,0.07250000000000001,7.250000000000001,248.01121291808548
0.0,t=0y,dK_3y,0.5y-greedy,r,0.075,7.5,228.91667787494146
0.0,t=0y,dK_3y,0.5y-greedy,r,0.0775,7.75,213.6346037511621
0.0,t=0y,dK_3y,0.5y-greedy,r,0.08,8.0,199.26977419912416
0.0,t=0y,dK_3y,0.5y-greedy,K,-25.0,-25.0,193.9736557440001
0.0,t=0y,dK_3y,0.5y-greedy,K,-22.5,-22.5,193.9736557440001
0.0,t=0y,dK_3y,0.5y-greedy,K,-20.0,-20.0,193.9736557440001
0.0,t=0y,dK_3y,0.5y-greedy,K,-17.5,-17.5,193.9736557440001
0.0,t=0y,dK_3y,0.5y-greedy,K,-15.0,-15.0,193.97365574400055
0.0,t=0y,dK_3y,0.5y-greedy,K,-12.5,-12.5,193.97365574400055
0.0,t=0y,dK_3y,0.5y-greedy,K,-10.0,-10.0,193.97365574400055
0.0,t=0y,dK_3y,0.5y-greedy,K,-7.5,-7.5,193.97365574400328
0.0,t=0y,dK_3y,0.5y-greedy,K,-5.0,-5.0,193.97365574426476
0.0,t=0y,dK_3y,0.5y-greedy,K,-2.5,-2.5,193.97365575544336
0.0,t=0y,dK_3y,0.5y-greedy,K,0.0,0.0,193.97365606832682
0.0,t=0y,dK_3y,0.5y-greedy,K,2.5,2.5,193.9736676247876
0.0,t=0y,dK_3y,0.5y-greedy,K,5.0,5.0,193.97403880723823
0.0,t=0y,dK_3y,0.5y-greedy,K,7.5,7.5,193.9785370576451
0.0,t=0y,dK_3y,0.5y-greedy,K,10.0,10.0,393.99034593468707
0.0,t=0y,dK_3y,0.5y-greedy,K,12.5,12.5,244.8453046110474
0.0,t=0y,dK_3y,0.5y-greedy,K,15.0,15.0,207.14065708557257
0.0,t=0y,dK_3y,0.5y-greedy,K,17.5,17.5,197.00020569753298
0.0,t=0y,dK_3y,0.5y-greedy,K,20.0,20.0,194.56415943436295
0.0,t=0y,dK_3y,0.5y-greedy,K,22.5,22.5,194.0681102027303
0.0,t=0y,dK_3y,0.5y-greedy,K,25.0,25.0,193.985581539402
0.0,t=0y,dK_3y,0.5y-greedy,K,27.5,27.5,193.97478943371965
0.0,t=0y,dK_3y,0.5y-greedy,K,30.0,30.0,193.97373173112203
0.0,t=0y,dK_3y,0.5y-greedy,K,32.5,32.5,193.9736589887326
0.0,t=0y,dK_3y,0.5y-greedy,K,35.0,35.0,193.97365581816004
0.0,t=0y,dK_3y,0.5y-greedy,q,0.0,0.0,0.030607538981881573
0.0,t=0y,dK_3y,0.5y-greedy,q,5.0,5.0,9.707699345414206
0.0,t=0y,dK_3y,0.5y-greedy,q,10.0,10.0,19.399812691500607
0.0,t=0y,dK_3y,0.5y-greedy,q,15.0,15.0,29.096348782989597
0.0,t=0y,dK_3y,0.5y-greedy,q,20.0,20.0,38.79458392081113
0.0,t=0y,dK_3y,0.5y-greedy,q,25.0,25.0,48.49353531819004
0.0,t=0y,dK_3y,0.5y-greedy,q,30.0,30.0,58.19343239158637
0.0,t=0y,dK_3y,0.5y-greedy,q,35.0,35.0,67.89793482973147
0.0,t=0y,dK_3y,0.5y-greedy,q,40.0,40.0,77.61600150628195
0.0,t=0y,dK_3y,0.5y-greedy,q,45.0,45.0,87.37224796912238
0.0,t=0y,dK_3y,0.5y-greedy,q,50.0,50.0,97.11460271337413
0.0,t=0y,dK_3y,0.5y-greedy,q,55.0,55.0,106.90200658130894
0.0,t=0y,dK_3y,0.5y-greedy,q,60.0,60.0,116.8513114523027
0.0,t=0y,dK_3y,0.5y-greedy,q,65.0,65.0,127.0598149654389
0.0,t=0y,dK_3y,0.5y-greedy,q,70.0,70.0,138.52215912112743
0.0,t=0y,dK_3y,0.5y-greedy,q,75.0,75.0,148.8139840364325
0.0,t=0y,dK_3y,0.5y-greedy,q,80.0,80.0,159.51053708624488
0.0,t=0y,dK_3y,0.5y-greedy,q,85.0,85.0,171.4030140043268
0.0,t=0y,dK_3y,0.5y-greedy,q,90.0,90.0,184.90758547796727
0.0,t=0y,dK_3y,0.5y-greedy,q,95.0,95.0,209.92696495179706
0.0,t=0y,dK_3y,0.5y-greedy,q,100.0,100.0,222.2225160957625
0.0,t=0y,dK_3y,0.5y-greedy,q,105.0,105.0,236.5651302825177
0.0,t=0y,dK_3y,0.5y-greedy,q,110.0,110.0,258.89939495994736
0.0,t=0y,dK_3y,0.5y-greedy,q,115.0,115.0,302.2293733976578
0.0,t=0y,dK_3y,0.5y-greedy,q,120.0,120.0,363.9974397723392
0.0,t=0y,dK_3y,0.5y-greedy,q,125.0,125.0,379.5307423717495
0.0,t=0y,dK_3y,0.5y-greedy,q,130.0,130.0,408.02215623209213
0.0,t=0y,dK_3y,0.5y-greedy,q,135.0,135.0,417.4359170042628
0.0,t=0y,dK_3y,0.5y-greedy,q,140.0,140.0,458.79240234850516
0.0,t=0y,dK_3y,Optimal V,r,-0.03,-3.0,103.8863985819456
0.0,t=0y,dK_3y,Optimal V,r,-0.0275,-2.75,116.75287167048387
0.0,t=0y,dK_3y,Optimal V,r,-0.024999999999999998,-2.5,127.68805691531503
0.0,t=0y,dK_3y,Optimal V,r,-0.0225,-2.25,133.5092545227651
0.0,t=0y,dK_3y,Optimal V,r,-0.019999999999999997,-1.9999999999999998,135.95689049562088
0.0,t=0y,dK_3y,Optimal V,r,-0.017499999999999998,-1.7499999999999998,138.06965884927118
0.0,t=0y,dK_3y,Optimal V,r,-0.015,-1.5,139.9718186274485
0.0,t=0y,dK_3y,Optimal V,r,-0.012499999999999997,-1.2499999999999998,142.23762127550535
0.0,t=0y,dK_3y,Optimal V,r,-0.009999999999999998,-0.9999999999999999,144.77179911547006
0.0,t=0y,dK_3y,Optimal V,r,-0.0075,-0.75,146.22503899759553
0.0,t=0y,dK_3y,Optimal V,r,-0.0049999999999999975,-0.4999999999999998,150.12436911009428
0.0,t=0y,dK_3y,Optimal V,r,-0.0024999999999999988,-0.2499999999999999,155.5190455810107
0.0,t=0y,dK_3y,Optimal V,r,0.0,0.0,156.99114196981873
0.0,t=0y,dK_3y,Optimal V,r,0.0025000000000000022,0.2500000000000002,166.5709659888787
0.0,t=0y,dK_3y,Optimal V,r,0.0050000000000000044,0.5000000000000004,175.39879805284585
0.0,t=0y,dK_3y,Optimal V,r,0.0075,0.75,178.03975433108292
0.0,t=0y,dK_3y,Optimal V,r,0.010000000000000002,1.0000000000000002,184.71696895668794
0.0,t=0y,dK_3y,Optimal V,r,0.012500000000000004,1.2500000000000004,188.56188716923026
0.0,t=0y,dK_3y,Optimal V,r,0.015,1.5,189.98435432138373
0.0,t=0y,dK_3y,Optimal V,r,0.0175,1.7500000000000002,191.9620435410752
0.0,t=0y,dK_3y,Optimal V,r,0.020000000000000004,2.0000000000000004,200.00717134921865
0.0,t=0y,dK_3y,Optimal V,r,0.0225,2.25,209.65744584086391
0.0,t=0y,dK_3y,Optimal V,r,0.025,2.5,208.16107327120125
0.0,t=0y,dK_3y,Optimal V,r,0.027500000000000004,2.7500000000000004,205.00997810610806
0.0,t=0y,dK_3y,Optimal V,r,0.03,3.0,208.7029041852904
0.0,t=0y,dK_3y,Optimal V,r,0.0325,3.25,211.21678863422892
0.0,t=0y,dK_3y,Optimal V,r,0.035,3.5000000000000004,211.27140224673647
0.0,t=0y,dK_3y,Optimal V,r,0.037500000000000006,3.7500000000000004,217.3288964712124
0.0,t=0y,dK_3y,Optimal V,r,0.04000000000000001,4.000000000000001,226.54275463564736
0.0,t=0y,dK_3y,Optimal V,r,0.042499999999999996,4.25,230.50716520234954
0.0,t=0y,dK_3y,Optimal V,r,0.045,4.5,233.17023875542995
0.0,t=0y,dK_3y,Optimal V,r,0.0475,4.75,235.4061685926144
0.0,t=0y,dK_3y,Optimal V,r,0.05,5.0,236.34553917016945
0.0,t=0y,dK_3y,Optimal V,r,0.052500000000000005,5.250000000000001,238.1917278390189
0.0,t=0y,dK_3y,Optimal V,r,0.05500000000000001,5.500000000000001,239.7386382975389
0.0,t=0y,dK_3y,Optimal V,r,0.05750000000000001,5.750000000000001,240.57830913294885
0.0,t=0y,dK_3y,Optimal V,r,0.06,6.0,243.91066200268386
0.0,t=0y,dK_3y,Optimal V,r,0.0625,6.25,248.4132960564439
0.0,t=0y,dK_3y,Optimal V,r,0.065,6.5,248.98010463130746
0.0,t=0y,dK_3y,Optimal V,r,0.0675,6.75,246.42457232774274
0.0,t=0y,dK_3y,Optimal V,r,0.07,7.000000000000001,244.29713939802184
0.0,t=0y,dK_3y,Optimal V,r,0.07250000000000001,7.250000000000001,241.11357028289012
0.0,t=0y,dK_3y,Optimal V,r,0.075,7.5,228.58324782342916
0.0,t=0y,dK_3y,Optimal V,r,0.0775,7.75,205.21044797336262
0.0,t=0y,dK_3y,Optimal V,r,0.08,8.0,178.91602199550047
0.0,t=0y,dK_3y,Optimal V,K,-25.0,-25.0,90.70488668528424
0.0,t=0y,dK_3y,Optimal V,K,-22.5,-22.5,90.70488668528424
0.0,t=0y,dK_3y,Optimal V,K,-20.0,-20.0,90.70488668528424
0.0,t=0y,dK_3y,Optimal V,K,-17.5,-17.5,90.70488668528424
0.0,t=0y,dK_3y,Optimal V,K,-15.0,-15.0,90.70488668528424
0.0,t=0y,dK_3y,Optimal V,K,-12.5,-12.5,90.70488668528424
0.0,t=0y,dK_3y,Optimal V,K,-10.0,-10.0,90.70488668528424
0.0,t=0y,dK_3y,Optimal V,K,-7.5,-7.5,90.70488668528424
0.0,t=0y,dK_3y,Optimal V,K,-5.0,-5.0,90.70488668528424
0.0,t=0y,dK_3y,Optimal V,K,-2.5,-2.5,90.70488668528424
0.0,t=0y,dK_3y,Optimal V,K,0.0,0.0,90.70488668528424
0.0,t=0y,dK_3y,Optimal V,K,2.5,2.5,91.58506724021618
0.0,t=0y,dK_3y,Optimal V,K,5.0,5.0,109.4371864794548
0.0,t=0y,dK_3y,Optimal V,K,7.5,7.5,204.76877331512628
0.0,t=0y,dK_3y,Optimal V,K,10.0,10.0,306.9223339074163
0.0,t=0y,dK_3y,Optimal V,K,12.5,12.5,220.11316273390577
0.0,t=0y,dK_3y,Optimal V,K,15.0,15.0,200.19301362939822
0.0,t=0y,dK_3y,Optimal V,K,17.5,17.5,199.43337889522007
0.0,t=0y,dK_3y,Optimal V,K,20.0,20.0,198.99422539920243
0.0,t=0y,dK_3y,Optimal V,K,22.5,22.5,198.9024092332486
0.0,t=0y,dK_3y,Optimal V,K,25.0,25.0,198.88405223939253
0.0,t=0y,dK_3y,Optimal V,K,27.5,27.5,198.88789494522217
0.0,t=0y,dK_3y,Optimal V,K,30.0,30.0,198.8890197691427
0.0,t=0y,dK_3y,Optimal V,K,32.5,32.5,198.88915665102303
0.0,t=0y,dK_3y,Optimal V,K,35.0,35.0,198.88916597975543
0.0,t=0y,dK_3y,Optimal V,q,0.0,0.0,-3.431466603784113
0.0,t=0y,dK_3y,Optimal V,q,5.0,5.0,5.4538583308027455
0.0,t=0y,dK_3y,Optimal V,q,10.0,10.0,14.721690081459666
0.0,t=0y,dK_3y,Optimal V,q,15.0,15.0,24.038263128850684
0.0,t=0y,dK_3y,Optimal V,q,20.0,20.0,33.65875526922221
0.0,t=0y,dK_3y,Optimal V,q,25.0,25.0,43.14661081375948
0.0,t=0y,dK_3y,Optimal V,q,30.0,30.0,53.09285121460006
0.0,t=0y,dK_3y,Optimal V,q,35.0,35.0,63.653900568234945
0.0,t=0y,dK_3y,Optimal V,q,40.0,40.0,74.14438325804315
0.0,t=0y,dK_3y,Optimal V,q,45.0,45.0,84.66939377715754
0.0,t=0y,dK_3y,Optimal V,q,50.0,50.0,95.1611284726239
0.0,t=0y,dK_3y,Optimal V,q,55.0,55.0,105.59676593101648
0.0,t=0y,dK_3y,Optimal V,q,60.0,60.0,115.95307857284332
0.0,t=0y,dK_3y,Optimal V,q,65.0,65.0,126.4575821466741
0.0,t=0y,dK_3y,Optimal V,q,70.0,70.0,136.72325397918286
0.0,t=0y,dK_3y,Optimal V,q,75.0,75.0,146.93676892226017
0.0,t=0y,dK_3y,Optimal V,q,80.0,80.0,158.2927972382518
0.0,t=0y,dK_3y,Optimal V,q,85.0,85.0,169.12651772128518
0.0,t=0y,dK_3y,Optimal V,q,90.0,90.0,180.6908488871547
0.0,t=0y,dK_3y,Optimal V,q,95.0,95.0,195.4271100912768
0.0,t=0y,dK_3y,Optimal V,q,100.0,100.0,208.16107327120125
0.0,t=0y,dK_3y,Optimal V,q,105.0,105.0,221.5074807247047
0.0,t=0y,dK_3y,Optimal V,q,110.0,110.0,240.33643912256758
0.0,t=0y,dK_3y,Optimal V,q,115.0,115.0,262.19386567753395
0.0,t=0y,dK_3y,Optimal V,q,120.0,120.0,305.36745852994136
0.0,t=0y,dK_3y,Optimal V,q,125.0,125.0,339.13282427614047
0.0,t=0y,dK_3y,Optimal V,q,130.0,130.0,374.98511293926447
0.0,t=0y,dK_3y,Optimal V,q,135.0,135.0,388.0659577555539
0.0,t=0y,dK_3y,Optimal V,q,140.0,140.0,456.6987958494192
0.0,t=0y,MtM,State-invariant,r,-0.03,-3.0,937.0489095205796
0.0,t=0y,MtM,State-invariant,r,-0.0275,-2.75,921.1860011909595
0.0,t=0y,MtM,State-invariant,r,-0.024999999999999998,-2.5,905.5947916672058
0.0,t=0y,MtM,State-invariant,r,-0.0225,-2.25,890.2706044153026
0.0,t=0y,MtM,State-invariant,r,-0.019999999999999997,-1.9999999999999998,875.2088435983826
0.0,t=0y,MtM,State-invariant,r,-0.017499999999999998,-1.7499999999999998,860.4049926821791
0.0,t=0y,MtM,State-invariant,r,-0.015,-1.5,845.8546130646034
0.0,t=0y,MtM,State-invariant,r,-0.012499999999999997,-1.2499999999999998,831.5533427290253
0.0,t=0y,MtM,State-invariant,r,-0.009999999999999998,-0.9999999999999999,817.4968949208471
0.0,t=0y,MtM,State-invariant,r,-0.0075,-0.75,803.6810568469705
0.0,t=0y,MtM,State-invariant,r,-0.0049999999999999975,-0.4999999999999998,790.101688397757
0.0,t=0y,MtM,State-invariant,r,-0.0024999999999999988,-0.2499999999999999,776.7547208910938
0.0,t=0y,MtM,State-invariant,r,0.0,0.0,763.6361558381844
0.0,t=0y,MtM,State-invariant,r,0.0025000000000000022,0.2500000000000002,750.7420637306828
0.0,t=0y,MtM,State-invariant,r,0.0050000000000000044,0.5000000000000004,738.0685828488095
0.0,t=0y,MtM,State-invariant,r,0.0075,0.75,725.6119180900777
0.0,t=0y,MtM,State-invariant,r,0.010000000000000002,1.0000000000000002,713.3683398182808
0.0,t=0y,MtM,State-invariant,r,0.012500000000000004,1.2500000000000004,701.3341827323844
0.0,t=0y,MtM,State-invariant,r,0.015,1.5,689.5058447549824
0.0,t=0y,MtM,State-invariant,r,0.0175,1.7500000000000002,677.8797859399757
0.0,t=0y,MtM,State-invariant,r,0.020000000000000004,2.0000000000000004,666.4525273991442
0.0,t=0y,MtM,State-invariant,r,0.0225,2.25,655.2206502472808
0.0,t=0y,MtM,State-invariant,r,0.025,2.5,644.18079456557
0.0,t=0y,MtM,State-invariant,r,0.027500000000000004,2.7500000000000004,633.3296583828936
0.0,t=0y,MtM,State-invariant,r,0.03,3.0,622.6639966747535
0.0,t=0y,MtM,State-invariant,r,0.0325,3.25,612.1806203795059
0.0,t=0y,MtM,State-invariant,r,0.035,3.5000000000000004,601.8763954316092
0.0,t=0y,MtM,State-invariant,r,0.037500000000000006,3.7500000000000004,591.7482418115899
0.0,t=0y,MtM,State-invariant,r,0.04000000000000001,4.000000000000001,581.793132612437
0.0,t=0y,MtM,State-invariant,r,0.042499999999999996,4.25,572.0080931221407
0.0,t=0y,MtM,State-invariant,r,0.045,4.5,562.3901999220977
0.0,t=0y,MtM,State-invariant,r,0.0475,4.75,552.9365800011053
0.0,t=0y,MtM,State-invariant,r,0.05,5.0,543.6444098846783
0.0,t=0y,MtM,State-invariant,r,0.052500000000000005,5.250000000000001,534.5109147794197
0.0,t=0y,MtM,State-invariant,r,0.05500000000000001,5.500000000000001,525.5333677321884
0.0,t=0y,MtM,State-invariant,r,0.05750000000000001,5.750000000000001,516.7090888038044
0.0,t=0y,MtM,State-invariant,r,0.06,6.0,508.03544425704337
0.0,t=0y,MtM,State-invariant,r,0.0625,6.25,499.50984575867017
0.0,t=0y,MtM,State-invariant,r,0.065,6.5,491.12974959527025
0.0,t=0y,MtM,State-invariant,r,0.0675,6.75,482.8926559026401
0.0,t=0y,MtM,State-invariant,r,0.07,7.000000000000001,474.7961079085015
0.0,t=0y,MtM,State-invariant,r,0.07250000000000001,7.250000000000001,466.837691188309
0.0,t=0y,MtM,State-invariant,r,0.075,7.5,459.0150329339243
0.0,t=0y,MtM,State-invariant,r,0.0775,7.75,451.3258012349362
0.0,t=0y,MtM,State-invariant,r,0.08,8.0,443.767704372404
0.0,t=0y,MtM,State-invariant,K,-25.0,-25.0,644.18079456557
0.0,t=0y,MtM,State-invariant,K,-22.5,-22.5,644.18079456557
0.0,t=0y,MtM,State-invariant,K,-20.0,-20.0,644.18079456557
0.0,t=0y,MtM,State-invariant,K,-17.5,-17.5,644.18079456557
0.0,t=0y,MtM,State-invariant,K,-15.0,-15.0,644.18079456557
0.0,t=0y,MtM,State-invariant,K,-12.5,-12.5,644.18079456557
0.0,t=0y,MtM,State-invariant,K,-10.0,-10.0,644.18079456557
0.0,t=0y,MtM,State-invariant,K,-7.5,-7.5,644.18079456557
0.0,t=0y,MtM,State-invariant,K,-5.0,-5.0,644.18079456557
0.0,t=0y,MtM,State-invariant,K,-2.5,-2.5,644.18079456557
0.0,t=0y,MtM,State-invariant,K,0.0,0.0,644.18079456557
0.0,t=0y,MtM,State-invariant,K,2.5,2.5,644.18079456557
0.0,t=0y,MtM,State-invariant,K,5.0,5.0,644.18079456557
0.0,t=0y,MtM,State-invariant,K,7.5,7.5,644.18079456557
0.0,t=0y,MtM,State-invariant,K,10.0,10.0,644.18079456557
0.0,t=0y,MtM,State-invariant,K,12.5,12.5,644.18079456557
0.0,t=0y,MtM,State-invariant,K,15.0,15.0,644.18079456557
0.0,t=0y,MtM,State-invariant,K,17.5,17.5,644.18079456557
0.0,t=0y,MtM,State-invariant,K,20.0,20.0,644.18079456557
0.0,t=0y,MtM,State-invariant,K,22.5,22.5,644.18079456557
0.0,t=0y,MtM,State-invariant,K,25.0,25.0,644.18079456557
0.0,t=0y,MtM,State-invariant,K,27.5,27.5,644.18079456557
0.0,t=0y,MtM,State-invariant,K,30.0,30.0,644.18079456557
0.0,t=0y,MtM,State-invariant,K,32.5,32.5,644.18079456557
0.0,t=0y,MtM,State-invariant,K,35.0,35.0,644.18079456557
0.0,t=0y,MtM,State-invariant,q,0.0,0.0,0.0
0.0,t=0y,MtM,State-invariant,q,5.0,5.0,32.2090397282785
0.0,t=0y,MtM,State-invariant,q,10.0,10.0,64.418079456557
0.0,t=0y,MtM,State-invariant,q,15.0,15.0,96.6271191848355
0.0,t=0y,MtM,State-invariant,q,20.0,20.0,128.836158913114
0.0,t=0y,MtM,State-invariant,q,25.0,25.0,161.0451986413925
0.0,t=0y,MtM,State-invariant,q,30.0,30.0,193.254238369671
0.0,t=0y,MtM,State-invariant,q,35.0,35.0,225.46327809794948
0.0,t=0y,MtM,State-invariant,q,40.0,40.0,257.672317826228
0.0,t=0y,MtM,State-invariant,q,45.0,45.0,289.88135755450645
0.0,t=0y,MtM,State-invariant,q,50.0,50.0,322.090397282785
0.0,t=0y,MtM,State-invariant,q,55.0,55.0,354.29943701106345
0.0,t=0y,MtM,State-invariant,q,60.0,60.0,386.508476739342
0.0,t=0y,MtM,State-invariant,q,65.0,65.0,418.71751646762044
0.0,t=0y,MtM,State-invariant,q,70.0,70.0,450.92655619589897
0.0,t=0y,MtM,State-invariant,q,75.0,75.0,483.13559592417744
0.0,t=0y,MtM,State-invariant,q,80.0,80.0,515.344635652456
0.0,t=0y,MtM,State-invariant,q,85.0,85.0,547.5536753807345
0.0,t=0y,MtM,State-invariant,q,90.0,90.0,579.7627151090129
0.0,t=0y,MtM,State-invariant,q,95.0,95.0,611.9717548372914
0.0,t=0y,MtM,State-invariant,q,100.0,100.0,644.18079456557
0.0,t=0y,MtM,State-invariant,q,105.0,105.0,676.3898342938485
0.0,t=0y,MtM,State-invariant,q,110.0,110.0,708.5988740221269
0.0,t=0y,MtM,State-invariant,q,115.0,115.0,740.8079137504054
0.0,t=0y,MtM,State-invariant,q,120.0,120.0,773.016953478684
0.0,t=0y,MtM,State-invariant,q,125.0,125.0,805.2259932069625
0.0,t=0y,MtM,State-invariant,q,130.0,130.0,837.4350329352409
0.0,t=0y,MtM,State-invariant,q,135.0,135.0,869.6440726635194
0.0,t=0y,MtM,State-invariant,q,140.0,140.0,901.8531123917979
0.0,t=0y,V,Optimal surface,r,-0.03,-3.0,108.26641713639742
0.0,t=0y,V,Optimal surface,r,-0.0275,-2.75,121.40649231889024
0.0,t=0y,V,Optimal surface,r,-0.024999999999999998,-2.5,132.65558516280757
0.0,t=0y,V,Optimal surface,r,-0.0225,-2.25,138.56818671204354
0.0,t=0y,V,Optimal surface,r,-0.019999999999999997,-1.9999999999999998,140.73797944184236
0.0,t=0y,V,Optimal surface,r,-0.017499999999999998,-1.7499999999999998,142.78882920146424
0.0,t=0y,V,Optimal surface,r,-0.015,-1.5,144.98162138369315
0.0,t=0y,V,Optimal surface,r,-0.012499999999999997,-1.2499999999999998,147.33928822443823
0.0,t=0y,V,Optimal surface,r,-0.009999999999999998,-0.9999999999999999,149.95830406869277
0.0,t=0y,V,Optimal surface,r,-0.0075,-0.75,152.9143264301323
0.0,t=0y,V,Optimal surface,r,-0.0049999999999999975,-0.4999999999999998,157.07987785434952
0.0,t=0y,V,Optimal surface,r,-0.0024999999999999988,-0.2499999999999999,162.27408237239317
0.0,t=0y,V,Optimal surface,r,0.0,0.0,167.41708885757203
0.0,t=0y,V,Optimal surface,r,0.0025000000000000022,0.2500000000000002,174.61921391996182
0.0,t=0y,V,Optimal surface,r,0.0050000000000000044,0.5000000000000004,185.2143416176922
0.0,t=0y,V,Optimal surface,r,0.0075,0.75,194.20204383333743
0.0,t=0y,V,Optimal surface,r,0.010000000000000002,1.0000000000000002,204.1168056223732
0.0,t=0y,V,Optimal surface,r,0.012500000000000004,1.2500000000000004,213.88068666459753
0.0,t=0y,V,Optimal surface,r,0.015,1.5,219.14642799647794
0.0,t=0y,V,Optimal surface,r,0.0175,1.7500000000000002,223.63568197947978
0.0,t=0y,V,Optimal surface,r,0.020000000000000004,2.0000000000000004,233.12317855916945
0.0,t=0y,V,Optimal surface,r,0.0225,2.25,246.12164137901624
0.0,t=0y,V,Optimal surface,r,0.025,2.5,251.87082587396654
0.0,t=0y,V,Optimal surface,r,0.027500000000000004,2.7500000000000004,254.2493305921249
0.0,t=0y,V,Optimal surface,r,0.03,3.0,259.75392412111614
0.0,t=0y,V,Optimal surface,r,0.0325,3.25,264.70646506845276
0.0,t=0y,V,Optimal surface,r,0.035,3.5000000000000004,267.81799843723536
0.0,t=0y,V,Optimal surface,r,0.037500000000000006,3.7500000000000004,273.5274709794171
0.0,t=0y,V,Optimal surface,r,0.04000000000000001,4.000000000000001,281.7988270591542
0.0,t=0y,V,Optimal surface,r,0.042499999999999996,4.25,289.30167034591267
0.0,t=0y,V,Optimal surface,r,0.045,4.5,294.30616546104164
0.0,t=0y,V,Optimal surface,r,0.0475,4.75,296.60422032854706
0.0,t=0y,V,Optimal surface,r,0.05,5.0,298.38661590669335
0.0,t=0y,V,Optimal surface,r,0.052500000000000005,5.250000000000001,299.942866288446
0.0,t=0y,V,Optimal surface,r,0.05500000000000001,5.500000000000001,300.4894474097574
0.0,t=0y,V,Optimal surface,r,0.05750000000000001,5.750000000000001,300.2967427373704
0.0,t=0y,V,Optimal surface,r,0.06,6.0,300.28543511204293
0.0,t=0y,V,Optimal surface,r,0.0625,6.25,301.5789328292838
0.0,t=0y,V,Optimal surface,r,0.065,6.5,302.47385807333865
0.0,t=0y,V,Optimal surface,r,0.0675,6.75,299.4556857234247
0.0,t=0y,V,Optimal surface,r,0.07,7.000000000000001,294.153904745284
0.0,t=0y,V,Optimal surface,r,0.07250000000000001,7.250000000000001,287.6825521530194
0.0,t=0y,V,Optimal surface,r,0.075,7.5,271.1455863363003
0.0,t=0y,V,Optimal surface,r,0.0775,7.75,241.5026575857107
0.0,t=0y,V,Optimal surface,r,0.08,8.0,207.5655072264511
0.0,t=0y,V,Optimal surface,K,-25.0,-25.0,100.13273021046462
0.0,t=0y,V,Optimal surface,K,-22.5,-22.5,100.13273021046462
0.0,t=0y,V,Optimal surface,K,-20.0,-20.0,100.13273021046507
0.0,t=0y,V,Optimal surface,K,-17.5,-17.5,100.13273021046507
0.0,t=0y,V,Optimal surface,K,-15.0,-15.0,100.13273021046507
0.0,t=0y,V,Optimal surface,K,-12.5,-12.5,100.13273021046507
0.0,t=0y,V,Optimal surface,K,-10.0,-10.0,100.13273021046507
0.0,t=0y,V,Optimal surface,K,-7.5,-7.5,100.13273021046507
0.0,t=0y,V,Optimal surface,K,-5.0,-5.0,100.13273021046507
0.0,t=0y,V,Optimal surface,K,-2.5,-2.5,100.13273021046507
0.0,t=0y,V,Optimal surface,K,0.0,0.0,100.13273021046462
0.0,t=0y,V,Optimal surface,K,2.5,2.5,101.06290192361485
0.0,t=0y,V,Optimal surface,K,5.0,5.0,119.56175141377844
0.0,t=0y,V,Optimal surface,K,7.5,7.5,219.98153362205153
0.0,t=0y,V,Optimal surface,K,10.0,10.0,341.7019648331259
0.0,t=0y,V,Optimal surface,K,12.5,12.5,257.5878493724435
0.0,t=0y,V,Optimal surface,K,15.0,15.0,248.05947687498193
0.0,t=0y,V,Optimal surface,K,17.5,17.5,245.71646524932493
0.0,t=0y,V,Optimal surface,K,20.0,20.0,245.37333633210855
0.0,t=0y,V,Optimal surface,K,22.5,22.5,245.31524717859594
0.0,t=0y,V,Optimal surface,K,25.0,25.0,245.30507716716266
0.0,t=0y,V,Optimal surface,K,27.5,27.5,245.3034602925345
0.0,t=0y,V,Optimal surface,K,30.0,30.0,245.3032394962882
0.0,t=0y,V,Optimal surface,K,32.5,32.5,245.30321329662593
0.0,t=0y,V,Optimal surface,K,35.0,35.0,245.30321038874678
0.0,t=0y,V,Optimal surface,q,0.0,0.0,21.695194024369037
0.0,t=0y,V,Optimal surface,q,5.0,5.0,31.72807159556812
0.0,t=0y,V,Optimal surface,q,10.0,10.0,41.85564509516549
0.0,t=0y,V,Optimal surface,q,15.0,15.0,52.17999483268848
0.0,t=0y,V,Optimal surface,q,20.0,20.0,62.76283061667837
0.0,t=0y,V,Optimal surface,q,25.0,25.0,73.66172377226295
0.0,t=0y,V,Optimal surface,q,30.0,30.0,84.77339559992242
0.0,t=0y,V,Optimal surface,q,35.0,35.0,96.04747955873988
0.0,t=0y,V,Optimal surface,q,40.0,40.0,107.28823597992358
0.0,t=0y,V,Optimal surface,q,45.0,45.0,118.28096819526999
0.0,t=0y,V,Optimal surface,q,50.0,50.0,129.29726399725263
0.0,t=0y,V,Optimal surface,q,55.0,55.0,140.39546551516395
0.0,t=0y,V,Optimal surface,q,60.0,60.0,151.5831544165045
0.0,t=0y,V,Optimal surface,q,65.0,65.0,162.88904137329297
0.0,t=0y,V,Optimal surface,q,70.0,70.0,174.46917558820869
0.0,t=0y,V,Optimal surface,q,75.0,75.0,186.26226414890328
0.0,t=0y,V,Optimal surface,q,80.0,80.0,198.41133887338972
0.0,t=0y,V,Optimal surface,q,85.0,85.0,210.98897639807836
0.0,t=0y,V,Optimal surface,q,90.0,90.0,224.41744511385048
0.0,t=0y,V,Optimal surface,q,95.0,95.0,238.32447931725736
0.0,t=0y,V,Optimal surface,q,100.0,100.0,251.87082587396654
0.0,t=0y,V,Optimal surface,q,105.0,105.0,265.8920429913055
0.0,t=0y,V,Optimal surface,q,110.0,110.0,283.5313218967044
0.0,t=0y,V,Optimal surface,q,115.0,115.0,305.2582320183558
0.0,t=0y,V,Optimal surface,q,120.0,120.0,343.66104128046527
0.0,t=0y,V,Optimal surface,q,125.0,125.0,379.72670730551954
0.0,t=0y,V,Optimal surface,q,130.0,130.0,431.97745079475453
0.0,t=0y,V,Optimal surface,q,135.0,135.0,448.08438508548136
0.0,t=0y,V,Optimal surface,q,140.0,140.0,487.29420647691904
1.0,t=1y,dK_0.5y,Passive q,r,-0.03,-3.0,41.00798298353442
1.0,t=1y,dK_0.5y,Passive q,r,-0.0275,-2.75,44.11374042974927
1.0,t=1y,dK_0.5y,Passive q,r,-0.024999999999999998,-2.5,46.65711731325928
1.0,t=1y,dK_0.5y,Passive q,r,-0.0225,-2.25,47.64761547366214
1.0,t=1y,dK_0.5y,Passive q,r,-0.019999999999999997,-1.9999999999999998,47.64761547366203
1.0,t=1y,dK_0.5y,Passive q,r,-0.017499999999999998,-1.7499999999999998,47.756403817191426
1.0,t=1y,dK_0.5y,Passive q,r,-0.015,-1.5,47.88533197599645
1.0,t=1y,dK_0.5y,Passive q,r,-0.012499999999999997,-1.2499999999999998,47.905471791271964
1.0,t=1y,dK_0.5y,Passive q,r,-0.009999999999999998,-0.9999999999999999,47.905471791271964
1.0,t=1y,dK_0.5y,Passive q,r,-0.0075,-0.75,47.90547179127202
1.0,t=1y,dK_0.5y,Passive q,r,-0.0049999999999999975,-0.4999999999999998,47.90547179127202
1.0,t=1y,dK_0.5y,Passive q,r,-0.0024999999999999988,-0.2499999999999999,47.90547179127191
1.0,t=1y,dK_0.5y,Passive q,r,0.0,0.0,47.90547179127188
1.0,t=1y,dK_0.5y,Passive q,r,0.0025000000000000022,0.2500000000000002,47.90547179127191
1.0,t=1y,dK_0.5y,Passive q,r,0.0050000000000000044,0.5000000000000004,47.905471791271964
1.0,t=1y,dK_0.5y,Passive q,r,0.0075,0.75,47.90547179127199
1.0,t=1y,dK_0.5y,Passive q,r,0.010000000000000002,1.0000000000000002,47.90547179127195
1.0,t=1y,dK_0.5y,Passive q,r,0.012500000000000004,1.2500000000000004,47.90547179127192
1.0,t=1y,dK_0.5y,Passive q,r,0.015,1.5,47.90547179127195
1.0,t=1y,dK_0.5y,Passive q,r,0.0175,1.7500000000000002,47.90547179127195
1.0,t=1y,dK_0.5y,Passive q,r,0.020000000000000004,2.0000000000000004,47.90547179127192
1.0,t=1y,dK_0.5y,Passive q,r,0.0225,2.25,47.90547179127194
1.0,t=1y,dK_0.5y,Passive q,r,0.025,2.5,47.90547179127195
1.0,t=1y,dK_0.5y,Passive q,r,0.027500000000000004,2.7500000000000004,47.90547179127192
1.0,t=1y,dK_0.5y,Passive q,r,0.03,3.0,47.90547179127192
1.0,t=1y,dK_0.5y,Passive q,r,0.0325,3.25,47.90547179127195
1.0,t=1y,dK_0.5y,Passive q,r,0.035,3.5000000000000004,47.905471791271935
1.0,t=1y,dK_0.5y,Passive q,r,0.037500000000000006,3.7500000000000004,47.90547179127195
1.0,t=1y,dK_0.5y,Passive q,r,0.04000000000000001,4.000000000000001,47.90547179127195
1.0,t=1y,dK_0.5y,Passive q,r,0.042499999999999996,4.25,47.90547179127191
1.0,t=1y,dK_0.5y,Passive q,r,0.045,4.5,47.905471791271964
1.0,t=1y,dK_0.5y,Passive q,r,0.0475,4.75,47.905471791271964
1.0,t=1y,dK_0.5y,Passive q,r,0.05,5.0,47.905471791271964
1.0,t=1y,dK_0.5y,Passive q,r,0.052500000000000005,5.250000000000001,47.905471791271964
1.0,t=1y,dK_0.5y,Passive q,r,0.05500000000000001,5.500000000000001,47.90547179127191
1.0,t=1y,dK_0.5y,Passive q,r,0.05750000000000001,5.750000000000001,47.905471791271964
1.0,t=1y,dK_0.5y,Passive q,r,0.06,6.0,47.90547179127191
1.0,t=1y,dK_0.5y,Passive q,r,0.0625,6.25,47.90547179127191
1.0,t=1y,dK_0.5y,Passive q,r,0.065,6.5,47.88533197599651
1.0,t=1y,dK_0.5y,Passive q,r,0.0675,6.75,47.75640381719148
1.0,t=1y,dK_0.5y,Passive q,r,0.07,7.000000000000001,47.64761547366203
1.0,t=1y,dK_0.5y,Passive q,r,0.07250000000000001,7.250000000000001,47.647615473662086
1.0,t=1y,dK_0.5y,Passive q,r,0.075,7.5,46.65711731325928
1.0,t=1y,dK_0.5y,Passive q,r,0.0775,7.75,44.1137404297491
1.0,t=1y,dK_0.5y,Passive q,r,0.08,8.0,41.00798298353425
1.0,t=1y,dK_0.5y,Passive q,K,-25.0,-25.0,47.905471791272014
1.0,t=1y,dK_0.5y,Passive q,K,-22.5,-22.5,47.905471791272014
1.0,t=1y,dK_0.5y,Passive q,K,-20.0,-20.0,47.905471791272014
1.0,t=1y,dK_0.5y,Passive q,K,-17.5,-17.5,47.905471791272014
1.0,t=1y,dK_0.5y,Passive q,K,-15.0,-15.0,47.905471791272014
1.0,t=1y,dK_0.5y,Passive q,K,-12.5,-12.5,47.905471791272014
1.0,t=1y,dK_0.5y,Passive q,K,-10.0,-10.0,47.905471791272014
1.0,t=1y,dK_0.5y,Passive q,K,-7.5,-7.5,47.905471791272014
1.0,t=1y,dK_0.5y,Passive q,K,-5.0,-5.0,47.90547179127206
1.0,t=1y,dK_0.5y,Passive q,K,-2.5,-2.5,47.90547179127206
1.0,t=1y,dK_0.5y,Passive q,K,0.0,0.0,47.90547179127206
1.0,t=1y,dK_0.5y,Passive q,K,2.5,2.5,47.90547179127206
1.0,t=1y,dK_0.5y,Passive q,K,5.0,5.0,47.90547179127206
1.0,t=1y,dK_0.5y,Passive q,K,7.5,7.5,47.90547179127206
1.0,t=1y,dK_0.5y,Passive q,K,10.0,10.0,53.511896528370656
1.0,t=1y,dK_0.5y,Passive q,K,12.5,12.5,47.90547179127195
1.0,t=1y,dK_0.5y,Passive q,K,15.0,15.0,47.90547179127195
1.0,t=1y,dK_0.5y,Passive q,K,17.5,17.5,47.90547179127195
1.0,t=1y,dK_0.5y,Passive q,K,20.0,20.0,47.90547179127195
1.0,t=1y,dK_0.5y,Passive q,K,22.5,22.5,47.90547179127195
1.0,t=1y,dK_0.5y,Passive q,K,25.0,25.0,47.90547179127195
1.0,t=1y,dK_0.5y,Passive q,K,27.5,27.5,47.90547179127195
1.0,t=1y,dK_0.5y,Passive q,K,30.0,30.0,47.90547179127195
1.0,t=1y,dK_0.5y,Passive q,K,32.5,32.5,47.90547179127195
1.0,t=1y,dK_0.5y,Passive q,K,35.0,35.0,47.90547179127195
1.0,t=1y,dK_0.5y,Passive q,q,0.0,0.0,0.0
1.0,t=1y,dK_0.5y,Passive q,q,5.0,5.0,2.3952735895635984
1.0,t=1y,dK_0.5y,Passive q,q,10.0,10.0,4.790547179127196
1.0,t=1y,dK_0.5y,Passive q,q,15.0,15.0,7.185820768690794
1.0,t=1y,dK_0.5y,Passive q,q,20.0,20.0,9.581094358254392
1.0,t=1y,dK_0.5y,Passive q,q,25.0,25.0,11.976367947817987
1.0,t=1y,dK_0.5y,Passive q,q,30.0,30.0,14.37164153738159
1.0,t=1y,dK_0.5y,Passive q,q,35.0,35.0,16.766915126945186
1.0,t=1y,dK_0.5y,Passive q,q,40.0,40.0,19.162188716508783
1.0,t=1y,dK_0.5y,Passive q,q,45.0,45.0,21.55746230607238
1.0,t=1y,dK_0.5y,Passive q,q,50.0,50.0,23.952735895635975
1.0,t=1y,dK_0.5y,Passive q,q,55.0,55.0,26.348009485199576
1.0,t=1y,dK_0.5y,Passive q,q,60.0,60.0,28.74328307476318
1.0,t=1y,dK_0.5y,Passive q,q,65.0,65.0,31.138556664326774
1.0,t=1y,dK_0.5y,Passive q,q,70.0,70.0,33.53383025389037
1.0,t=1y,dK_0.5y,Passive q,q,75.0,75.0,35.92910384345397
1.0,t=1y,dK_0.5y,Passive q,q,80.0,80.0,38.32437743301757
1.0,t=1y,dK_0.5y,Passive q,q,85.0,85.0,40.71965102258117
1.0,t=1y,dK_0.5y,Passive q,q,90.0,90.0,43.11492461214476
1.0,t=1y,dK_0.5y,Passive q,q,95.0,95.0,45.51019820170836
1.0,t=1y,dK_0.5y,Passive q,q,100.0,100.0,47.90547179127195
1.0,t=1y,dK_0.5y,Passive q,q,105.0,105.0,51.80395779501945
1.0,t=1y,dK_0.5y,Passive q,q,110.0,110.0,54.270812928115625
1.0,t=1y,dK_0.5y,Passive q,q,115.0,115.0,56.73766806121177
1.0,t=1y,dK_0.5y,Passive q,q,120.0,120.0,59.20452319430796
1.0,t=1y,dK_0.5y,Passive q,q,125.0,125.0,61.6713783274041
1.0,t=1y,dK_0.5y,Passive q,q,130.0,130.0,67.70434535503526
1.0,t=1y,dK_0.5y,Passive q,q,135.0,135.0,70.30835863792117
1.0,t=1y,dK_0.5y,Passive q,q,140.0,140.0,72.91237192080719
1.0,t=1y,dK_0.5y,CAR-target,r,-0.03,-3.0,45.38205247336274
1.0,t=1y,dK_0.5y,CAR-target,r,-0.0275,-2.75,49.04553546816901
1.0,t=1y,dK_0.5y,CAR-target,r,-0.024999999999999998,-2.5,52.060331709551654
1.0,t=1y,dK_0.5y,CAR-target,r,-0.0225,-2.25,53.275194004401
1.0,t=1y,dK_0.5y,CAR-target,r,-0.019999999999999997,-1.9999999999999998,53.338809106140715
1.0,t=1y,dK_0.5y,CAR-target,r,-0.017499999999999998,-1.7499999999999998,53.5296318725094
1.0,t=1y,dK_0.5y,CAR-target,r,-0.015,-1.5,53.744338256224836
1.0,t=1y,dK_0.5y,CAR-target,r,-0.012499999999999997,-1.2499999999999998,53.83219912283809
1.0,t=1y,dK_0.5y,CAR-target,r,-0.009999999999999998,-0.9999999999999999,53.896538519632045
1.0,t=1y,dK_0.5y,CAR-target,r,-0.0075,-0.75,53.960877916426
1.0,t=1y,dK_0.5y,CAR-target,r,-0.0049999999999999975,-0.4999999999999998,54.0252173132198
1.0,t=1y,dK_0.5y,CAR-target,r,-0.0024999999999999988,-0.2499999999999999,54.089556710013824
1.0,t=1y,dK_0.5y,CAR-target,r,0.0,0.0,54.15389610680771
1.0,t=1y,dK_0.5y,CAR-target,r,0.0025000000000000022,0.2500000000000002,54.218235503601576
1.0,t=1y,dK_0.5y,CAR-target,r,0.0050000000000000044,0.5000000000000004,54.282574900395474
1.0,t=1y,dK_0.5y,CAR-target,r,0.0075,0.75,54.34691429718946
1.0,t=1y,dK_0.5y,CAR-target,r,0.010000000000000002,1.0000000000000002,54.4112536939833
1.0,t=1y,dK_0.5y,CAR-target,r,0.012500000000000004,1.2500000000000004,54.47559309077721
1.0,t=1y,dK_0.5y,CAR-target,r,0.015,1.5,54.53993248757122
1.0,t=1y,dK_0.5y,CAR-target,r,0.0175,1.7500000000000002,54.60427188436504
1.0,t=1y,dK_0.5y,CAR-target,r,0.020000000000000004,2.0000000000000004,54.668611281158945
1.0,t=1y,dK_0.5y,CAR-target,r,0.0225,2.25,54.73295067795291
1.0,t=1y,dK_0.5y,CAR-target,r,0.025,2.5,54.79729007474684
1.0,t=1y,dK_0.5y,CAR-target,r,0.027500000000000004,2.7500000000000004,54.861629471540674
1.0,t=1y,dK_0.5y,CAR-target,r,0.03,3.0,54.925968868334614
1.0,t=1y,dK_0.5y,CAR-target,r,0.0325,3.25,54.99030826512855
1.0,t=1y,dK_0.5y,CAR-target,r,0.035,3.5000000000000004,55.05464766192243
1.0,t=1y,dK_0.5y,CAR-target,r,0.037500000000000006,3.7500000000000004,55.10454489319467
1.0,t=1y,dK_0.5y,CAR-target,r,0.04000000000000001,4.000000000000001,55.05441928779813
1.0,t=1y,dK_0.5y,CAR-target,r,0.042499999999999996,4.25,54.9865661495263
1.0,t=1y,dK_0.5y,CAR-target,r,0.045,4.5,54.986566149526354
1.0,t=1y,dK_0.5y,CAR-target,r,0.0475,4.75,54.98656614952634
1.0,t=1y,dK_0.5y,CAR-target,r,0.05,5.0,54.9865661495263
1.0,t=1y,dK_0.5y,CAR-target,r,0.052500000000000005,5.250000000000001,54.9865661495263
1.0,t=1y,dK_0.5y,CAR-target,r,0.05500000000000001,5.500000000000001,54.98656614952634
1.0,t=1y,dK_0.5y,CAR-target,r,0.05750000000000001,5.750000000000001,54.986566149526425
1.0,t=1y,dK_0.5y,CAR-target,r,0.06,6.0,54.98656614952628
1.0,t=1y,dK_0.5y,CAR-target,r,0.0625,6.25,54.98656614952628
1.0,t=1y,dK_0.5y,CAR-target,r,0.065,6.5,54.96239837119569
1.0,t=1y,dK_0.5y,CAR-target,r,0.0675,6.75,54.80768458062977
1.0,t=1y,dK_0.5y,CAR-target,r,0.07,7.000000000000001,54.67713856839458
1.0,t=1y,dK_0.5y,CAR-target,r,0.07250000000000001,7.250000000000001,54.677138568394525
1.0,t=1y,dK_0.5y,CAR-target,r,0.075,7.5,53.488540775911076
1.0,t=1y,dK_0.5y,CAR-target,r,0.0775,7.75,50.43648851569907
1.0,t=1y,dK_0.5y,CAR-target,r,0.08,8.0,46.709579580241325
1.0,t=1y,dK_0.5y,CAR-target,K,-25.0,-25.0,40.82437743301772
1.0,t=1y,dK_0.5y,CAR-target,K,-22.5,-22.5,40.82437743301772
1.0,t=1y,dK_0.5y,CAR-target,K,-20.0,-20.0,40.82437743301772
1.0,t=1y,dK_0.5y,CAR-target,K,-17.5,-17.5,40.82437743301772
1.0,t=1y,dK_0.5y,CAR-target,K,-15.0,-15.0,40.82437743301772
1.0,t=1y,dK_0.5y,CAR-target,K,-12.5,-12.5,40.82437743301772
1.0,t=1y,dK_0.5y,CAR-target,K,-10.0,-10.0,40.82437743301772
1.0,t=1y,dK_0.5y,CAR-target,K,-7.5,-7.5,40.82437743301772
1.0,t=1y,dK_0.5y,CAR-target,K,-5.0,-5.0,40.82437743301772
1.0,t=1y,dK_0.5y,CAR-target,K,-2.5,-2.5,40.82437743301772
1.0,t=1y,dK_0.5y,CAR-target,K,0.0,0.0,40.82437743301772
1.0,t=1y,dK_0.5y,CAR-target,K,2.5,2.5,40.82437743301772
1.0,t=1y,dK_0.5y,CAR-target,K,5.0,5.0,40.82437743301772
1.0,t=1y,dK_0.5y,CAR-target,K,7.5,7.5,40.82437743301772
1.0,t=1y,dK_0.5y,CAR-target,K,10.0,10.0,53.98264879391157
1.0,t=1y,dK_0.5y,CAR-target,K,12.5,12.5,54.22193849910193
1.0,t=1y,dK_0.5y,CAR-target,K,15.0,15.0,54.98656614952637
1.0,t=1y,dK_0.5y,CAR-target,K,17.5,17.5,54.98656614952637
1.0,t=1y,dK_0.5y,CAR-target,K,20.0,20.0,54.98656614952637
1.0,t=1y,dK_0.5y,CAR-target,K,22.5,22.5,54.98656614952637
1.0,t=1y,dK_0.5y,CAR-target,K,25.0,25.0,54.98656614952637
1.0,t=1y,dK_0.5y,CAR-target,K,27.5,27.5,54.98656614952637
1.0,t=1y,dK_0.5y,CAR-target,K,30.0,30.0,54.98656614952637
1.0,t=1y,dK_0.5y,CAR-target,K,32.5,32.5,54.98656614952637
1.0,t=1y,dK_0.5y,CAR-target,K,35.0,35.0,54.98656614952637
1.0,t=1y,dK_0.5y,CAR-target,q,0.0,0.0,7.081094358254404
1.0,t=1y,dK_0.5y,CAR-target,q,5.0,5.0,9.476367947817977
1.0,t=1y,dK_0.5y,CAR-target,q,10.0,10.0,11.871641537381604
1.0,t=1y,dK_0.5y,CAR-target,q,15.0,15.0,14.266915126945147
1.0,t=1y,dK_0.5y,CAR-target,q,20.0,20.0,16.662188716508776
1.0,t=1y,dK_0.5y,CAR-target,q,25.0,25.0,19.05746230607241
1.0,t=1y,dK_0.5y,CAR-target,q,30.0,30.0,21.452735895635954
1.0,t=1y,dK_0.5y,CAR-target,q,35.0,35.0,23.848009485199604
1.0,t=1y,dK_0.5y,CAR-target,q,40.0,40.0,26.24328307476318
1.0,t=1y,dK_0.5y,CAR-target,q,45.0,45.0,28.638556664326757
1.0,t=1y,dK_0.5y,CAR-target,q,50.0,50.0,31.033830253890383
1.0,t=1y,dK_0.5y,CAR-target,q,55.0,55.0,33.42910384345396
1.0,t=1y,dK_0.5y,CAR-target,q,60.0,60.0,35.82437743301756
1.0,t=1y,dK_0.5y,CAR-target,q,65.0,65.0,38.21965102258116
1.0,t=1y,dK_0.5y,CAR-target,q,70.0,70.0,40.61492461214478
1.0,t=1y,dK_0.5y,CAR-target,q,75.0,75.0,43.010198201708356
1.0,t=1y,dK_0.5y,CAR-target,q,80.0,80.0,45.405471791271964
1.0,t=1y,dK_0.5y,CAR-target,q,85.0,85.0,47.02444506452102
1.0,t=1y,dK_0.5y,CAR-target,q,90.0,90.0,49.07733883309464
1.0,t=1y,dK_0.5y,CAR-target,q,95.0,95.0,51.64075971909789
1.0,t=1y,dK_0.5y,CAR-target,q,100.0,100.0,54.79131434463588
1.0,t=1y,dK_0.5y,CAR-target,q,105.0,105.0,60.1228077216853
1.0,t=1y,dK_0.5y,CAR-target,q,110.0,110.0,60.49761575530234
1.0,t=1y,dK_0.5y,CAR-target,q,115.0,115.0,61.94850801504651
1.0,t=1y,dK_0.5y,CAR-target,q,120.0,120.0,64.477482027186
1.0,t=1y,dK_0.5y,CAR-target,q,125.0,125.0,68.82647770860109
1.0,t=1y,dK_0.5y,CAR-target,q,130.0,130.0,83.98058540613079
1.0,t=1y,dK_0.5y,CAR-target,q,135.0,135.0,84.11507420189389
1.0,t=1y,dK_0.5y,CAR-target,q,140.0,140.0,77.84352674357602
1.0,t=1y,dK_0.5y,MtM-band,r,-0.03,-3.0,35.30638638682785
1.0,t=1y,dK_0.5y,MtM-band,r,-0.0275,-2.75,37.79099234379953
1.0,t=1y,dK_0.5y,MtM-band,r,-0.024999999999999998,-2.5,39.82569385060742
1.0,t=1y,dK_0.5y,MtM-band,r,-0.0225,-2.25,40.61809237892976
1.0,t=1y,dK_0.5y,MtM-band,r,-0.019999999999999997,-1.9999999999999998,40.6180923789297
1.0,t=1y,dK_0.5y,MtM-band,r,-0.017499999999999998,-1.7499999999999998,40.70512305375303
1.0,t=1y,dK_0.5y,MtM-band,r,-0.015,-1.5,40.808265580797126
1.0,t=1y,dK_0.5y,MtM-band,r,-0.012499999999999997,-1.2499999999999998,40.82437743301762
1.0,t=1y,dK_0.5y,MtM-band,r,-0.009999999999999998,-0.9999999999999999,40.82437743301762
1.0,t=1y,dK_0.5y,MtM-band,r,-0.0075,-0.75,40.82437743301756
1.0,t=1y,dK_0.5y,MtM-band,r,-0.0049999999999999975,-0.4999999999999998,40.8243774330175
1.0,t=1y,dK_0.5y,MtM-band,r,-0.0024999999999999988,-0.2499999999999999,41.1777263901584
1.0,t=1y,dK_0.5y,MtM-band,r,0.0,0.0,41.70090925918856
1.0,t=1y,dK_0.5y,MtM-band,r,0.0025000000000000022,0.2500000000000002,41.360453117928046
1.0,t=1y,dK_0.5y,MtM-band,r,0.0050000000000000044,0.5000000000000004,40.85016306477854
1.0,t=1y,dK_0.5y,MtM-band,r,0.0075,0.75,51.49668014305831
1.0,t=1y,dK_0.5y,MtM-band,r,0.010000000000000002,1.0000000000000002,58.200901657733965
1.0,t=1y,dK_0.5y,MtM-band,r,0.012500000000000004,1.2500000000000004,46.95821118260582
1.0,t=1y,dK_0.5y,MtM-band,r,0.015,1.5,50.78856238872817
1.0,t=1y,dK_0.5y,MtM-band,r,0.0175,1.7500000000000002,157.79789749562278
1.0,t=1y,dK_0.5y,MtM-band,r,0.020000000000000004,2.0000000000000004,146.7928399934852
1.0,t=1y,dK_0.5y,MtM-band,r,0.0225,2.25,28.722798116337508
1.0,t=1y,dK_0.5y,MtM-band,r,0.025,2.5,45.94824505415108
1.0,t=1y,dK_0.5y,MtM-band,r,0.027500000000000004,2.7500000000000004,64.23755975411169
1.0,t=1y,dK_0.5y,MtM-band,r,0.03,3.0,-69.80177002333124
1.0,t=1y,dK_0.5y,MtM-band,r,0.0325,3.25,-87.16162309055804
1.0,t=1y,dK_0.5y,MtM-band,r,0.035,3.5000000000000004,31.151392516579932
1.0,t=1y,dK_0.5y,MtM-band,r,0.037500000000000006,3.7500000000000004,35.04852425736163
1.0,t=1y,dK_0.5y,MtM-band,r,0.04000000000000001,4.000000000000001,22.686140019959645
1.0,t=1y,dK_0.5y,MtM-band,r,0.042499999999999996,4.25,29.516426813545507
1.0,t=1y,dK_0.5y,MtM-band,r,0.045,4.5,40.85016306477854
1.0,t=1y,dK_0.5y,MtM-band,r,0.0475,4.75,40.28965476714422
1.0,t=1y,dK_0.5y,MtM-band,r,0.05,5.0,39.90060476714067
1.0,t=1y,dK_0.5y,MtM-band,r,0.052500000000000005,5.250000000000001,40.4482202488945
1.0,t=1y,dK_0.5y,MtM-band,r,0.05500000000000001,5.500000000000001,40.82437743301757
1.0,t=1y,dK_0.5y,MtM-band,r,0.05750000000000001,5.750000000000001,40.82437743301762
1.0,t=1y,dK_0.5y,MtM-band,r,0.06,6.0,40.8243774330175
1.0,t=1y,dK_0.5y,MtM-band,r,0.0625,6.25,40.82437743301752
1.0,t=1y,dK_0.5y,MtM-band,r,0.065,6.5,40.808265580797155
1.0,t=1y,dK_0.5y,MtM-band,r,0.0675,6.75,40.7051230537532
1.0,t=1y,dK_0.5y,MtM-band,r,0.07,7.000000000000001,40.618092378929674
1.0,t=1y,dK_0.5y,MtM-band,r,0.07250000000000001,7.250000000000001,40.61809237892973
1.0,t=1y,dK_0.5y,MtM-band,r,0.075,7.5,39.825693850607394
1.0,t=1y,dK_0.5y,MtM-band,r,0.0775,7.75,37.79099234379933
1.0,t=1y,dK_0.5y,MtM-band,r,0.08,8.0,35.306386386827626
1.0,t=1y,dK_0.5y,MtM-band,K,-25.0,-25.0,44.348375812748976
1.0,t=1y,dK_0.5y,MtM-band,K,-22.5,-22.5,44.348375812748976
1.0,t=1y,dK_0.5y,MtM-band,K,-20.0,-20.0,44.348375812748976
1.0,t=1y,dK_0.5y,MtM-band,K,-17.5,-17.5,44.348375812748976
1.0,t=1y,dK_0.5y,MtM-band,K,-15.0,-15.0,44.348375812748976
1.0,t=1y,dK_0.5y,MtM-band,K,-12.5,-12.5,44.348375812748976
1.0,t=1y,dK_0.5y,MtM-band,K,-10.0,-10.0,44.348375812748976
1.0,t=1y,dK_0.5y,MtM-band,K,-7.5,-7.5,44.348375812748976
1.0,t=1y,dK_0.5y,MtM-band,K,-5.0,-5.0,44.348375812748976
1.0,t=1y,dK_0.5y,MtM-band,K,-2.5,-2.5,44.348375812748976
1.0,t=1y,dK_0.5y,MtM-band,K,0.0,0.0,44.348375812748976
1.0,t=1y,dK_0.5y,MtM-band,K,2.5,2.5,44.348375812748976
1.0,t=1y,dK_0.5y,MtM-band,K,5.0,5.0,44.348375812748976
1.0,t=1y,dK_0.5y,MtM-band,K,7.5,7.5,44.348375812748976
1.0,t=1y,dK_0.5y,MtM-band,K,10.0,10.0,49.95480054984769
1.0,t=1y,dK_0.5y,MtM-band,K,12.5,12.5,44.34837581274898
1.0,t=1y,dK_0.5y,MtM-band,K,15.0,15.0,44.34837581274898
1.0,t=1y,dK_0.5y,MtM-band,K,17.5,17.5,44.34837581274898
1.0,t=1y,dK_0.5y,MtM-band,K,20.0,20.0,44.34837581274898
1.0,t=1y,dK_0.5y,MtM-band,K,22.5,22.5,44.34837581274898
1.0,t=1y,dK_0.5y,MtM-band,K,25.0,25.0,44.34837581274898
1.0,t=1y,dK_0.5y,MtM-band,K,27.5,27.5,44.34837581274898
1.0,t=1y,dK_0.5y,MtM-band,K,30.0,30.0,44.34837581274898
1.0,t=1y,dK_0.5y,MtM-band,K,32.5,32.5,44.34837581274898
1.0,t=1y,dK_0.5y,MtM-band,K,35.0,35.0,44.34837581274898
1.0,t=1y,dK_0.5y,MtM-band,q,0.0,0.0,0.0
1.0,t=1y,dK_0.5y,MtM-band,q,5.0,5.0,2.3952735895635984
1.0,t=1y,dK_0.5y,MtM-band,q,10.0,10.0,4.790547179127196
1.0,t=1y,dK_0.5y,MtM-band,q,15.0,15.0,7.185820768690794
1.0,t=1y,dK_0.5y,MtM-band,q,20.0,20.0,9.581094358254392
1.0,t=1y,dK_0.5y,MtM-band,q,25.0,25.0,11.976543876309066
1.0,t=1y,dK_0.5y,MtM-band,q,30.0,30.0,14.418342082230126
1.0,t=1y,dK_0.5y,MtM-band,q,35.0,35.0,16.97552912099425
1.0,t=1y,dK_0.5y,MtM-band,q,40.0,40.0,19.141968877238035
1.0,t=1y,dK_0.5y,MtM-band,q,45.0,45.0,21.15585395550309
1.0,t=1y,dK_0.5y,MtM-band,q,50.0,50.0,24.492491903901627
1.0,t=1y,dK_0.5y,MtM-band,q,55.0,55.0,27.685999548197636
1.0,t=1y,dK_0.5y,MtM-band,q,60.0,60.0,33.225899566184026
1.0,t=1y,dK_0.5y,MtM-band,q,65.0,65.0,37.1379513446104
1.0,t=1y,dK_0.5y,MtM-band,q,70.0,70.0,32.58975894383126
1.0,t=1y,dK_0.5y,MtM-band,q,75.0,75.0,34.824409094298844
1.0,t=1y,dK_0.5y,MtM-band,q,80.0,80.0,35.48578716959379
1.0,t=1y,dK_0.5y,MtM-band,q,85.0,85.0,36.809354071339015
1.0,t=1y,dK_0.5y,MtM-band,q,90.0,90.0,39.557828633621796
1.0,t=1y,dK_0.5y,MtM-band,q,95.0,95.0,41.953102223185375
1.0,t=1y,dK_0.5y,MtM-band,q,100.0,100.0,44.34837581274898
1.0,t=1y,dK_0.5y,MtM-band,q,105.0,105.0,47.82435131851606
1.0,t=1y,dK_0.5y,MtM-band,q,110.0,110.0,51.492254790505754
1.0,t=1y,dK_0.5y,MtM-band,q,115.0,115.0,57.060370967522545
1.0,t=1y,dK_0.5y,MtM-band,q,120.0,120.0,57.06256631488021
1.0,t=1y,dK_0.5y,MtM-band,q,125.0,125.0,67.38484659838166
1.0,t=1y,dK_0.5y,MtM-band,q,130.0,130.0,66.54445284018118
1.0,t=1y,dK_0.5y,MtM-band,q,135.0,135.0,69.43438190917585
1.0,t=1y,dK_0.5y,MtM-band,q,140.0,140.0,79.27585163583007
1.0,t=1y,dK_0.5y,0.5y-greedy,r,-0.03,-3.0,41.88209293657908
1.0,t=1y,dK_0.5y,0.5y-greedy,r,-0.0275,-2.75,44.84885448424609
1.0,t=1y,dK_0.5y,0.5y-greedy,r,-0.024999999999999998,-2.5,45.89971167031034
1.0,t=1y,dK_0.5y,0.5y-greedy,r,-0.0225,-2.25,47.488387713670946
1.0,t=1y,dK_0.5y,0.5y-greedy,r,-0.019999999999999997,-1.9999999999999998,51.16907566038687
1.0,t=1y,dK_0.5y,0.5y-greedy,r,-0.017499999999999998,-1.7499999999999998,53.384134061539626
1.0,t=1y,dK_0.5y,0.5y-greedy,r,-0.015,-1.5,51.07012168992312
1.0,t=1y,dK_0.5y,0.5y-greedy,r,-0.012499999999999997,-1.2499999999999998,49.6658670493905
1.0,t=1y,dK_0.5y,0.5y-greedy,r,-0.009999999999999998,-0.9999999999999999,49.51483389650659
1.0,t=1y,dK_0.5y,0.5y-greedy,r,-0.0075,-0.75,47.895415137367664
1.0,t=1y,dK_0.5y,0.5y-greedy,r,-0.0049999999999999975,-0.4999999999999998,47.929267297669085
1.0,t=1y,dK_0.5y,0.5y-greedy,r,-0.0024999999999999988,-0.2499999999999999,47.999049948677595
1.0,t=1y,dK_0.5y,0.5y-greedy,r,0.0,0.0,47.968697220525954
1.0,t=1y,dK_0.5y,0.5y-greedy,r,0.0025000000000000022,0.2500000000000002,47.90547179127191
1.0,t=1y,dK_0.5y,0.5y-greedy,r,0.0050000000000000044,0.5000000000000004,47.905471791271964
1.0,t=1y,dK_0.5y,0.5y-greedy,r,0.0075,0.75,47.90547179127199
1.0,t=1y,dK_0.5y,0.5y-greedy,r,0.010000000000000002,1.0000000000000002,47.90547179127195
1.0,t=1y,dK_0.5y,0.5y-greedy,r,0.012500000000000004,1.2500000000000004,47.90547179127192
1.0,t=1y,dK_0.5y,0.5y-greedy,r,0.015,1.5,47.90547179127195
1.0,t=1y,dK_0.5y,0.5y-greedy,r,0.0175,1.7500000000000002,47.90547179127195
1.0,t=1y,dK_0.5y,0.5y-greedy,r,0.020000000000000004,2.0000000000000004,47.90547179127192
1.0,t=1y,dK_0.5y,0.5y-greedy,r,0.0225,2.25,47.90547179127194
1.0,t=1y,dK_0.5y,0.5y-greedy,r,0.025,2.5,47.90547179127195
1.0,t=1y,dK_0.5y,0.5y-greedy,r,0.027500000000000004,2.7500000000000004,47.90547179127192
1.0,t=1y,dK_0.5y,0.5y-greedy,r,0.03,3.0,47.90547179127192
1.0,t=1y,dK_0.5y,0.5y-greedy,r,0.0325,3.25,47.90547179127195
1.0,t=1y,dK_0.5y,0.5y-greedy,r,0.035,3.5000000000000004,47.905471791271935
1.0,t=1y,dK_0.5y,0.5y-greedy,r,0.037500000000000006,3.7500000000000004,47.90547179127195
1.0,t=1y,dK_0.5y,0.5y-greedy,r,0.04000000000000001,4.000000000000001,47.90547179127195
1.0,t=1y,dK_0.5y,0.5y-greedy,r,0.042499999999999996,4.25,47.90547179127191
1.0,t=1y,dK_0.5y,0.5y-greedy,r,0.045,4.5,47.905471791271964
1.0,t=1y,dK_0.5y,0.5y-greedy,r,0.0475,4.75,47.905471791271964
1.0,t=1y,dK_0.5y,0.5y-greedy,r,0.05,5.0,47.83717196610519
1.0,t=1y,dK_0.5y,0.5y-greedy,r,0.052500000000000005,5.250000000000001,47.803667591439364
1.0,t=1y,dK_0.5y,0.5y-greedy,r,0.05500000000000001,5.500000000000001,47.878413824546385
1.0,t=1y,dK_0.5y,0.5y-greedy,r,0.05750000000000001,5.750000000000001,47.918364607152455
1.0,t=1y,dK_0.5y,0.5y-greedy,r,0.06,6.0,46.12518055377427
1.0,t=1y,dK_0.5y,0.5y-greedy,r,0.0625,6.25,45.93972431097899
1.0,t=1y,dK_0.5y,0.5y-greedy,r,0.065,6.5,48.158604915496085
1.0,t=1y,dK_0.5y,0.5y-greedy,r,0.0675,6.75,47.06221230974012
1.0,t=1y,dK_0.5y,0.5y-greedy,r,0.07,7.000000000000001,45.409948387478664
1.0,t=1y,dK_0.5y,0.5y-greedy,r,0.07250000000000001,7.250000000000001,48.180188190852164
1.0,t=1y,dK_0.5y,0.5y-greedy,r,0.075,7.5,49.54610693766739
1.0,t=1y,dK_0.5y,0.5y-greedy,r,0.0775,7.75,44.927210521548886
1.0,t=1y,dK_0.5y,0.5y-greedy,r,0.08,8.0,38.38749684757067
1.0,t=1y,dK_0.5y,0.5y-greedy,K,-25.0,-25.0,47.905471791272014
1.0,t=1y,dK_0.5y,0.5y-greedy,K,-22.5,-22.5,47.905471791272014
1.0,t=1y,dK_0.5y,0.5y-greedy,K,-20.0,-20.0,47.905471791272014
1.0,t=1y,dK_0.5y,0.5y-greedy,K,-17.5,-17.5,47.905471791272014
1.0,t=1y,dK_0.5y,0.5y-greedy,K,-15.0,-15.0,47.905471791272014
1.0,t=1y,dK_0.5y,0.5y-greedy,K,-12.5,-12.5,47.905471791272014
1.0,t=1y,dK_0.5y,0.5y-greedy,K,-10.0,-10.0,47.905471791272014
1.0,t=1y,dK_0.5y,0.5y-greedy,K,-7.5,-7.5,47.905471791272014
1.0,t=1y,dK_0.5y,0.5y-greedy,K,-5.0,-5.0,47.90547179127206
1.0,t=1y,dK_0.5y,0.5y-greedy,K,-2.5,-2.5,47.90547179127206
1.0,t=1y,dK_0.5y,0.5y-greedy,K,0.0,0.0,47.90547179127206
1.0,t=1y,dK_0.5y,0.5y-greedy,K,2.5,2.5,47.90547179127206
1.0,t=1y,dK_0.5y,0.5y-greedy,K,5.0,5.0,47.90547179127206
1.0,t=1y,dK_0.5y,0.5y-greedy,K,7.5,7.5,47.90547179127206
1.0,t=1y,dK_0.5y,0.5y-greedy,K,10.0,10.0,53.511896528370656
1.0,t=1y,dK_0.5y,0.5y-greedy,K,12.5,12.5,47.90547179127195
1.0,t=1y,dK_0.5y,0.5y-greedy,K,15.0,15.0,47.90547179127195
1.0,t=1y,dK_0.5y,0.5y-greedy,K,17.5,17.5,47.90547179127195
1.0,t=1y,dK_0.5y,0.5y-greedy,K,20.0,20.0,47.90547179127195
1.0,t=1y,dK_0.5y,0.5y-greedy,K,22.5,22.5,47.90547179127195
1.0,t=1y,dK_0.5y,0.5y-greedy,K,25.0,25.0,47.90547179127195
1.0,t=1y,dK_0.5y,0.5y-greedy,K,27.5,27.5,47.90547179127195
1.0,t=1y,dK_0.5y,0.5y-greedy,K,30.0,30.0,47.90547179127195
1.0,t=1y,dK_0.5y,0.5y-greedy,K,32.5,32.5,47.90547179127195
1.0,t=1y,dK_0.5y,0.5y-greedy,K,35.0,35.0,47.90547179127195
1.0,t=1y,dK_0.5y,0.5y-greedy,q,0.0,0.0,0.0
1.0,t=1y,dK_0.5y,0.5y-greedy,q,5.0,5.0,2.3952735895635984
1.0,t=1y,dK_0.5y,0.5y-greedy,q,10.0,10.0,4.790547179127196
1.0,t=1y,dK_0.5y,0.5y-greedy,q,15.0,15.0,7.185820768690794
1.0,t=1y,dK_0.5y,0.5y-greedy,q,20.0,20.0,9.581094358254392
1.0,t=1y,dK_0.5y,0.5y-greedy,q,25.0,25.0,11.976367947817987
1.0,t=1y,dK_0.5y,0.5y-greedy,q,30.0,30.0,14.37164153738159
1.0,t=1y,dK_0.5y,0.5y-greedy,q,35.0,35.0,16.766915126945186
1.0,t=1y,dK_0.5y,0.5y-greedy,q,40.0,40.0,19.162188716508783
1.0,t=1y,dK_0.5y,0.5y-greedy,q,45.0,45.0,21.55746230607238
1.0,t=1y,dK_0.5y,0.5y-greedy,q,50.0,50.0,23.952735895635975
1.0,t=1y,dK_0.5y,0.5y-greedy,q,55.0,55.0,26.348009485199576
1.0,t=1y,dK_0.5y,0.5y-greedy,q,60.0,60.0,28.74328307476318
1.0,t=1y,dK_0.5y,0.5y-greedy,q,65.0,65.0,31.138556664326774
1.0,t=1y,dK_0.5y,0.5y-greedy,q,70.0,70.0,33.53383025389037
1.0,t=1y,dK_0.5y,0.5y-greedy,q,75.0,75.0,35.92910384345397
1.0,t=1y,dK_0.5y,0.5y-greedy,q,80.0,80.0,38.32437743301757
1.0,t=1y,dK_0.5y,0.5y-greedy,q,85.0,85.0,40.71971717340332
1.0,t=1y,dK_0.5y,0.5y-greedy,q,90.0,90.0,43.11602736434988
1.0,t=1y,dK_0.5y,0.5y-greedy,q,95.0,95.0,45.51019820170836
1.0,t=1y,dK_0.5y,0.5y-greedy,q,100.0,100.0,47.90547179127195
1.0,t=1y,dK_0.5y,0.5y-greedy,q,105.0,105.0,50.4458802027564
1.0,t=1y,dK_0.5y,0.5y-greedy,q,110.0,110.0,53.33934230937862
1.0,t=1y,dK_0.5y,0.5y-greedy,q,115.0,115.0,57.020593141724234
1.0,t=1y,dK_0.5y,0.5y-greedy,q,120.0,120.0,59.20452319430796
1.0,t=1y,dK_0.5y,0.5y-greedy,q,125.0,125.0,61.6713783274041
1.0,t=1y,dK_0.5y,0.5y-greedy,q,130.0,130.0,65.38140789061586
1.0,t=1y,dK_0.5y,0.5y-greedy,q,135.0,135.0,68.97264908002467
1.0,t=1y,dK_0.5y,0.5y-greedy,q,140.0,140.0,74.90764721189917
1.0,t=1y,dK_0.5y,Optimal V,r,-0.03,-3.0,35.30638638682785
1.0,t=1y,dK_0.5y,Optimal V,r,-0.0275,-2.75,37.79099234379953
1.0,t=1y,dK_0.5y,Optimal V,r,-0.024999999999999998,-2.5,39.82569385060742
1.0,t=1y,dK_0.5y,Optimal V,r,-0.0225,-2.25,40.633025209671004
1.0,t=1y,dK_0.5y,Optimal V,r,-0.019999999999999997,-1.9999999999999998,40.82449918605177
1.0,t=1y,dK_0.5y,Optimal V,r,-0.017499999999999998,-1.7499999999999998,40.910860595416715
1.0,t=1y,dK_0.5y,Optimal V,r,-0.015,-1.5,41.09278182202313
1.0,t=1y,dK_0.5y,Optimal V,r,-0.012499999999999997,-1.2499999999999998,42.520910974125584
1.0,t=1y,dK_0.5y,Optimal V,r,-0.009999999999999998,-0.9999999999999999,45.82383849145225
1.0,t=1y,dK_0.5y,Optimal V,r,-0.0075,-0.75,45.40418834444124
1.0,t=1y,dK_0.5y,Optimal V,r,-0.0049999999999999975,-0.4999999999999998,47.05065540175574
1.0,t=1y,dK_0.5y,Optimal V,r,-0.0024999999999999988,-0.2499999999999999,57.38518031975426
1.0,t=1y,dK_0.5y,Optimal V,r,0.0,0.0,55.207001035772045
1.0,t=1y,dK_0.5y,Optimal V,r,0.0025000000000000022,0.2500000000000002,92.31067988812629
1.0,t=1y,dK_0.5y,Optimal V,r,0.0050000000000000044,0.5000000000000004,94.30743414719268
1.0,t=1y,dK_0.5y,Optimal V,r,0.0075,0.75,65.52314273205735
1.0,t=1y,dK_0.5y,Optimal V,r,0.010000000000000002,1.0000000000000002,69.78908498588869
1.0,t=1y,dK_0.5y,Optimal V,r,0.012500000000000004,1.2500000000000004,56.03070193947243
1.0,t=1y,dK_0.5y,Optimal V,r,0.015,1.5,51.32244299863604
1.0,t=1y,dK_0.5y,Optimal V,r,0.0175,1.7500000000000002,53.03463258572107
1.0,t=1y,dK_0.5y,Optimal V,r,0.020000000000000004,2.0000000000000004,66.17181246184299
1.0,t=1y,dK_0.5y,Optimal V,r,0.0225,2.25,69.61142782044523
1.0,t=1y,dK_0.5y,Optimal V,r,0.025,2.5,55.4230564816235
1.0,t=1y,dK_0.5y,Optimal V,r,0.027500000000000004,2.7500000000000004,49.96861346895247
1.0,t=1y,dK_0.5y,Optimal V,r,0.03,3.0,49.19182720740494
1.0,t=1y,dK_0.5y,Optimal V,r,0.0325,3.25,46.59928196344235
1.0,t=1y,dK_0.5y,Optimal V,r,0.035,3.5000000000000004,46.8528662121304
1.0,t=1y,dK_0.5y,Optimal V,r,0.037500000000000006,3.7500000000000004,34.79381127641922
1.0,t=1y,dK_0.5y,Optimal V,r,0.04000000000000001,4.000000000000001,30.471358966142766
1.0,t=1y,dK_0.5y,Optimal V,r,0.042499999999999996,4.25,43.9549363317756
1.0,t=1y,dK_0.5y,Optimal V,r,0.045,4.5,48.51125952990749
1.0,t=1y,dK_0.5y,Optimal V,r,0.0475,4.75,46.88555271596259
1.0,t=1y,dK_0.5y,Optimal V,r,0.05,5.0,48.69487524485331
1.0,t=1y,dK_0.5y,Optimal V,r,0.052500000000000005,5.250000000000001,50.55508055100819
1.0,t=1y,dK_0.5y,Optimal V,r,0.05500000000000001,5.500000000000001,50.41296783335058
1.0,t=1y,dK_0.5y,Optimal V,r,0.05750000000000001,5.750000000000001,42.557618300247135
1.0,t=1y,dK_0.5y,Optimal V,r,0.06,6.0,10.722209002988835
1.0,t=1y,dK_0.5y,Optimal V,r,0.0625,6.25,10.365018003523373
1.0,t=1y,dK_0.5y,Optimal V,r,0.065,6.5,43.79695021403328
1.0,t=1y,dK_0.5y,Optimal V,r,0.0675,6.75,41.886593314553565
1.0,t=1y,dK_0.5y,Optimal V,r,0.07,7.000000000000001,29.96288749642609
1.0,t=1y,dK_0.5y,Optimal V,r,0.07250000000000001,7.250000000000001,41.9808755109501
1.0,t=1y,dK_0.5y,Optimal V,r,0.075,7.5,50.69280753201078
1.0,t=1y,dK_0.5y,Optimal V,r,0.0775,7.75,36.72134403205715
1.0,t=1y,dK_0.5y,Optimal V,r,0.08,8.0,15.285909716626009
1.0,t=1y,dK_0.5y,Optimal V,K,-25.0,-25.0,40.82437743301772
1.0,t=1y,dK_0.5y,Optimal V,K,-22.5,-22.5,40.82437743301772
1.0,t=1y,dK_0.5y,Optimal V,K,-20.0,-20.0,40.82437743301772
1.0,t=1y,dK_0.5y,Optimal V,K,-17.5,-17.5,40.82437743301772
1.0,t=1y,dK_0.5y,Optimal V,K,-15.0,-15.0,40.82437743301772
1.0,t=1y,dK_0.5y,Optimal V,K,-12.5,-12.5,40.82437743301772
1.0,t=1y,dK_0.5y,Optimal V,K,-10.0,-10.0,40.82437743301772
1.0,t=1y,dK_0.5y,Optimal V,K,-7.5,-7.5,40.82437743301772
1.0,t=1y,dK_0.5y,Optimal V,K,-5.0,-5.0,40.82437743301772
1.0,t=1y,dK_0.5y,Optimal V,K,-2.5,-2.5,40.82437743301772
1.0,t=1y,dK_0.5y,Optimal V,K,0.0,0.0,40.82437743301772
1.0,t=1y,dK_0.5y,Optimal V,K,2.5,2.5,40.82437743301772
1.0,t=1y,dK_0.5y,Optimal V,K,5.0,5.0,40.82437743301772
1.0,t=1y,dK_0.5y,Optimal V,K,7.5,7.5,41.94500756018703
1.0,t=1y,dK_0.5y,Optimal V,K,10.0,10.0,62.5057274029103
1.0,t=1y,dK_0.5y,Optimal V,K,12.5,12.5,77.48298833774967
1.0,t=1y,dK_0.5y,Optimal V,K,15.0,15.0,49.627900078494136
1.0,t=1y,dK_0.5y,Optimal V,K,17.5,17.5,50.59264626691253
1.0,t=1y,dK_0.5y,Optimal V,K,20.0,20.0,50.55448121206476
1.0,t=1y,dK_0.5y,Optimal V,K,22.5,22.5,50.55448121206476
1.0,t=1y,dK_0.5y,Optimal V,K,25.0,25.0,50.55448121206476
1.0,t=1y,dK_0.5y,Optimal V,K,27.5,27.5,50.55448121206476
1.0,t=1y,dK_0.5y,Optimal V,K,30.0,30.0,50.55448121206476
1.0,t=1y,dK_0.5y,Optimal V,K,32.5,32.5,50.55448121206476
1.0,t=1y,dK_0.5y,Optimal V,K,35.0,35.0,50.55448121206476
1.0,t=1y,dK_0.5y,Optimal V,q,0.0,0.0,-3.1540503140748326
1.0,t=1y,dK_0.5y,Optimal V,q,5.0,5.0,-0.5963594585064889
1.0,t=1y,dK_0.5y,Optimal V,q,10.0,10.0,1.2833589358490465
1.0,t=1y,dK_0.5y,Optimal V,q,15.0,15.0,3.6786325254126453
1.0,t=1y,dK_0.5y,Optimal V,q,20.0,20.0,6.453815929076978
1.0,t=1y,dK_0.5y,Optimal V,q,25.0,25.0,8.849089518640577
1.0,t=1y,dK_0.5y,Optimal V,q,30.0,30.0,11.244363108204174
1.0,t=1y,dK_0.5y,Optimal V,q,35.0,35.0,13.63963669776777
1.0,t=1y,dK_0.5y,Optimal V,q,40.0,40.0,19.41872648988862
1.0,t=1y,dK_0.5y,Optimal V,q,45.0,45.0,21.814000079452214
1.0,t=1y,dK_0.5y,Optimal V,q,50.0,50.0,24.20924638833195
1.0,t=1y,dK_0.5y,Optimal V,q,55.0,55.0,26.60451724982716
1.0,t=1y,dK_0.5y,Optimal V,q,60.0,60.0,28.99974852355312
1.0,t=1y,dK_0.5y,Optimal V,q,65.0,65.0,31.395016086067553
1.0,t=1y,dK_0.5y,Optimal V,q,70.0,70.0,34.39604383772928
1.0,t=1y,dK_0.5y,Optimal V,q,75.0,75.0,36.79116309338235
1.0,t=1y,dK_0.5y,Optimal V,q,80.0,80.0,40.99205698675591
1.0,t=1y,dK_0.5y,Optimal V,q,85.0,85.0,43.073875560140294
1.0,t=1y,dK_0.5y,Optimal V,q,90.0,90.0,45.805152566036
1.0,t=1y,dK_0.5y,Optimal V,q,95.0,95.0,52.858481749716596
1.0,t=1y,dK_0.5y,Optimal V,q,100.0,100.0,56.74084747842728
1.0,t=1y,dK_0.5y,Optimal V,q,105.0,105.0,58.639148189439354
1.0,t=1y,dK_0.5y,Optimal V,q,110.0,110.0,56.88710079760787
1.0,t=1y,dK_0.5y,Optimal V,q,115.0,115.0,70.20636471676195
1.0,t=1y,dK_0.5y,Optimal V,q,120.0,120.0,95.71814112076527
1.0,t=1y,dK_0.5y,Optimal V,q,125.0,125.0,92.03139205839913
1.0,t=1y,dK_0.5y,Optimal V,q,130.0,130.0,70.97890626335382
1.0,t=1y,dK_0.5y,Optimal V,q,135.0,135.0,74.63743203623366
1.0,t=1y,dK_0.5y,Optimal V,q,140.0,140.0,89.9958117958261
1.0,t=1y,dK_1y,Passive q,r,-0.03,-3.0,77.48088089434336
1.0,t=1y,dK_1y,Passive q,r,-0.0275,-2.75,85.6676344116209
1.0,t=1y,dK_1y,Passive q,r,-0.024999999999999998,-2.5,92.47138746332388
1.0,t=1y,dK_1y,Passive q,r,-0.0225,-2.25,95.4463028331547
1.0,t=1y,dK_1y,Passive q,r,-0.019999999999999997,-1.9999999999999998,95.7394396299872
1.0,t=1y,dK_1y,Passive q,r,-0.017499999999999998,-1.7499999999999998,95.83648817540984
1.0,t=1y,dK_1y,Passive q,r,-0.015,-1.5,95.7454218499268
1.0,t=1y,dK_1y,Passive q,r,-0.012499999999999997,-1.2499999999999998,95.37499757109194
1.0,t=1y,dK_1y,Passive q,r,-0.009999999999999998,-0.9999999999999999,94.91544159240816
1.0,t=1y,dK_1y,Passive q,r,-0.0075,-0.75,94.41062865139969
1.0,t=1y,dK_1y,Passive q,r,-0.0049999999999999975,-0.4999999999999998,93.89461501734948
1.0,t=1y,dK_1y,Passive q,r,-0.0024999999999999988,-0.2499999999999999,93.37798542720682
1.0,t=1y,dK_1y,Passive q,r,0.0,0.0,92.8683561843493
1.0,t=1y,dK_1y,Passive q,r,0.0025000000000000022,0.2500000000000002,92.36653696543071
1.0,t=1y,dK_1y,Passive q,r,0.0050000000000000044,0.5000000000000004,91.86573953655522
1.0,t=1y,dK_1y,Passive q,r,0.0075,0.75,91.36376213156474
1.0,t=1y,dK_1y,Passive q,r,0.010000000000000002,1.0000000000000002,90.87936619865843
1.0,t=1y,dK_1y,Passive q,r,0.012500000000000004,1.2500000000000004,90.41381363510745
1.0,t=1y,dK_1y,Passive q,r,0.015,1.5,89.93250353633368
1.0,t=1y,dK_1y,Passive q,r,0.0175,1.7500000000000002,89.45817908220153
1.0,t=1y,dK_1y,Passive q,r,0.020000000000000004,2.0000000000000004,89.06692273912593
1.0,t=1y,dK_1y,Passive q,r,0.0225,2.25,88.73516648417024
1.0,t=1y,dK_1y,Passive q,r,0.025,2.5,88.38300795045433
1.0,t=1y,dK_1y,Passive q,r,0.027500000000000004,2.7500000000000004,88.1820452326704
1.0,t=1y,dK_1y,Passive q,r,0.03,3.0,88.15897137453507
1.0,t=1y,dK_1y,Passive q,r,0.0325,3.25,88.14044711698719
1.0,t=1y,dK_1y,Passive q,r,0.035,3.5000000000000004,88.12710228929495
1.0,t=1y,dK_1y,Passive q,r,0.037500000000000006,3.7500000000000004,88.12229250157743
1.0,t=1y,dK_1y,Passive q,r,0.04000000000000001,4.000000000000001,88.1213471264696
1.0,t=1y,dK_1y,Passive q,r,0.042499999999999996,4.25,88.12054588132483
1.0,t=1y,dK_1y,Passive q,r,0.045,4.5,88.11993396644891
1.0,t=1y,dK_1y,Passive q,r,0.0475,4.75,88.11934511752177
1.0,t=1y,dK_1y,Passive q,r,0.05,5.0,88.11848033136948
1.0,t=1y,dK_1y,Passive q,r,0.052500000000000005,5.250000000000001,88.11638685267934
1.0,t=1y,dK_1y,Passive q,r,0.05500000000000001,5.500000000000001,88.11140248118284
1.0,t=1y,dK_1y,Passive q,r,0.05750000000000001,5.750000000000001,88.10006311351879
1.0,t=1y,dK_1y,Passive q,r,0.06,6.0,88.07452758578847
1.0,t=1y,dK_1y,Passive q,r,0.0625,6.25,88.00124411463673
1.0,t=1y,dK_1y,Passive q,r,0.065,6.5,87.83910398222747
1.0,t=1y,dK_1y,Passive q,r,0.0675,6.75,87.41698056496693
1.0,t=1y,dK_1y,Passive q,r,0.07,7.000000000000001,86.81425670720648
1.0,t=1y,dK_1y,Passive q,r,0.07250000000000001,7.250000000000001,86.02009410366168
1.0,t=1y,dK_1y,Passive q,r,0.075,7.5,82.82702293704256
1.0,t=1y,dK_1y,Passive q,r,0.0775,7.75,76.2550584544598
1.0,t=1y,dK_1y,Passive q,r,0.08,8.0,68.48301800887474
1.0,t=1y,dK_1y,Passive q,K,-25.0,-25.0,88.1200564197164
1.0,t=1y,dK_1y,Passive q,K,-22.5,-22.5,88.1200564197164
1.0,t=1y,dK_1y,Passive q,K,-20.0,-20.0,88.1200564197164
1.0,t=1y,dK_1y,Passive q,K,-17.5,-17.5,88.1200564197164
1.0,t=1y,dK_1y,Passive q,K,-15.0,-15.0,88.1200564197164
1.0,t=1y,dK_1y,Passive q,K,-12.5,-12.5,88.1200564197164
1.0,t=1y,dK_1y,Passive q,K,-10.0,-10.0,88.1200564197164
1.0,t=1y,dK_1y,Passive q,K,-7.5,-7.5,88.1200564197164
1.0,t=1y,dK_1y,Passive q,K,-5.0,-5.0,88.1200564197164
1.0,t=1y,dK_1y,Passive q,K,-2.5,-2.5,88.1200564197164
1.0,t=1y,dK_1y,Passive q,K,0.0,0.0,88.1200564197164
1.0,t=1y,dK_1y,Passive q,K,2.5,2.5,88.1200564197164
1.0,t=1y,dK_1y,Passive q,K,5.0,5.0,88.1200564197164
1.0,t=1y,dK_1y,Passive q,K,7.5,7.5,88.1200564197164
1.0,t=1y,dK_1y,Passive q,K,10.0,10.0,118.18783420891035
1.0,t=1y,dK_1y,Passive q,K,12.5,12.5,89.22393658283809
1.0,t=1y,dK_1y,Passive q,K,15.0,15.0,88.13855870695687
1.0,t=1y,dK_1y,Passive q,K,17.5,17.5,88.12005641971643
1.0,t=1y,dK_1y,Passive q,K,20.0,20.0,88.12005641971643
1.0,t=1y,dK_1y,Passive q,K,22.5,22.5,88.12005641971643
1.0,t=1y,dK_1y,Passive q,K,25.0,25.0,88.12005641971643
1.0,t=1y,dK_1y,Passive q,K,27.5,27.5,88.12005641971643
1.0,t=1y,dK_1y,Passive q,K,30.0,30.0,88.12005641971643
1.0,t=1y,dK_1y,Passive q,K,32.5,32.5,88.12005641971646
1.0,t=1y,dK_1y,Passive q,K,35.0,35.0,88.12005641971643
1.0,t=1y,dK_1y,Passive q,q,0.0,0.0,0.0
1.0,t=1y,dK_1y,Passive q,q,5.0,5.0,4.406002820985823
1.0,t=1y,dK_1y,Passive q,q,10.0,10.0,8.812005641971648
1.0,t=1y,dK_1y,Passive q,q,15.0,15.0,13.218008462957467
1.0,t=1y,dK_1y,Passive q,q,20.0,20.0,17.624011283943293
1.0,t=1y,dK_1y,Passive q,q,25.0,25.0,22.03001410492911
1.0,t=1y,dK_1y,Passive q,q,30.0,30.0,26.436016925914934
1.0,t=1y,dK_1y,Passive q,q,35.0,35.0,30.842019746900753
1.0,t=1y,dK_1y,Passive q,q,40.0,40.0,35.24802256788659
1.0,t=1y,dK_1y,Passive q,q,45.0,45.0,39.654025388872405
1.0,t=1y,dK_1y,Passive q,q,50.0,50.0,44.06002820985822
1.0,t=1y,dK_1y,Passive q,q,55.0,55.0,48.46681709599998
1.0,t=1y,dK_1y,Passive q,q,60.0,60.0,52.87305437819311
1.0,t=1y,dK_1y,Passive q,q,65.0,65.0,57.27933418231802
1.0,t=1y,dK_1y,Passive q,q,70.0,70.0,61.68566005186904
1.0,t=1y,dK_1y,Passive q,q,75.0,75.0,66.09203553034052
1.0,t=1y,dK_1y,Passive q,q,80.0,80.0,70.68459247038996
1.0,t=1y,dK_1y,Passive q,q,85.0,85.0,75.11509063360467
1.0,t=1y,dK_1y,Passive q,q,90.0,90.0,79.54710794351577
1.0,t=1y,dK_1y,Passive q,q,95.0,95.0,83.9806483533214
1.0,t=1y,dK_1y,Passive q,q,100.0,100.0,88.41571581621963
1.0,t=1y,dK_1y,Passive q,q,105.0,105.0,101.48103966892592
1.0,t=1y,dK_1y,Passive q,q,110.0,110.0,106.34479071954483
1.0,t=1y,dK_1y,Passive q,q,115.0,115.0,111.2112608775829
1.0,t=1y,dK_1y,Passive q,q,120.0,120.0,116.08043341882812
1.0,t=1y,dK_1y,Passive q,q,125.0,125.0,120.95229158748757
1.0,t=1y,dK_1y,Passive q,q,130.0,130.0,143.4086061169171
1.0,t=1y,dK_1y,Passive q,q,135.0,135.0,148.88051958929333
1.0,t=1y,dK_1y,Passive q,q,140.0,140.0,154.34921880837402
1.0,t=1y,dK_1y,CAR-target,r,-0.03,-3.0,97.1667299949394
1.0,t=1y,dK_1y,CAR-target,r,-0.0275,-2.75,108.4494409035282
1.0,t=1y,dK_1y,CAR-target,r,-0.024999999999999998,-2.5,118.19158400769848
1.0,t=1y,dK_1y,CAR-target,r,-0.0225,-2.25,123.36333813768113
1.0,t=1y,dK_1y,CAR-target,r,-0.019999999999999997,-1.9999999999999998,124.99781595786709
1.0,t=1y,dK_1y,CAR-target,r,-0.017499999999999998,-1.7499999999999998,126.032851400486
1.0,t=1y,dK_1y,CAR-target,r,-0.015,-1.5,126.73923143296709
1.0,t=1y,dK_1y,CAR-target,r,-0.012499999999999997,-1.2499999999999998,127.14056222746342
1.0,t=1y,dK_1y,CAR-target,r,-0.009999999999999998,-0.9999999999999999,127.1750707424159
1.0,t=1y,dK_1y,CAR-target,r,-0.0075,-0.75,126.85496722760126
1.0,t=1y,dK_1y,CAR-target,r,-0.0049999999999999975,-0.4999999999999998,126.48079748159083
1.0,t=1y,dK_1y,CAR-target,r,-0.0024999999999999988,-0.2499999999999999,126.01033764549918
1.0,t=1y,dK_1y,CAR-target,r,0.0,0.0,125.37573800523363
1.0,t=1y,dK_1y,CAR-target,r,0.0025000000000000022,0.2500000000000002,124.63532429741187
1.0,t=1y,dK_1y,CAR-target,r,0.0050000000000000044,0.5000000000000004,123.8105443359918
1.0,t=1y,dK_1y,CAR-target,r,0.0075,0.75,122.85638238362202
1.0,t=1y,dK_1y,CAR-target,r,0.010000000000000002,1.0000000000000002,121.72836255176452
1.0,t=1y,dK_1y,CAR-target,r,0.012500000000000004,1.2500000000000004,120.49840646929644
1.0,t=1y,dK_1y,CAR-target,r,0.015,1.5,119.21557460051363
1.0,t=1y,dK_1y,CAR-target,r,0.0175,1.7500000000000002,117.7067124274328
1.0,t=1y,dK_1y,CAR-target,r,0.020000000000000004,2.0000000000000004,115.81798751418495
1.0,t=1y,dK_1y,CAR-target,r,0.0225,2.25,113.98113186325709
1.0,t=1y,dK_1y,CAR-target,r,0.025,2.5,112.44759099388384
1.0,t=1y,dK_1y,CAR-target,r,0.027500000000000004,2.7500000000000004,110.46246906521722
1.0,t=1y,dK_1y,CAR-target,r,0.03,3.0,108.12330842453716
1.0,t=1y,dK_1y,CAR-target,r,0.0325,3.25,106.37869781465324
1.0,t=1y,dK_1y,CAR-target,r,0.035,3.5000000000000004,105.18334733900615
1.0,t=1y,dK_1y,CAR-target,r,0.037500000000000006,3.7500000000000004,104.10074082038588
1.0,t=1y,dK_1y,CAR-target,r,0.04000000000000001,4.000000000000001,104.09158007421125
1.0,t=1y,dK_1y,CAR-target,r,0.042499999999999996,4.25,104.64281532072256
1.0,t=1y,dK_1y,CAR-target,r,0.045,4.5,104.74392672930026
1.0,t=1y,dK_1y,CAR-target,r,0.0475,4.75,104.83664171915791
1.0,t=1y,dK_1y,CAR-target,r,0.05,5.0,104.99701409946445
1.0,t=1y,dK_1y,CAR-target,r,0.052500000000000005,5.250000000000001,105.28333207643226
1.0,t=1y,dK_1y,CAR-target,r,0.05500000000000001,5.500000000000001,105.55340819585342
1.0,t=1y,dK_1y,CAR-target,r,0.05750000000000001,5.750000000000001,105.8232666927688
1.0,t=1y,dK_1y,CAR-target,r,0.06,6.0,106.0629168839854
1.0,t=1y,dK_1y,CAR-target,r,0.0625,6.25,106.20282742184801
1.0,t=1y,dK_1y,CAR-target,r,0.065,6.5,106.20704576480637
1.0,t=1y,dK_1y,CAR-target,r,0.0675,6.75,105.86901339458264
1.0,t=1y,dK_1y,CAR-target,r,0.07,7.000000000000001,105.2757267188698
1.0,t=1y,dK_1y,CAR-target,r,0.07250000000000001,7.250000000000001,104.39802346481703
1.0,t=1y,dK_1y,CAR-target,r,0.075,7.5,100.45479218415932
1.0,t=1y,dK_1y,CAR-target,r,0.0775,7.75,92.21574376816194
1.0,t=1y,dK_1y,CAR-target,r,0.08,8.0,82.44673534825641
1.0,t=1y,dK_1y,CAR-target,K,-25.0,-25.0,67.05177076200698
1.0,t=1y,dK_1y,CAR-target,K,-22.5,-22.5,67.05177076200698
1.0,t=1y,dK_1y,CAR-target,K,-20.0,-20.0,67.05177076200698
1.0,t=1y,dK_1y,CAR-target,K,-17.5,-17.5,67.05177076200698
1.0,t=1y,dK_1y,CAR-target,K,-15.0,-15.0,67.05177076200698
1.0,t=1y,dK_1y,CAR-target,K,-12.5,-12.5,67.05177076200698
1.0,t=1y,dK_1y,CAR-target,K,-10.0,-10.0,67.05177076200698
1.0,t=1y,dK_1y,CAR-target,K,-7.5,-7.5,67.05177076200698
1.0,t=1y,dK_1y,CAR-target,K,-5.0,-5.0,67.05177076200698
1.0,t=1y,dK_1y,CAR-target,K,-2.5,-2.5,67.05177076200698
1.0,t=1y,dK_1y,CAR-target,K,0.0,0.0,67.05177076200698
1.0,t=1y,dK_1y,CAR-target,K,2.5,2.5,67.05177076200698
1.0,t=1y,dK_1y,CAR-target,K,5.0,5.0,67.05177076200698
1.0,t=1y,dK_1y,CAR-target,K,7.5,7.5,87.61810990759888
1.0,t=1y,dK_1y,CAR-target,K,10.0,10.0,119.31211113344223
1.0,t=1y,dK_1y,CAR-target,K,12.5,12.5,132.47353779648046
1.0,t=1y,dK_1y,CAR-target,K,15.0,15.0,105.77151859309572
1.0,t=1y,dK_1y,CAR-target,K,17.5,17.5,105.48356317070376
1.0,t=1y,dK_1y,CAR-target,K,20.0,20.0,108.87421801835484
1.0,t=1y,dK_1y,CAR-target,K,22.5,22.5,109.18834207742559
1.0,t=1y,dK_1y,CAR-target,K,25.0,25.0,109.18834207742559
1.0,t=1y,dK_1y,CAR-target,K,27.5,27.5,109.18834207742559
1.0,t=1y,dK_1y,CAR-target,K,30.0,30.0,109.18834207742559
1.0,t=1y,dK_1y,CAR-target,K,32.5,32.5,109.18834207742559
1.0,t=1y,dK_1y,CAR-target,K,35.0,35.0,109.18834207742559
1.0,t=1y,dK_1y,CAR-target,q,0.0,0.0,21.068285657709122
1.0,t=1y,dK_1y,CAR-target,q,5.0,5.0,25.474288478694973
1.0,t=1y,dK_1y,CAR-target,q,10.0,10.0,29.880291299680827
1.0,t=1y,dK_1y,CAR-target,q,15.0,15.0,34.26617000248887
1.0,t=1y,dK_1y,CAR-target,q,20.0,20.0,38.66080706122875
1.0,t=1y,dK_1y,CAR-target,q,25.0,25.0,43.06982831261507
1.0,t=1y,dK_1y,CAR-target,q,30.0,30.0,47.49896660543509
1.0,t=1y,dK_1y,CAR-target,q,35.0,35.0,52.006210043596084
1.0,t=1y,dK_1y,CAR-target,q,40.0,40.0,55.99705384972784
1.0,t=1y,dK_1y,CAR-target,q,45.0,45.0,60.209926893826996
1.0,t=1y,dK_1y,CAR-target,q,50.0,50.0,64.41353619035716
1.0,t=1y,dK_1y,CAR-target,q,55.0,55.0,69.02860420046373
1.0,t=1y,dK_1y,CAR-target,q,60.0,60.0,74.83785545972397
1.0,t=1y,dK_1y,CAR-target,q,65.0,65.0,77.42720791989173
1.0,t=1y,dK_1y,CAR-target,q,70.0,70.0,82.01548242776322
1.0,t=1y,dK_1y,CAR-target,q,75.0,75.0,84.06214623789496
1.0,t=1y,dK_1y,CAR-target,q,80.0,80.0,88.67565115508289
1.0,t=1y,dK_1y,CAR-target,q,85.0,85.0,96.0009919727743
1.0,t=1y,dK_1y,CAR-target,q,90.0,90.0,99.72513794100729
1.0,t=1y,dK_1y,CAR-target,q,95.0,95.0,110.73752493534806
1.0,t=1y,dK_1y,CAR-target,q,100.0,100.0,112.59002357494839
1.0,t=1y,dK_1y,CAR-target,q,105.0,105.0,127.63750265436741
1.0,t=1y,dK_1y,CAR-target,q,110.0,110.0,131.45640043133383
1.0,t=1y,dK_1y,CAR-target,q,115.0,115.0,138.83662819654018
1.0,t=1y,dK_1y,CAR-target,q,120.0,120.0,154.3671257055704
1.0,t=1y,dK_1y,CAR-target,q,125.0,125.0,157.5437902002822
1.0,t=1y,dK_1y,CAR-target,q,130.0,130.0,184.29146442227864
1.0,t=1y,dK_1y,CAR-target,q,135.0,135.0,183.59736547795387
1.0,t=1y,dK_1y,CAR-target,q,140.0,140.0,170.10671361864615
1.0,t=1y,dK_1y,MtM-band,r,-0.03,-3.0,54.62249996797637
1.0,t=1y,dK_1y,MtM-band,r,-0.0275,-2.75,60.27552889305053
1.0,t=1y,dK_1y,MtM-band,r,-0.024999999999999998,-2.5,65.00463378569289
1.0,t=1y,dK_1y,MtM-band,r,-0.0225,-2.25,67.17643822812312
1.0,t=1y,dK_1y,MtM-band,r,-0.019999999999999997,-1.9999999999999998,67.68270555709898
1.0,t=1y,dK_1y,MtM-band,r,-0.017499999999999998,-1.7499999999999998,68.48794822669298
1.0,t=1y,dK_1y,MtM-band,r,-0.015,-1.5,69.2694625287506
1.0,t=1y,dK_1y,MtM-band,r,-0.012499999999999997,-1.2499999999999998,69.17902721914007
1.0,t=1y,dK_1y,MtM-band,r,-0.009999999999999998,-0.9999999999999999,69.30346980130437
1.0,t=1y,dK_1y,MtM-band,r,-0.0075,-0.75,72.1892200838307
1.0,t=1y,dK_1y,MtM-band,r,-0.0049999999999999975,-0.4999999999999998,75.7334369930717
1.0,t=1y,dK_1y,MtM-band,r,-0.0024999999999999988,-0.2499999999999999,74.77944533944716
1.0,t=1y,dK_1y,MtM-band,r,0.0,0.0,75.19563287254167
1.0,t=1y,dK_1y,MtM-band,r,0.0025000000000000022,0.2500000000000002,84.50569935565258
1.0,t=1y,dK_1y,MtM-band,r,0.0050000000000000044,0.5000000000000004,91.51823087234806
1.0,t=1y,dK_1y,MtM-band,r,0.0075,0.75,96.77275491109489
1.0,t=1y,dK_1y,MtM-band,r,0.010000000000000002,1.0000000000000002,100.91661638323258
1.0,t=1y,dK_1y,MtM-band,r,0.012500000000000004,1.2500000000000004,98.89707900461715
1.0,t=1y,dK_1y,MtM-band,r,0.015,1.5,106.42620305422061
1.0,t=1y,dK_1y,MtM-band,r,0.0175,1.7500000000000002,196.47884705070825
1.0,t=1y,dK_1y,MtM-band,r,0.020000000000000004,2.0000000000000004,174.35406719798027
1.0,t=1y,dK_1y,MtM-band,r,0.0225,2.25,46.52965236854081
1.0,t=1y,dK_1y,MtM-band,r,0.025,2.5,77.37268037444919
1.0,t=1y,dK_1y,MtM-band,r,0.027500000000000004,2.7500000000000004,112.77497985965601
1.0,t=1y,dK_1y,MtM-band,r,0.03,3.0,-40.51085988527666
1.0,t=1y,dK_1y,MtM-band,r,0.0325,3.25,-77.39467785034928
1.0,t=1y,dK_1y,MtM-band,r,0.035,3.5000000000000004,28.377423970267586
1.0,t=1y,dK_1y,MtM-band,r,0.037500000000000006,3.7500000000000004,36.0455289522653
1.0,t=1y,dK_1y,MtM-band,r,0.04000000000000001,4.000000000000001,32.00511411088478
1.0,t=1y,dK_1y,MtM-band,r,0.042499999999999996,4.25,34.524133975484716
1.0,t=1y,dK_1y,MtM-band,r,0.045,4.5,40.26321058356694
1.0,t=1y,dK_1y,MtM-band,r,0.0475,4.75,48.010749872374724
1.0,t=1y,dK_1y,MtM-band,r,0.05,5.0,56.51503763915465
1.0,t=1y,dK_1y,MtM-band,r,0.052500000000000005,5.250000000000001,57.529159850480305
1.0,t=1y,dK_1y,MtM-band,r,0.05500000000000001,5.500000000000001,58.73233948205
1.0,t=1y,dK_1y,MtM-band,r,0.05750000000000001,5.750000000000001,61.68633180981044
1.0,t=1y,dK_1y,MtM-band,r,0.06,6.0,64.16531857664795
1.0,t=1y,dK_1y,MtM-band,r,0.0625,6.25,65.35403993117814
1.0,t=1y,dK_1y,MtM-band,r,0.065,6.5,65.56173886783318
1.0,t=1y,dK_1y,MtM-band,r,0.0675,6.75,65.63637633271185
1.0,t=1y,dK_1y,MtM-band,r,0.07,7.000000000000001,65.6942052803303
1.0,t=1y,dK_1y,MtM-band,r,0.07250000000000001,7.250000000000001,65.47105689098498
1.0,t=1y,dK_1y,MtM-band,r,0.075,7.5,63.31570316596242
1.0,t=1y,dK_1y,MtM-band,r,0.0775,7.75,58.68141069074471
1.0,t=1y,dK_1y,MtM-band,r,0.08,8.0,53.197999584739584
1.0,t=1y,dK_1y,MtM-band,K,-25.0,-25.0,74.03356997526254
1.0,t=1y,dK_1y,MtM-band,K,-22.5,-22.5,74.03356997526254
1.0,t=1y,dK_1y,MtM-band,K,-20.0,-20.0,74.03356997526254
1.0,t=1y,dK_1y,MtM-band,K,-17.5,-17.5,74.03356997526254
1.0,t=1y,dK_1y,MtM-band,K,-15.0,-15.0,74.03356997526254
1.0,t=1y,dK_1y,MtM-band,K,-12.5,-12.5,74.03356997526254
1.0,t=1y,dK_1y,MtM-band,K,-10.0,-10.0,74.03356997526254
1.0,t=1y,dK_1y,MtM-band,K,-7.5,-7.5,74.03356997526254
1.0,t=1y,dK_1y,MtM-band,K,-5.0,-5.0,74.03356997526254
1.0,t=1y,dK_1y,MtM-band,K,-2.5,-2.5,74.03356997526254
1.0,t=1y,dK_1y,MtM-band,K,0.0,0.0,74.03356997526254
1.0,t=1y,dK_1y,MtM-band,K,2.5,2.5,74.03356997526254
1.0,t=1y,dK_1y,MtM-band,K,5.0,5.0,74.03356997526254
1.0,t=1y,dK_1y,MtM-band,K,7.5,7.5,76.20600329902007
1.0,t=1y,dK_1y,MtM-band,K,10.0,10.0,106.05458439058309
1.0,t=1y,dK_1y,MtM-band,K,12.5,12.5,75.79787839399081
1.0,t=1y,dK_1y,MtM-band,K,15.0,15.0,74.06571747775868
1.0,t=1y,dK_1y,MtM-band,K,17.5,17.5,74.03356997526254
1.0,t=1y,dK_1y,MtM-band,K,20.0,20.0,74.03356997526254
1.0,t=1y,dK_1y,MtM-band,K,22.5,22.5,74.03356997526254
1.0,t=1y,dK_1y,MtM-band,K,25.0,25.0,74.03356997526254
1.0,t=1y,dK_1y,MtM-band,K,27.5,27.5,74.03356997526254
1.0,t=1y,dK_1y,MtM-band,K,30.0,30.0,74.03356997526254
1.0,t=1y,dK_1y,MtM-band,K,32.5,32.5,74.03356997526257
1.0,t=1y,dK_1y,MtM-band,K,35.0,35.0,74.03356997526254
1.0,t=1y,dK_1y,MtM-band,q,0.0,0.0,0.0
1.0,t=1y,dK_1y,MtM-band,q,5.0,5.0,4.406002820985823
1.0,t=1y,dK_1y,MtM-band,q,10.0,10.0,8.812005641971648
1.0,t=1y,dK_1y,MtM-band,q,15.0,15.0,13.217936680791281
1.0,t=1y,dK_1y,MtM-band,q,20.0,20.0,17.624328168880826
1.0,t=1y,dK_1y,MtM-band,q,25.0,25.0,22.041467935261238
1.0,t=1y,dK_1y,MtM-band,q,30.0,30.0,26.50378263937505
1.0,t=1y,dK_1y,MtM-band,q,35.0,35.0,30.617307046907793
1.0,t=1y,dK_1y,MtM-band,q,40.0,40.0,35.85359825864454
1.0,t=1y,dK_1y,MtM-band,q,45.0,45.0,37.98550282340318
1.0,t=1y,dK_1y,MtM-band,q,50.0,50.0,41.553740625940065
1.0,t=1y,dK_1y,MtM-band,q,55.0,55.0,45.76230042029203
1.0,t=1y,dK_1y,MtM-band,q,60.0,60.0,54.704740493511885
1.0,t=1y,dK_1y,MtM-band,q,65.0,65.0,61.8736456295737
1.0,t=1y,dK_1y,MtM-band,q,70.0,70.0,56.94715345052001
1.0,t=1y,dK_1y,MtM-band,q,75.0,75.0,61.21472703454113
1.0,t=1y,dK_1y,MtM-band,q,80.0,80.0,61.51996805936236
1.0,t=1y,dK_1y,MtM-band,q,85.0,85.0,63.144878249555454
1.0,t=1y,dK_1y,MtM-band,q,90.0,90.0,68.02654237607928
1.0,t=1y,dK_1y,MtM-band,q,95.0,95.0,71.38312269880012
1.0,t=1y,dK_1y,MtM-band,q,100.0,100.0,74.50803413354187
1.0,t=1y,dK_1y,MtM-band,q,105.0,105.0,82.02102707464654
1.0,t=1y,dK_1y,MtM-band,q,110.0,110.0,88.18464589127117
1.0,t=1y,dK_1y,MtM-band,q,115.0,115.0,97.20076727375714
1.0,t=1y,dK_1y,MtM-band,q,120.0,120.0,98.05096932507655
1.0,t=1y,dK_1y,MtM-band,q,125.0,125.0,113.50147650471109
1.0,t=1y,dK_1y,MtM-band,q,130.0,130.0,116.16223090326012
1.0,t=1y,dK_1y,MtM-band,q,135.0,135.0,123.61671551980494
1.0,t=1y,dK_1y,MtM-band,q,140.0,140.0,144.28287390385435
1.0,t=1y,dK_1y,0.5y-greedy,r,-0.03,-3.0,59.11764561996317
1.0,t=1y,dK_1y,0.5y-greedy,r,-0.0275,-2.75,67.60612270405709
1.0,t=1y,dK_1y,0.5y-greedy,r,-0.024999999999999998,-2.5,76.64663247734957
1.0,t=1y,dK_1y,0.5y-greedy,r,-0.0225,-2.25,78.72572217395461
1.0,t=1y,dK_1y,0.5y-greedy,r,-0.019999999999999997,-1.9999999999999998,74.88924570553351
1.0,t=1y,dK_1y,0.5y-greedy,r,-0.017499999999999998,-1.7499999999999998,57.61169371155782
1.0,t=1y,dK_1y,0.5y-greedy,r,-0.015,-1.5,68.19352350743614
1.0,t=1y,dK_1y,0.5y-greedy,r,-0.012499999999999997,-1.2499999999999998,93.32382037025879
1.0,t=1y,dK_1y,0.5y-greedy,r,-0.009999999999999998,-0.9999999999999999,93.55589836253108
1.0,t=1y,dK_1y,0.5y-greedy,r,-0.0075,-0.75,95.04125305480812
1.0,t=1y,dK_1y,0.5y-greedy,r,-0.0049999999999999975,-0.4999999999999998,94.16387595066276
1.0,t=1y,dK_1y,0.5y-greedy,r,-0.0024999999999999988,-0.2499999999999999,93.37191761451692
1.0,t=1y,dK_1y,0.5y-greedy,r,0.0,0.0,92.91359802781815
1.0,t=1y,dK_1y,0.5y-greedy,r,0.0025000000000000022,0.2500000000000002,92.4506923785436
1.0,t=1y,dK_1y,0.5y-greedy,r,0.0050000000000000044,0.5000000000000004,91.90056802608981
1.0,t=1y,dK_1y,0.5y-greedy,r,0.0075,0.75,91.37567903837824
1.0,t=1y,dK_1y,0.5y-greedy,r,0.010000000000000002,1.0000000000000002,90.8899247645589
1.0,t=1y,dK_1y,0.5y-greedy,r,0.012500000000000004,1.2500000000000004,90.42013258338424
1.0,t=1y,dK_1y,0.5y-greedy,r,0.015,1.5,89.93427575966103
1.0,t=1y,dK_1y,0.5y-greedy,r,0.0175,1.7500000000000002,89.4586038250081
1.0,t=1y,dK_1y,0.5y-greedy,r,0.020000000000000004,2.0000000000000004,89.06739009481484
1.0,t=1y,dK_1y,0.5y-greedy,r,0.0225,2.25,88.73547063768476
1.0,t=1y,dK_1y,0.5y-greedy,r,0.025,2.5,88.38299728562802
1.0,t=1y,dK_1y,0.5y-greedy,r,0.027500000000000004,2.7500000000000004,88.181683654437
1.0,t=1y,dK_1y,0.5y-greedy,r,0.03,3.0,88.15839839402393
1.0,t=1y,dK_1y,0.5y-greedy,r,0.0325,3.25,88.14003414127424
1.0,t=1y,dK_1y,0.5y-greedy,r,0.035,3.5000000000000004,88.12557959192705
1.0,t=1y,dK_1y,0.5y-greedy,r,0.037500000000000006,3.7500000000000004,88.11542047826914
1.0,t=1y,dK_1y,0.5y-greedy,r,0.04000000000000001,4.000000000000001,88.1083646159453
1.0,t=1y,dK_1y,0.5y-greedy,r,0.042499999999999996,4.25,88.11051749830793
1.0,t=1y,dK_1y,0.5y-greedy,r,0.045,4.5,88.1056844569863
1.0,t=1y,dK_1y,0.5y-greedy,r,0.0475,4.75,88.05404337888831
1.0,t=1y,dK_1y,0.5y-greedy,r,0.05,5.0,88.0580761294093
1.0,t=1y,dK_1y,0.5y-greedy,r,0.052500000000000005,5.250000000000001,88.15151042645033
1.0,t=1y,dK_1y,0.5y-greedy,r,0.05500000000000001,5.500000000000001,88.1411183373969
1.0,t=1y,dK_1y,0.5y-greedy,r,0.05750000000000001,5.750000000000001,87.76193741390455
1.0,t=1y,dK_1y,0.5y-greedy,r,0.06,6.0,89.3421583497053
1.0,t=1y,dK_1y,0.5y-greedy,r,0.0625,6.25,90.23055612516146
1.0,t=1y,dK_1y,0.5y-greedy,r,0.065,6.5,105.93560144394905
1.0,t=1y,dK_1y,0.5y-greedy,r,0.0675,6.75,109.32577255543288
1.0,t=1y,dK_1y,0.5y-greedy,r,0.07,7.000000000000001,96.41548805025593
1.0,t=1y,dK_1y,0.5y-greedy,r,0.07250000000000001,7.250000000000001,94.56581943648635
1.0,t=1y,dK_1y,0.5y-greedy,r,0.075,7.5,89.3503532738099
1.0,t=1y,dK_1y,0.5y-greedy,r,0.0775,7.75,83.37477912888662
1.0,t=1y,dK_1y,0.5y-greedy,r,0.08,8.0,77.31917144372674
1.0,t=1y,dK_1y,0.5y-greedy,K,-25.0,-25.0,88.12008941483829
1.0,t=1y,dK_1y,0.5y-greedy,K,-22.5,-22.5,88.12008941483829
1.0,t=1y,dK_1y,0.5y-greedy,K,-20.0,-20.0,88.12008941483829
1.0,t=1y,dK_1y,0.5y-greedy,K,-17.5,-17.5,88.12008941483829
1.0,t=1y,dK_1y,0.5y-greedy,K,-15.0,-15.0,88.12008941483829
1.0,t=1y,dK_1y,0.5y-greedy,K,-12.5,-12.5,88.12008941483829
1.0,t=1y,dK_1y,0.5y-greedy,K,-10.0,-10.0,88.12008941483829
1.0,t=1y,dK_1y,0.5y-greedy,K,-7.5,-7.5,88.12008941483829
1.0,t=1y,dK_1y,0.5y-greedy,K,-5.0,-5.0,88.12008941483829
1.0,t=1y,dK_1y,0.5y-greedy,K,-2.5,-2.5,88.12008941483829
1.0,t=1y,dK_1y,0.5y-greedy,K,0.0,0.0,88.12008941483829
1.0,t=1y,dK_1y,0.5y-greedy,K,2.5,2.5,88.12008941483829
1.0,t=1y,dK_1y,0.5y-greedy,K,5.0,5.0,88.12008941483829
1.0,t=1y,dK_1y,0.5y-greedy,K,7.5,7.5,88.12012067645945
1.0,t=1y,dK_1y,0.5y-greedy,K,10.0,10.0,118.18785055625602
1.0,t=1y,dK_1y,0.5y-greedy,K,12.5,12.5,89.22393104494658
1.0,t=1y,dK_1y,0.5y-greedy,K,15.0,15.0,88.13858555074073
1.0,t=1y,dK_1y,0.5y-greedy,K,17.5,17.5,88.1200892268156
1.0,t=1y,dK_1y,0.5y-greedy,K,20.0,20.0,88.12008941483828
1.0,t=1y,dK_1y,0.5y-greedy,K,22.5,22.5,88.12008941483828
1.0,t=1y,dK_1y,0.5y-greedy,K,25.0,25.0,88.12008941483828
1.0,t=1y,dK_1y,0.5y-greedy,K,27.5,27.5,88.12008941483828
1.0,t=1y,dK_1y,0.5y-greedy,K,30.0,30.0,88.12008941483828
1.0,t=1y,dK_1y,0.5y-greedy,K,32.5,32.5,88.12008941483828
1.0,t=1y,dK_1y,0.5y-greedy,K,35.0,35.0,88.12008941483826
1.0,t=1y,dK_1y,0.5y-greedy,q,0.0,0.0,-7.462597824565149e-05
1.0,t=1y,dK_1y,0.5y-greedy,q,5.0,5.0,4.406035816107643
1.0,t=1y,dK_1y,0.5y-greedy,q,10.0,10.0,8.812038637093467
1.0,t=1y,dK_1y,0.5y-greedy,q,15.0,15.0,13.21804145807929
1.0,t=1y,dK_1y,0.5y-greedy,q,20.0,20.0,17.624044279065114
1.0,t=1y,dK_1y,0.5y-greedy,q,25.0,25.0,22.030047100050933
1.0,t=1y,dK_1y,0.5y-greedy,q,30.0,30.0,26.43604992487486
1.0,t=1y,dK_1y,0.5y-greedy,q,35.0,35.0,30.842052879058837
1.0,t=1y,dK_1y,0.5y-greedy,q,40.0,40.0,35.248058180728165
1.0,t=1y,dK_1y,0.5y-greedy,q,45.0,45.0,39.65405837961907
1.0,t=1y,dK_1y,0.5y-greedy,q,50.0,50.0,44.060061198978474
1.0,t=1y,dK_1y,0.5y-greedy,q,55.0,55.0,48.466133695017604
1.0,t=1y,dK_1y,0.5y-greedy,q,60.0,60.0,52.87255026056018
1.0,t=1y,dK_1y,0.5y-greedy,q,65.0,65.0,57.28118295843954
1.0,t=1y,dK_1y,0.5y-greedy,q,70.0,70.0,61.685693020973204
1.0,t=1y,dK_1y,0.5y-greedy,q,75.0,75.0,66.09206756296744
1.0,t=1y,dK_1y,0.5y-greedy,q,80.0,80.0,70.51268527887468
1.0,t=1y,dK_1y,0.5y-greedy,q,85.0,85.0,74.98801549827164
1.0,t=1y,dK_1y,0.5y-greedy,q,90.0,90.0,79.59058969401467
1.0,t=1y,dK_1y,0.5y-greedy,q,95.0,95.0,83.98105951358241
1.0,t=1y,dK_1y,0.5y-greedy,q,100.0,100.0,88.41573439116759
1.0,t=1y,dK_1y,0.5y-greedy,q,105.0,105.0,93.36764502698087
1.0,t=1y,dK_1y,0.5y-greedy,q,110.0,110.0,99.71618487333403
1.0,t=1y,dK_1y,0.5y-greedy,q,115.0,115.0,109.55476599321192
1.0,t=1y,dK_1y,0.5y-greedy,q,120.0,120.0,116.08479205030312
1.0,t=1y,dK_1y,0.5y-greedy,q,125.0,125.0,120.95228801368653
1.0,t=1y,dK_1y,0.5y-greedy,q,130.0,130.0,129.80275293561724
1.0,t=1y,dK_1y,0.5y-greedy,q,135.0,135.0,138.48001951263146
1.0,t=1y,dK_1y,0.5y-greedy,q,140.0,140.0,158.09611557320147
1.0,t=1y,dK_1y,Optimal V,r,-0.03,-3.0,56.235973064881165
1.0,t=1y,dK_1y,Optimal V,r,-0.0275,-2.75,62.68873185627828
1.0,t=1y,dK_1y,Optimal V,r,-0.024999999999999998,-2.5,68.08489970984748
1.0,t=1y,dK_1y,Optimal V,r,-0.0225,-2.25,71.46412405867065
1.0,t=1y,dK_1y,Optimal V,r,-0.019999999999999997,-1.9999999999999998,74.03693688073244
1.0,t=1y,dK_1y,Optimal V,r,-0.017499999999999998,-1.7499999999999998,76.14249087955818
1.0,t=1y,dK_1y,Optimal V,r,-0.015,-1.5,78.75386823969231
1.0,t=1y,dK_1y,Optimal V,r,-0.012499999999999997,-1.2499999999999998,83.5589406316642
1.0,t=1y,dK_1y,Optimal V,r,-0.009999999999999998,-0.9999999999999999,87.33962587724938
1.0,t=1y,dK_1y,Optimal V,r,-0.0075,-0.75,85.75093121880698
1.0,t=1y,dK_1y,Optimal V,r,-0.0049999999999999975,-0.4999999999999998,95.34668779547951
1.0,t=1y,dK_1y,Optimal V,r,-0.0024999999999999988,-0.2499999999999999,106.06525129938296
1.0,t=1y,dK_1y,Optimal V,r,0.0,0.0,96.951592742846
1.0,t=1y,dK_1y,Optimal V,r,0.0025000000000000022,0.2500000000000002,127.98254388191988
1.0,t=1y,dK_1y,Optimal V,r,0.0050000000000000044,0.5000000000000004,134.48452790039732
1.0,t=1y,dK_1y,Optimal V,r,0.0075,0.75,112.48953716491869
1.0,t=1y,dK_1y,Optimal V,r,0.010000000000000002,1.0000000000000002,113.26681751517155
1.0,t=1y,dK_1y,Optimal V,r,0.012500000000000004,1.2500000000000004,101.17219995841849
1.0,t=1y,dK_1y,Optimal V,r,0.015,1.5,97.69896944095876
1.0,t=1y,dK_1y,Optimal V,r,0.0175,1.7500000000000002,99.4046322175545
1.0,t=1y,dK_1y,Optimal V,r,0.020000000000000004,2.0000000000000004,109.19566722746362
1.0,t=1y,dK_1y,Optimal V,r,0.0225,2.25,110.6119965704164
1.0,t=1y,dK_1y,Optimal V,r,0.025,2.5,100.0086652777475
1.0,t=1y,dK_1y,Optimal V,r,0.027500000000000004,2.7500000000000004,92.71559872714586
1.0,t=1y,dK_1y,Optimal V,r,0.03,3.0,89.61455081163422
1.0,t=1y,dK_1y,Optimal V,r,0.0325,3.25,88.74056121151396
1.0,t=1y,dK_1y,Optimal V,r,0.035,3.5000000000000004,87.02566339772784
1.0,t=1y,dK_1y,Optimal V,r,0.037500000000000006,3.7500000000000004,80.31209734904952
1.0,t=1y,dK_1y,Optimal V,r,0.04000000000000001,4.000000000000001,79.2482618064318
1.0,t=1y,dK_1y,Optimal V,r,0.042499999999999996,4.25,87.10041139477833
1.0,t=1y,dK_1y,Optimal V,r,0.045,4.5,91.14874723300139
1.0,t=1y,dK_1y,Optimal V,r,0.0475,4.75,90.68622712102349
1.0,t=1y,dK_1y,Optimal V,r,0.05,5.0,91.39480086373037
1.0,t=1y,dK_1y,Optimal V,r,0.052500000000000005,5.250000000000001,93.54981073432933
1.0,t=1y,dK_1y,Optimal V,r,0.05500000000000001,5.500000000000001,93.2855295968644
1.0,t=1y,dK_1y,Optimal V,r,0.05750000000000001,5.750000000000001,90.20397743541923
1.0,t=1y,dK_1y,Optimal V,r,0.06,6.0,72.78932857067636
1.0,t=1y,dK_1y,Optimal V,r,0.0625,6.25,73.25073795041367
1.0,t=1y,dK_1y,Optimal V,r,0.065,6.5,95.4775561556246
1.0,t=1y,dK_1y,Optimal V,r,0.0675,6.75,94.85978877235853
1.0,t=1y,dK_1y,Optimal V,r,0.07,7.000000000000001,87.5137234757076
1.0,t=1y,dK_1y,Optimal V,r,0.07250000000000001,7.250000000000001,94.134889354307
1.0,t=1y,dK_1y,Optimal V,r,0.075,7.5,96.7573992142016
1.0,t=1y,dK_1y,Optimal V,r,0.0775,7.75,82.81390602471755
1.0,t=1y,dK_1y,Optimal V,r,0.08,8.0,63.36365337196001
1.0,t=1y,dK_1y,Optimal V,K,-25.0,-25.0,67.05177076200698
1.0,t=1y,dK_1y,Optimal V,K,-22.5,-22.5,67.05177076200698
1.0,t=1y,dK_1y,Optimal V,K,-20.0,-20.0,67.05177076200698
1.0,t=1y,dK_1y,Optimal V,K,-17.5,-17.5,67.05177076200698
1.0,t=1y,dK_1y,Optimal V,K,-15.0,-15.0,67.05177076200698
1.0,t=1y,dK_1y,Optimal V,K,-12.5,-12.5,67.05177076200698
1.0,t=1y,dK_1y,Optimal V,K,-10.0,-10.0,67.05177076200698
1.0,t=1y,dK_1y,Optimal V,K,-7.5,-7.5,67.05177076200698
1.0,t=1y,dK_1y,Optimal V,K,-5.0,-5.0,67.05177076200698
1.0,t=1y,dK_1y,Optimal V,K,-2.5,-2.5,67.05177076200698
1.0,t=1y,dK_1y,Optimal V,K,0.0,0.0,67.05177076200698
1.0,t=1y,dK_1y,Optimal V,K,2.5,2.5,67.05177076200698
1.0,t=1y,dK_1y,Optimal V,K,5.0,5.0,67.05177076200698
1.0,t=1y,dK_1y,Optimal V,K,7.5,7.5,89.4655303536107
1.0,t=1y,dK_1y,Optimal V,K,10.0,10.0,134.1651812165279
1.0,t=1y,dK_1y,Optimal V,K,12.5,12.5,118.8379264080379
1.0,t=1y,dK_1y,Optimal V,K,15.0,15.0,94.87422275511051
1.0,t=1y,dK_1y,Optimal V,K,17.5,17.5,95.46469417543705
1.0,t=1y,dK_1y,Optimal V,K,20.0,20.0,95.02588505307976
1.0,t=1y,dK_1y,Optimal V,K,22.5,22.5,95.19335797693304
1.0,t=1y,dK_1y,Optimal V,K,25.0,25.0,95.16828431765103
1.0,t=1y,dK_1y,Optimal V,K,27.5,27.5,95.16774316548751
1.0,t=1y,dK_1y,Optimal V,K,30.0,30.0,95.16774312635003
1.0,t=1y,dK_1y,Optimal V,K,32.5,32.5,95.16774312635003
1.0,t=1y,dK_1y,Optimal V,K,35.0,35.0,95.16774312635003
1.0,t=1y,dK_1y,Optimal V,q,0.0,0.0,-7.042997060577841
1.0,t=1y,dK_1y,Optimal V,q,5.0,5.0,-1.8844890566275292
1.0,t=1y,dK_1y,Optimal V,q,10.0,10.0,2.509382200751938
1.0,t=1y,dK_1y,Optimal V,q,15.0,15.0,7.124174219247805
1.0,t=1y,dK_1y,Optimal V,q,20.0,20.0,11.046463298045547
1.0,t=1y,dK_1y,Optimal V,q,25.0,25.0,15.382270060808043
1.0,t=1y,dK_1y,Optimal V,q,30.0,30.0,19.802041609530843
1.0,t=1y,dK_1y,Optimal V,q,35.0,35.0,26.199754277334417
1.0,t=1y,dK_1y,Optimal V,q,40.0,40.0,34.54674749021477
1.0,t=1y,dK_1y,Optimal V,q,45.0,45.0,40.174113851838186
1.0,t=1y,dK_1y,Optimal V,q,50.0,50.0,44.585462163104886
1.0,t=1y,dK_1y,Optimal V,q,55.0,55.0,49.05663117360283
1.0,t=1y,dK_1y,Optimal V,q,60.0,60.0,53.603622315411606
1.0,t=1y,dK_1y,Optimal V,q,65.0,65.0,58.42413519793205
1.0,t=1y,dK_1y,Optimal V,q,70.0,70.0,63.66676857576459
1.0,t=1y,dK_1y,Optimal V,q,75.0,75.0,68.5007683882735
1.0,t=1y,dK_1y,Optimal V,q,80.0,80.0,74.3376393062216
1.0,t=1y,dK_1y,Optimal V,q,85.0,85.0,81.11399369127594
1.0,t=1y,dK_1y,Optimal V,q,90.0,90.0,85.75857229065238
1.0,t=1y,dK_1y,Optimal V,q,95.0,95.0,94.82730126660375
1.0,t=1y,dK_1y,Optimal V,q,100.0,100.0,100.99348405503551
1.0,t=1y,dK_1y,Optimal V,q,105.0,105.0,105.39024537502843
1.0,t=1y,dK_1y,Optimal V,q,110.0,110.0,106.11306845476146
1.0,t=1y,dK_1y,Optimal V,q,115.0,115.0,122.03371725512993
1.0,t=1y,dK_1y,Optimal V,q,120.0,120.0,150.21950325815394
1.0,t=1y,dK_1y,Optimal V,q,125.0,125.0,155.4529683774504
1.0,t=1y,dK_1y,Optimal V,q,130.0,130.0,151.9275132648308
1.0,t=1y,dK_1y,Optimal V,q,135.0,135.0,155.51890110779203
1.0,t=1y,dK_1y,Optimal V,q,140.0,140.0,179.0585672291725
1.0,t=1y,dK_3y,Passive q,r,-0.03,-3.0,227.22468294064112
1.0,t=1y,dK_3y,Passive q,r,-0.0275,-2.75,260.8240392740249
1.0,t=1y,dK_3y,Passive q,r,-0.024999999999999998,-2.5,290.05354655722533
1.0,t=1y,dK_3y,Passive q,r,-0.0225,-2.25,306.701761382237
1.0,t=1y,dK_3y,Passive q,r,-0.019999999999999997,-1.9999999999999998,313.78342263433007
1.0,t=1y,dK_3y,Passive q,r,-0.017499999999999998,-1.7499999999999998,319.00958084943073
1.0,t=1y,dK_3y,Passive q,r,-0.015,-1.5,322.42988001963727
1.0,t=1y,dK_3y,Passive q,r,-0.012499999999999997,-1.2499999999999998,323.81000118694794
1.0,t=1y,dK_3y,Passive q,r,-0.009999999999999998,-0.9999999999999999,323.72534848769783
1.0,t=1y,dK_3y,Passive q,r,-0.0075,-0.75,322.2178748422201
1.0,t=1y,dK_3y,Passive q,r,-0.0049999999999999975,-0.4999999999999998,319.2723962577469
1.0,t=1y,dK_3y,Passive q,r,-0.0024999999999999988,-0.2499999999999999,314.9829533765196
1.0,t=1y,dK_3y,Passive q,r,0.0,0.0,309.53745734554843
1.0,t=1y,dK_3y,Passive q,r,0.0025000000000000022,0.2500000000000002,302.92100181867494
1.0,t=1y,dK_3y,Passive q,r,0.0050000000000000044,0.5000000000000004,295.0774315684967
1.0,t=1y,dK_3y,Passive q,r,0.0075,0.75,286.2820681796259
1.0,t=1y,dK_3y,Passive q,r,0.010000000000000002,1.0000000000000002,277.0460591663883
1.0,t=1y,dK_3y,Passive q,r,0.012500000000000004,1.2500000000000004,267.34032028259037
1.0,t=1y,dK_3y,Passive q,r,0.015,1.5,256.71601245103034
1.0,t=1y,dK_3y,Passive q,r,0.0175,1.7500000000000002,245.8544127663339
1.0,t=1y,dK_3y,Passive q,r,0.020000000000000004,2.0000000000000004,236.31930118291
1.0,t=1y,dK_3y,Passive q,r,0.0225,2.25,227.67318346646596
1.0,t=1y,dK_3y,Passive q,r,0.025,2.5,216.7978816635919
1.0,t=1y,dK_3y,Passive q,r,0.027500000000000004,2.7500000000000004,208.5070004310296
1.0,t=1y,dK_3y,Passive q,r,0.03,3.0,205.23136081982494
1.0,t=1y,dK_3y,Passive q,r,0.0325,3.25,202.17702015756043
1.0,t=1y,dK_3y,Passive q,r,0.035,3.5000000000000004,199.48568322672608
1.0,t=1y,dK_3y,Passive q,r,0.037500000000000006,3.7500000000000004,197.77888277735298
1.0,t=1y,dK_3y,Passive q,r,0.04000000000000001,4.000000000000001,196.73703088323097
1.0,t=1y,dK_3y,Passive q,r,0.042499999999999996,4.25,195.8985271980098
1.0,t=1y,dK_3y,Passive q,r,0.045,4.5,195.23540653577993
1.0,t=1y,dK_3y,Passive q,r,0.0475,4.75,194.79210123073972
1.0,t=1y,dK_3y,Passive q,r,0.05,5.0,194.4896824908011
1.0,t=1y,dK_3y,Passive q,r,0.052500000000000005,5.250000000000001,194.23989490474415
1.0,t=1y,dK_3y,Passive q,r,0.05500000000000001,5.500000000000001,194.008718400477
1.0,t=1y,dK_3y,Passive q,r,0.05750000000000001,5.750000000000001,193.76557162323797
1.0,t=1y,dK_3y,Passive q,r,0.06,6.0,193.44590902923568
1.0,t=1y,dK_3y,Passive q,r,0.0625,6.25,192.91826433781918
1.0,t=1y,dK_3y,Passive q,r,0.065,6.5,192.0463066416906
1.0,t=1y,dK_3y,Passive q,r,0.0675,6.75,190.38276812824458
1.0,t=1y,dK_3y,Passive q,r,0.07,7.000000000000001,187.9611865408978
1.0,t=1y,dK_3y,Passive q,r,0.07250000000000001,7.250000000000001,184.6102199183223
1.0,t=1y,dK_3y,Passive q,r,0.075,7.5,175.2701716905238
1.0,t=1y,dK_3y,Passive q,r,0.0775,7.75,157.87145790725043
1.0,t=1y,dK_3y,Passive q,r,0.08,8.0,137.63466966045027
1.0,t=1y,dK_3y,Passive q,K,-25.0,-25.0,193.97395646681852
1.0,t=1y,dK_3y,Passive q,K,-22.5,-22.5,193.97395646681852
1.0,t=1y,dK_3y,Passive q,K,-20.0,-20.0,193.97395646681852
1.0,t=1y,dK_3y,Passive q,K,-17.5,-17.5,193.97395646681852
1.0,t=1y,dK_3y,Passive q,K,-15.0,-15.0,193.97395646681852
1.0,t=1y,dK_3y,Passive q,K,-12.5,-12.5,193.97395646681852
1.0,t=1y,dK_3y,Passive q,K,-10.0,-10.0,193.97395646681895
1.0,t=1y,dK_3y,Passive q,K,-7.5,-7.5,193.9739564668257
1.0,t=1y,dK_3y,Passive q,K,-5.0,-5.0,193.97395646741728
1.0,t=1y,dK_3y,Passive q,K,-2.5,-2.5,193.9739564965347
1.0,t=1y,dK_3y,Passive q,K,0.0,0.0,193.97395748075226
1.0,t=1y,dK_3y,Passive q,K,2.5,2.5,193.97398254690418
1.0,t=1y,dK_3y,Passive q,K,5.0,5.0,193.9745140176476
1.0,t=1y,dK_3y,Passive q,K,7.5,7.5,193.98661899940828
1.0,t=1y,dK_3y,Passive q,K,10.0,10.0,400.43265664240147
1.0,t=1y,dK_3y,Passive q,K,12.5,12.5,246.96301296469773
1.0,t=1y,dK_3y,Passive q,K,15.0,15.0,207.8100362889873
1.0,t=1y,dK_3y,Passive q,K,17.5,17.5,197.20214665529582
1.0,t=1y,dK_3y,Passive q,K,20.0,20.0,194.61878556875868
1.0,t=1y,dK_3y,Passive q,K,22.5,22.5,194.080609829316
1.0,t=1y,dK_3y,Passive q,K,25.0,25.0,193.98800318866657
1.0,t=1y,dK_3y,Passive q,K,27.5,27.5,193.97535144669112
1.0,t=1y,dK_3y,Passive q,K,30.0,30.0,193.9740523142295
1.0,t=1y,dK_3y,Passive q,K,32.5,32.5,193.97396035641754
1.0,t=1y,dK_3y,Passive q,K,35.0,35.0,193.97395653020246
1.0,t=1y,dK_3y,Passive q,q,0.0,0.0,0.0
1.0,t=1y,dK_3y,Passive q,q,5.0,5.0,9.698697935645818
1.0,t=1y,dK_3y,Passive q,q,10.0,10.0,19.397399181648993
1.0,t=1y,dK_3y,Passive q,q,15.0,15.0,29.09611986185296
1.0,t=1y,dK_3y,Passive q,q,20.0,20.0,38.79490058494666
1.0,t=1y,dK_3y,Passive q,q,25.0,25.0,48.49381672912033
1.0,t=1y,dK_3y,Passive q,q,30.0,30.0,58.2058484135581
1.0,t=1y,dK_3y,Passive q,q,35.0,35.0,67.91582010114355
1.0,t=1y,dK_3y,Passive q,q,40.0,40.0,77.63146621257913
1.0,t=1y,dK_3y,Passive q,q,45.0,45.0,87.3542976379292
1.0,t=1y,dK_3y,Passive q,q,50.0,50.0,97.08593426975781
1.0,t=1y,dK_3y,Passive q,q,55.0,55.0,107.80462198495016
1.0,t=1y,dK_3y,Passive q,q,60.0,60.0,117.82037243916693
1.0,t=1y,dK_3y,Passive q,q,65.0,65.0,127.88665005723519
1.0,t=1y,dK_3y,Passive q,q,70.0,70.0,138.00567258710177
1.0,t=1y,dK_3y,Passive q,q,75.0,75.0,148.17932493204788
1.0,t=1y,dK_3y,Passive q,q,80.0,80.0,170.82989461874672
1.0,t=1y,dK_3y,Passive q,q,85.0,85.0,182.447805616934
1.0,t=1y,dK_3y,Passive q,q,90.0,90.0,194.1532238118563
1.0,t=1y,dK_3y,Passive q,q,95.0,95.0,205.94149252308495
1.0,t=1y,dK_3y,Passive q,q,100.0,100.0,217.8079605839355
1.0,t=1y,dK_3y,Passive q,q,105.0,105.0,300.83935440389894
1.0,t=1y,dK_3y,Passive q,q,110.0,110.0,315.5094229368203
1.0,t=1y,dK_3y,Passive q,q,115.0,115.0,330.15874058896446
1.0,t=1y,dK_3y,Passive q,q,120.0,120.0,344.7837691069761
1.0,t=1y,dK_3y,Passive q,q,125.0,125.0,359.38154350068186
1.0,t=1y,dK_3y,Passive q,q,130.0,130.0,439.5035094140056
1.0,t=1y,dK_3y,Passive q,q,135.0,135.0,454.42461616892456
1.0,t=1y,dK_3y,Passive q,q,140.0,140.0,469.2550349131562
1.0,t=1y,dK_3y,CAR-target,r,-0.03,-3.0,149.70902166298956
1.0,t=1y,dK_3y,CAR-target,r,-0.0275,-2.75,177.64077379329126
1.0,t=1y,dK_3y,CAR-target,r,-0.024999999999999998,-2.5,204.14894400548235
1.0,t=1y,dK_3y,CAR-target,r,-0.0225,-2.25,225.08959615545905
1.0,t=1y,dK_3y,CAR-target,r,-0.019999999999999997,-1.9999999999999998,241.21153530208122
1.0,t=1y,dK_3y,CAR-target,r,-0.017499999999999998,-1.7499999999999998,256.73113690464663
1.0,t=1y,dK_3y,CAR-target,r,-0.015,-1.5,272.4842136998264
1.0,t=1y,dK_3y,CAR-target,r,-0.012499999999999997,-1.2499999999999998,288.7913805797414
1.0,t=1y,dK_3y,CAR-target,r,-0.009999999999999998,-0.9999999999999999,305.1836943574642
1.0,t=1y,dK_3y,CAR-target,r,-0.0075,-0.75,321.44282427280314
1.0,t=1y,dK_3y,CAR-target,r,-0.0049999999999999975,-0.4999999999999998,338.14562696832854
1.0,t=1y,dK_3y,CAR-target,r,-0.0024999999999999988,-0.2499999999999999,354.7106866790619
1.0,t=1y,dK_3y,CAR-target,r,0.0,0.0,370.7430207070806
1.0,t=1y,dK_3y,CAR-target,r,0.0025000000000000022,0.2500000000000002,385.76989697764066
1.0,t=1y,dK_3y,CAR-target,r,0.0050000000000000044,0.5000000000000004,398.49723982996585
1.0,t=1y,dK_3y,CAR-target,r,0.0075,0.75,408.9327889298946
1.0,t=1y,dK_3y,CAR-target,r,0.010000000000000002,1.0000000000000002,418.4325236081802
1.0,t=1y,dK_3y,CAR-target,r,0.012500000000000004,1.2500000000000004,426.42106785464904
1.0,t=1y,dK_3y,CAR-target,r,0.015,1.5,429.20305717888635
1.0,t=1y,dK_3y,CAR-target,r,0.0175,1.7500000000000002,426.1864431457562
1.0,t=1y,dK_3y,CAR-target,r,0.020000000000000004,2.0000000000000004,423.30919433983814
1.0,t=1y,dK_3y,CAR-target,r,0.0225,2.25,421.70651457685295
1.0,t=1y,dK_3y,CAR-target,r,0.025,2.5,410.07205816243595
1.0,t=1y,dK_3y,CAR-target,r,0.027500000000000004,2.7500000000000004,393.2756196041866
1.0,t=1y,dK_3y,CAR-target,r,0.03,3.0,381.6753388135508
1.0,t=1y,dK_3y,CAR-target,r,0.0325,3.25,369.1417376483249
1.0,t=1y,dK_3y,CAR-target,r,0.035,3.5000000000000004,354.26105037437253
1.0,t=1y,dK_3y,CAR-target,r,0.037500000000000006,3.7500000000000004,339.75279645452434
1.0,t=1y,dK_3y,CAR-target,r,0.04000000000000001,4.000000000000001,326.9653740785605
1.0,t=1y,dK_3y,CAR-target,r,0.042499999999999996,4.25,314.86646187860117
1.0,t=1y,dK_3y,CAR-target,r,0.045,4.5,303.35031964688176
1.0,t=1y,dK_3y,CAR-target,r,0.0475,4.75,293.13341991024805
1.0,t=1y,dK_3y,CAR-target,r,0.05,5.0,283.9469832510431
1.0,t=1y,dK_3y,CAR-target,r,0.052500000000000005,5.250000000000001,276.64146830744346
1.0,t=1y,dK_3y,CAR-target,r,0.05500000000000001,5.500000000000001,271.36725639684283
1.0,t=1y,dK_3y,CAR-target,r,0.05750000000000001,5.750000000000001,267.2875761064786
1.0,t=1y,dK_3y,CAR-target,r,0.06,6.0,263.7652487913633
1.0,t=1y,dK_3y,CAR-target,r,0.0625,6.25,260.8394935504558
1.0,t=1y,dK_3y,CAR-target,r,0.065,6.5,258.2059106298602
1.0,t=1y,dK_3y,CAR-target,r,0.0675,6.75,254.87727001337998
1.0,t=1y,dK_3y,CAR-target,r,0.07,7.000000000000001,250.74526713862065
1.0,t=1y,dK_3y,CAR-target,r,0.07250000000000001,7.250000000000001,245.5667383557468
1.0,t=1y,dK_3y,CAR-target,r,0.075,7.5,232.4638944804767
1.0,t=1y,dK_3y,CAR-target,r,0.0775,7.75,208.5784963777586
1.0,t=1y,dK_3y,CAR-target,r,0.08,8.0,180.89745342916942
1.0,t=1y,dK_3y,CAR-target,K,-25.0,-25.0,90.70488556996818
1.0,t=1y,dK_3y,CAR-target,K,-22.5,-22.5,90.70488556996818
1.0,t=1y,dK_3y,CAR-target,K,-20.0,-20.0,90.70488556996818
1.0,t=1y,dK_3y,CAR-target,K,-17.5,-17.5,90.70488556996818
1.0,t=1y,dK_3y,CAR-target,K,-15.0,-15.0,90.70488556996818
1.0,t=1y,dK_3y,CAR-target,K,-12.5,-12.5,90.70488556996818
1.0,t=1y,dK_3y,CAR-target,K,-10.0,-10.0,90.70488556996818
1.0,t=1y,dK_3y,CAR-target,K,-7.5,-7.5,90.70488556996818
1.0,t=1y,dK_3y,CAR-target,K,-5.0,-5.0,90.70488556996818
1.0,t=1y,dK_3y,CAR-target,K,-2.5,-2.5,90.70488556996818
1.0,t=1y,dK_3y,CAR-target,K,0.0,0.0,90.70488556996818
1.0,t=1y,dK_3y,CAR-target,K,2.5,2.5,91.56029855776073
1.0,t=1y,dK_3y,CAR-target,K,5.0,5.0,109.02905413755735
1.0,t=1y,dK_3y,CAR-target,K,7.5,7.5,201.9658705969489
1.0,t=1y,dK_3y,CAR-target,K,10.0,10.0,380.9751666487867
1.0,t=1y,dK_3y,CAR-target,K,12.5,12.5,441.818071600082
1.0,t=1y,dK_3y,CAR-target,K,15.0,15.0,400.6367807399799
1.0,t=1y,dK_3y,CAR-target,K,17.5,17.5,373.8387105684005
1.0,t=1y,dK_3y,CAR-target,K,20.0,20.0,323.34550043496205
1.0,t=1y,dK_3y,CAR-target,K,22.5,22.5,282.688505874879
1.0,t=1y,dK_3y,CAR-target,K,25.0,25.0,265.41209934061675
1.0,t=1y,dK_3y,CAR-target,K,27.5,27.5,259.6153761651794
1.0,t=1y,dK_3y,CAR-target,K,30.0,30.0,257.90543874924964
1.0,t=1y,dK_3y,CAR-target,K,32.5,32.5,257.48164604808215
1.0,t=1y,dK_3y,CAR-target,K,35.0,35.0,257.39753073938175
1.0,t=1y,dK_3y,CAR-target,q,0.0,0.0,106.37969526625905
1.0,t=1y,dK_3y,CAR-target,q,5.0,5.0,116.21568531149275
1.0,t=1y,dK_3y,CAR-target,q,10.0,10.0,128.37684916829062
1.0,t=1y,dK_3y,CAR-target,q,15.0,15.0,137.83041633863266
1.0,t=1y,dK_3y,CAR-target,q,20.0,20.0,151.37047791949357
1.0,t=1y,dK_3y,CAR-target,q,25.0,25.0,162.3875028422384
1.0,t=1y,dK_3y,CAR-target,q,30.0,30.0,178.05637770654096
1.0,t=1y,dK_3y,CAR-target,q,35.0,35.0,189.10363814911267
1.0,t=1y,dK_3y,CAR-target,q,40.0,40.0,206.26881606129615
1.0,t=1y,dK_3y,CAR-target,q,45.0,45.0,218.22975312666847
1.0,t=1y,dK_3y,CAR-target,q,50.0,50.0,235.7411008011831
1.0,t=1y,dK_3y,CAR-target,q,55.0,55.0,249.96419817076298
1.0,t=1y,dK_3y,CAR-target,q,60.0,60.0,265.47534262363894
1.0,t=1y,dK_3y,CAR-target,q,65.0,65.0,284.38293938239946
1.0,t=1y,dK_3y,CAR-target,q,70.0,70.0,295.9654761225744
1.0,t=1y,dK_3y,CAR-target,q,75.0,75.0,320.11494815720425
1.0,t=1y,dK_3y,CAR-target,q,80.0,80.0,327.77747957738114
1.0,t=1y,dK_3y,CAR-target,q,85.0,85.0,359.27085830803514
1.0,t=1y,dK_3y,CAR-target,q,90.0,90.0,366.1193848599969
1.0,t=1y,dK_3y,CAR-target,q,95.0,95.0,402.96110713357047
1.0,t=1y,dK_3y,CAR-target,q,100.0,100.0,411.15264602904153
1.0,t=1y,dK_3y,CAR-target,q,105.0,105.0,441.49799608490594
1.0,t=1y,dK_3y,CAR-target,q,110.0,110.0,452.64878937125695
1.0,t=1y,dK_3y,CAR-target,q,115.0,115.0,463.6675896164441
1.0,t=1y,dK_3y,CAR-target,q,120.0,120.0,499.95456848905786
1.0,t=1y,dK_3y,CAR-target,q,125.0,125.0,502.0898277478874
1.0,t=1y,dK_3y,CAR-target,q,130.0,130.0,557.7688998419862
1.0,t=1y,dK_3y,CAR-target,q,135.0,135.0,554.9701630788018
1.0,t=1y,dK_3y,CAR-target,q,140.0,140.0,519.5555062636639
1.0,t=1y,dK_3y,MtM-band,r,-0.03,-3.0,107.02210574120318
1.0,t=1y,dK_3y,MtM-band,r,-0.0275,-2.75,119.34473660975695
1.0,t=1y,dK_3y,MtM-band,r,-0.024999999999999998,-2.5,130.08998714156326
1.0,t=1y,dK_3y,MtM-band,r,-0.0225,-2.25,135.70264578082293
1.0,t=1y,dK_3y,MtM-band,r,-0.019999999999999997,-1.9999999999999998,136.82637754730578
1.0,t=1y,dK_3y,MtM-band,r,-0.017499999999999998,-1.7499999999999998,137.0484812381497
1.0,t=1y,dK_3y,MtM-band,r,-0.015,-1.5,137.55866492249663
1.0,t=1y,dK_3y,MtM-band,r,-0.012499999999999997,-1.2499999999999998,138.5133893247214
1.0,t=1y,dK_3y,MtM-band,r,-0.009999999999999998,-0.9999999999999999,138.93812360693147
1.0,t=1y,dK_3y,MtM-band,r,-0.0075,-0.75,139.07858731685982
1.0,t=1y,dK_3y,MtM-band,r,-0.0049999999999999975,-0.4999999999999998,139.62039403347563
1.0,t=1y,dK_3y,MtM-band,r,-0.0024999999999999988,-0.2499999999999999,139.3455225988168
1.0,t=1y,dK_3y,MtM-band,r,0.0,0.0,140.85206757097248
1.0,t=1y,dK_3y,MtM-band,r,0.0025000000000000022,0.2500000000000002,144.51691937904474
1.0,t=1y,dK_3y,MtM-band,r,0.0050000000000000044,0.5000000000000004,144.38386470669317
1.0,t=1y,dK_3y,MtM-band,r,0.0075,0.75,145.06774759411798
1.0,t=1y,dK_3y,MtM-band,r,0.010000000000000002,1.0000000000000002,150.39966434776076
1.0,t=1y,dK_3y,MtM-band,r,0.012500000000000004,1.2500000000000004,152.14806296783826
1.0,t=1y,dK_3y,MtM-band,r,0.015,1.5,149.74308665395912
1.0,t=1y,dK_3y,MtM-band,r,0.0175,1.7500000000000002,172.15604555870252
1.0,t=1y,dK_3y,MtM-band,r,0.020000000000000004,2.0000000000000004,177.6370885914553
1.0,t=1y,dK_3y,MtM-band,r,0.0225,2.25,138.4023572996228
1.0,t=1y,dK_3y,MtM-band,r,0.025,2.5,135.65916709139046
1.0,t=1y,dK_3y,MtM-band,r,0.027500000000000004,2.7500000000000004,148.63860942125
1.0,t=1y,dK_3y,MtM-band,r,0.03,3.0,57.327911948098965
1.0,t=1y,dK_3y,MtM-band,r,0.0325,3.25,23.7964639528198
1.0,t=1y,dK_3y,MtM-band,r,0.035,3.5000000000000004,77.57140795531619
1.0,t=1y,dK_3y,MtM-band,r,0.037500000000000006,3.7500000000000004,77.26754727589416
1.0,t=1y,dK_3y,MtM-band,r,0.04000000000000001,4.000000000000001,71.6613576726561
1.0,t=1y,dK_3y,MtM-band,r,0.042499999999999996,4.25,67.59383700896987
1.0,t=1y,dK_3y,MtM-band,r,0.045,4.5,66.73330622275367
1.0,t=1y,dK_3y,MtM-band,r,0.0475,4.75,69.93663683482175
1.0,t=1y,dK_3y,MtM-band,r,0.05,5.0,72.83685634024282
1.0,t=1y,dK_3y,MtM-band,r,0.052500000000000005,5.250000000000001,70.08961754367864
1.0,t=1y,dK_3y,MtM-band,r,0.05500000000000001,5.500000000000001,71.0556052877334
1.0,t=1y,dK_3y,MtM-band,r,0.05750000000000001,5.750000000000001,74.73752392190451
1.0,t=1y,dK_3y,MtM-band,r,0.06,6.0,74.51163463559185
1.0,t=1y,dK_3y,MtM-band,r,0.0625,6.25,73.66485659849496
1.0,t=1y,dK_3y,MtM-band,r,0.065,6.5,75.41724422482407
1.0,t=1y,dK_3y,MtM-band,r,0.0675,6.75,76.75810386585323
1.0,t=1y,dK_3y,MtM-band,r,0.07,7.000000000000001,76.03784173747749
1.0,t=1y,dK_3y,MtM-band,r,0.07250000000000001,7.250000000000001,75.04907397477389
1.0,t=1y,dK_3y,MtM-band,r,0.075,7.5,73.07477361384878
1.0,t=1y,dK_3y,MtM-band,r,0.0775,7.75,68.11955289332319
1.0,t=1y,dK_3y,MtM-band,r,0.08,8.0,61.67317718647752
1.0,t=1y,dK_3y,MtM-band,K,-25.0,-25.0,126.06666643205773
1.0,t=1y,dK_3y,MtM-band,K,-22.5,-22.5,126.06666643205773
1.0,t=1y,dK_3y,MtM-band,K,-20.0,-20.0,126.06666643205773
1.0,t=1y,dK_3y,MtM-band,K,-17.5,-17.5,126.06666643205773
1.0,t=1y,dK_3y,MtM-band,K,-15.0,-15.0,126.06666643205773
1.0,t=1y,dK_3y,MtM-band,K,-12.5,-12.5,126.06666643205773
1.0,t=1y,dK_3y,MtM-band,K,-10.0,-10.0,126.06666643205773
1.0,t=1y,dK_3y,MtM-band,K,-7.5,-7.5,126.06666643205773
1.0,t=1y,dK_3y,MtM-band,K,-5.0,-5.0,126.06666643205773
1.0,t=1y,dK_3y,MtM-band,K,-2.5,-2.5,126.06666643205773
1.0,t=1y,dK_3y,MtM-band,K,0.0,0.0,126.06666643205773
1.0,t=1y,dK_3y,MtM-band,K,2.5,2.5,126.09309223730506
1.0,t=1y,dK_3y,MtM-band,K,5.0,5.0,129.6999812555209
1.0,t=1y,dK_3y,MtM-band,K,7.5,7.5,161.40386907170645
1.0,t=1y,dK_3y,MtM-band,K,10.0,10.0,286.19960677158076
1.0,t=1y,dK_3y,MtM-band,K,12.5,12.5,155.24309088889777
1.0,t=1y,dK_3y,MtM-band,K,15.0,15.0,129.28555182435565
1.0,t=1y,dK_3y,MtM-band,K,17.5,17.5,126.3400054946746
1.0,t=1y,dK_3y,MtM-band,K,20.0,20.0,126.08484047306398
1.0,t=1y,dK_3y,MtM-band,K,22.5,22.5,126.06754798577889
1.0,t=1y,dK_3y,MtM-band,K,25.0,25.0,126.06669544520054
1.0,t=1y,dK_3y,MtM-band,K,27.5,27.5,126.0666670185933
1.0,t=1y,dK_3y,MtM-band,K,30.0,30.0,126.06666643802527
1.0,t=1y,dK_3y,MtM-band,K,32.5,32.5,126.06666643207417
1.0,t=1y,dK_3y,MtM-band,K,35.0,35.0,126.06666643205759
1.0,t=1y,dK_3y,MtM-band,q,0.0,0.0,0.0
1.0,t=1y,dK_3y,MtM-band,q,5.0,5.0,9.698697935645818
1.0,t=1y,dK_3y,MtM-band,q,10.0,10.0,19.397399181648993
1.0,t=1y,dK_3y,MtM-band,q,15.0,15.0,29.08947130213233
1.0,t=1y,dK_3y,MtM-band,q,20.0,20.0,38.62696421116917
1.0,t=1y,dK_3y,MtM-band,q,25.0,25.0,47.52133376340295
1.0,t=1y,dK_3y,MtM-band,q,30.0,30.0,55.40742658887528
1.0,t=1y,dK_3y,MtM-band,q,35.0,35.0,61.86367746408898
1.0,t=1y,dK_3y,MtM-band,q,40.0,40.0,68.03827966321494
1.0,t=1y,dK_3y,MtM-band,q,45.0,45.0,72.36565279021879
1.0,t=1y,dK_3y,MtM-band,q,50.0,50.0,77.77826165496057
1.0,t=1y,dK_3y,MtM-band,q,55.0,55.0,83.59745581935077
1.0,t=1y,dK_3y,MtM-band,q,60.0,60.0,89.8442230081646
1.0,t=1y,dK_3y,MtM-band,q,65.0,65.0,96.75525282997175
1.0,t=1y,dK_3y,MtM-band,q,70.0,70.0,94.10679380563322
1.0,t=1y,dK_3y,MtM-band,q,75.0,75.0,99.64255458933008
1.0,t=1y,dK_3y,MtM-band,q,80.0,80.0,104.03850101535015
1.0,t=1y,dK_3y,MtM-band,q,85.0,85.0,109.13475818402443
1.0,t=1y,dK_3y,MtM-band,q,90.0,90.0,117.7973446051853
1.0,t=1y,dK_3y,MtM-band,q,95.0,95.0,125.53195112004873
1.0,t=1y,dK_3y,MtM-band,q,100.0,100.0,135.9139497773382
1.0,t=1y,dK_3y,MtM-band,q,105.0,105.0,154.18730666850402
1.0,t=1y,dK_3y,MtM-band,q,110.0,110.0,167.49512847281073
1.0,t=1y,dK_3y,MtM-band,q,115.0,115.0,192.26776834948697
1.0,t=1y,dK_3y,MtM-band,q,120.0,120.0,204.93053621351268
1.0,t=1y,dK_3y,MtM-band,q,125.0,125.0,241.79101217201614
1.0,t=1y,dK_3y,MtM-band,q,130.0,130.0,256.9685440247392
1.0,t=1y,dK_3y,MtM-band,q,135.0,135.0,285.29539667454287
1.0,t=1y,dK_3y,MtM-band,q,140.0,140.0,337.5019151472797
1.0,t=1y,dK_3y,0.5y-greedy,r,-0.03,-3.0,21.296786746212625
1.0,t=1y,dK_3y,0.5y-greedy,r,-0.0275,-2.75,101.83764286119539
1.0,t=1y,dK_3y,0.5y-greedy,r,-0.024999999999999998,-2.5,163.7117825185938
1.0,t=1y,dK_3y,0.5y-greedy,r,-0.0225,-2.25,120.3225814955943
1.0,t=1y,dK_3y,0.5y-greedy,r,-0.019999999999999997,-1.9999999999999998,50.292886016673016
1.0,t=1y,dK_3y,0.5y-greedy,r,-0.017499999999999998,-1.7499999999999998,-75.4507443197098
1.0,t=1y,dK_3y,0.5y-greedy,r,-0.015,-1.5,19.223406678250743
1.0,t=1y,dK_3y,0.5y-greedy,r,-0.012499999999999997,-1.2499999999999998,228.14910092467608
1.0,t=1y,dK_3y,0.5y-greedy,r,-0.009999999999999998,-0.9999999999999999,260.5443843612877
1.0,t=1y,dK_3y,0.5y-greedy,r,-0.0075,-0.75,298.5566044251557
1.0,t=1y,dK_3y,0.5y-greedy,r,-0.0049999999999999975,-0.4999999999999998,301.5362980221959
1.0,t=1y,dK_3y,0.5y-greedy,r,-0.0024999999999999988,-0.2499999999999999,304.41872433024116
1.0,t=1y,dK_3y,0.5y-greedy,r,0.0,0.0,302.79430574202433
1.0,t=1y,dK_3y,0.5y-greedy,r,0.0025000000000000022,0.2500000000000002,299.1206254995302
1.0,t=1y,dK_3y,0.5y-greedy,r,0.0050000000000000044,0.5000000000000004,292.6388086293499
1.0,t=1y,dK_3y,0.5y-greedy,r,0.0075,0.75,284.87769120005333
1.0,t=1y,dK_3y,0.5y-greedy,r,0.010000000000000002,1.0000000000000002,276.13479548577607
1.0,t=1y,dK_3y,0.5y-greedy,r,0.012500000000000004,1.2500000000000004,266.76184596804103
1.0,t=1y,dK_3y,0.5y-greedy,r,0.015,1.5,256.3595366256543
1.0,t=1y,dK_3y,0.5y-greedy,r,0.0175,1.7500000000000002,245.62703452691622
1.0,t=1y,dK_3y,0.5y-greedy,r,0.020000000000000004,2.0000000000000004,236.18074063697088
1.0,t=1y,dK_3y,0.5y-greedy,r,0.0225,2.25,227.60023168940162
1.0,t=1y,dK_3y,0.5y-greedy,r,0.025,2.5,216.76874270086796
1.0,t=1y,dK_3y,0.5y-greedy,r,0.027500000000000004,2.7500000000000004,208.51504993170732
1.0,t=1y,dK_3y,0.5y-greedy,r,0.03,3.0,205.2824323071232
1.0,t=1y,dK_3y,0.5y-greedy,r,0.0325,3.25,202.27898705670975
1.0,t=1y,dK_3y,0.5y-greedy,r,0.035,3.5000000000000004,199.6545120145796
1.0,t=1y,dK_3y,0.5y-greedy,r,0.037500000000000006,3.7500000000000004,198.05136972915665
1.0,t=1y,dK_3y,0.5y-greedy,r,0.04000000000000001,4.000000000000001,197.1628802761151
1.0,t=1y,dK_3y,0.5y-greedy,r,0.042499999999999996,4.25,196.5476090325893
1.0,t=1y,dK_3y,0.5y-greedy,r,0.045,4.5,196.2969478559273
1.0,t=1y,dK_3y,0.5y-greedy,r,0.0475,4.75,196.40359899090885
1.0,t=1y,dK_3y,0.5y-greedy,r,0.05,5.0,197.18167205719422
1.0,t=1y,dK_3y,0.5y-greedy,r,0.052500000000000005,5.250000000000001,198.2912510826817
1.0,t=1y,dK_3y,0.5y-greedy,r,0.05500000000000001,5.500000000000001,200.5845991895928
1.0,t=1y,dK_3y,0.5y-greedy,r,0.05750000000000001,5.750000000000001,202.63546676361022
1.0,t=1y,dK_3y,0.5y-greedy,r,0.06,6.0,213.94158372886858
1.0,t=1y,dK_3y,0.5y-greedy,r,0.0625,6.25,222.21313098059335
1.0,t=1y,dK_3y,0.5y-greedy,r,0.065,6.5,280.8289076080889
1.0,t=1y,dK_3y,0.5y-greedy,r,0.0675,6.75,297.7523089338298
1.0,t=1y,dK_3y,0.5y-greedy,r,0.07,7.000000000000001,256.11267093148956
1.0,t=1y,dK_3y,0.5y-greedy,r,0.07250000000000001,7.250000000000001,248.0131190003936
1.0,t=1y,dK_3y,0.5y-greedy,r,0.075,7.5,228.9168116010448
1.0,t=1y,dK_3y,0.5y-greedy,r,0.0775,7.75,213.63754423948944
1.0,t=1y,dK_3y,0.5y-greedy,r,0.08,8.0,199.2763035734836
1.0,t=1y,dK_3y,0.5y-greedy,K,-25.0,-25.0,193.97104554802465
1.0,t=1y,dK_3y,0.5y-greedy,K,-22.5,-22.5,193.97104554802465
1.0,t=1y,dK_3y,0.5y-greedy,K,-20.0,-20.0,193.97104554802465
1.0,t=1y,dK_3y,0.5y-greedy,K,-17.5,-17.5,193.97104554802465
1.0,t=1y,dK_3y,0.5y-greedy,K,-15.0,-15.0,193.97104554802505
1.0,t=1y,dK_3y,0.5y-greedy,K,-12.5,-12.5,193.97104554802505
1.0,t=1y,dK_3y,0.5y-greedy,K,-10.0,-10.0,193.97104554802505
1.0,t=1y,dK_3y,0.5y-greedy,K,-7.5,-7.5,193.97104554802775
1.0,t=1y,dK_3y,0.5y-greedy,K,-5.0,-5.0,193.9710455482754
1.0,t=1y,dK_3y,0.5y-greedy,K,-2.5,-2.5,193.97104555888842
1.0,t=1y,dK_3y,0.5y-greedy,K,0.0,0.0,193.9710458566454
1.0,t=1y,dK_3y,0.5y-greedy,K,2.5,2.5,193.97105690003534
1.0,t=1y,dK_3y,0.5y-greedy,K,5.0,5.0,193.9714127871208
1.0,t=1y,dK_3y,0.5y-greedy,K,7.5,7.5,193.9757413178275
1.0,t=1y,dK_3y,0.5y-greedy,K,10.0,10.0,400.42837594813005
1.0,t=1y,dK_3y,0.5y-greedy,K,12.5,12.5,246.94590231795465
1.0,t=1y,dK_3y,0.5y-greedy,K,15.0,15.0,207.77130784855248
1.0,t=1y,dK_3y,0.5y-greedy,K,17.5,17.5,197.16796993054896
1.0,t=1y,dK_3y,0.5y-greedy,K,20.0,20.0,194.60044625837998
1.0,t=1y,dK_3y,0.5y-greedy,K,22.5,22.5,194.07278353888117
1.0,t=1y,dK_3y,0.5y-greedy,K,25.0,25.0,193.98405328974994
1.0,t=1y,dK_3y,0.5y-greedy,K,27.5,27.5,193.972301508547
1.0,t=1y,dK_3y,0.5y-greedy,K,30.0,30.0,193.97113146060337
1.0,t=1y,dK_3y,0.5y-greedy,K,32.5,32.5,193.97104932256485
1.0,t=1y,dK_3y,0.5y-greedy,K,35.0,35.0,193.97104563806008
1.0,t=1y,dK_3y,0.5y-greedy,q,0.0,0.0,0.029613494426882197
1.0,t=1y,dK_3y,0.5y-greedy,q,5.0,5.0,9.705671980563588
1.0,t=1y,dK_3y,0.5y-greedy,q,10.0,10.0,19.397420859651064
1.0,t=1y,dK_3y,0.5y-greedy,q,15.0,15.0,29.09380776623055
1.0,t=1y,dK_3y,0.5y-greedy,q,20.0,20.0,38.79196971814525
1.0,t=1y,dK_3y,0.5y-greedy,q,25.0,25.0,48.49082121107468
1.0,t=1y,dK_3y,0.5y-greedy,q,30.0,30.0,58.190406397679524
1.0,t=1y,dK_3y,0.5y-greedy,q,35.0,35.0,67.89341945438923
1.0,t=1y,dK_3y,0.5y-greedy,q,40.0,40.0,77.60667064244176
1.0,t=1y,dK_3y,0.5y-greedy,q,45.0,45.0,87.34884876311244
1.0,t=1y,dK_3y,0.5y-greedy,q,50.0,50.0,97.08145116696112
1.0,t=1y,dK_3y,0.5y-greedy,q,55.0,55.0,106.84981980574048
1.0,t=1y,dK_3y,0.5y-greedy,q,60.0,60.0,116.74633181422126
1.0,t=1y,dK_3y,0.5y-greedy,q,65.0,65.0,126.8490185624912
1.0,t=1y,dK_3y,0.5y-greedy,q,70.0,70.0,137.9649909955937
1.0,t=1y,dK_3y,0.5y-greedy,q,75.0,75.0,148.1617872923886
1.0,t=1y,dK_3y,0.5y-greedy,q,80.0,80.0,158.69700196195598
1.0,t=1y,dK_3y,0.5y-greedy,q,85.0,85.0,170.22418103665404
1.0,t=1y,dK_3y,0.5y-greedy,q,90.0,90.0,183.20479370765682
1.0,t=1y,dK_3y,0.5y-greedy,q,95.0,95.0,205.72989265346982
1.0,t=1y,dK_3y,0.5y-greedy,q,100.0,100.0,217.77475236400764
1.0,t=1y,dK_3y,0.5y-greedy,q,105.0,105.0,231.50239596561116
1.0,t=1y,dK_3y,0.5y-greedy,q,110.0,110.0,251.5682379528029
1.0,t=1y,dK_3y,0.5y-greedy,q,115.0,115.0,286.1715943605887
1.0,t=1y,dK_3y,0.5y-greedy,q,120.0,120.0,344.0706622571868
1.0,t=1y,dK_3y,0.5y-greedy,q,125.0,125.0,359.36850522030704
1.0,t=1y,dK_3y,0.5y-greedy,q,130.0,130.0,383.02108200116095
1.0,t=1y,dK_3y,0.5y-greedy,q,135.0,135.0,400.1957292239866
1.0,t=1y,dK_3y,0.5y-greedy,q,140.0,140.0,456.6777238394493
1.0,t=1y,dK_3y,Optimal V,r,-0.03,-3.0,99.57461323383262
1.0,t=1y,dK_3y,Optimal V,r,-0.0275,-2.75,112.14992504483834
1.0,t=1y,dK_3y,Optimal V,r,-0.024999999999999998,-2.5,122.8865781913972
1.0,t=1y,dK_3y,Optimal V,r,-0.0225,-2.25,128.80268733394425
1.0,t=1y,dK_3y,Optimal V,r,-0.019999999999999997,-1.9999999999999998,131.5638822400278
1.0,t=1y,dK_3y,Optimal V,r,-0.017499999999999998,-1.7499999999999998,133.9126748751899
1.0,t=1y,dK_3y,Optimal V,r,-0.015,-1.5,136.0099167904015
1.0,t=1y,dK_3y,Optimal V,r,-0.012499999999999997,-1.2499999999999998,138.71204762372744
1.0,t=1y,dK_3y,Optimal V,r,-0.009999999999999998,-0.9999999999999999,141.8378793801425
1.0,t=1y,dK_3y,Optimal V,r,-0.0075,-0.75,143.40121991103268
1.0,t=1y,dK_3y,Optimal V,r,-0.0049999999999999975,-0.4999999999999998,147.35981402263704
1.0,t=1y,dK_3y,Optimal V,r,-0.0024999999999999988,-0.2499999999999999,153.64626165248166
1.0,t=1y,dK_3y,Optimal V,r,0.0,0.0,155.5635871142066
1.0,t=1y,dK_3y,Optimal V,r,0.0025000000000000022,0.2500000000000002,166.39022407066756
1.0,t=1y,dK_3y,Optimal V,r,0.0050000000000000044,0.5000000000000004,175.85284527977805
1.0,t=1y,dK_3y,Optimal V,r,0.0075,0.75,177.3442172186227
1.0,t=1y,dK_3y,Optimal V,r,0.010000000000000002,1.0000000000000002,182.80160085413257
1.0,t=1y,dK_3y,Optimal V,r,0.012500000000000004,1.2500000000000004,185.34305569560124
1.0,t=1y,dK_3y,Optimal V,r,0.015,1.5,186.9746529971192
1.0,t=1y,dK_3y,Optimal V,r,0.0175,1.7500000000000002,189.9717561194541
1.0,t=1y,dK_3y,Optimal V,r,0.020000000000000004,2.0000000000000004,199.41109413300185
1.0,t=1y,dK_3y,Optimal V,r,0.0225,2.25,207.51566617199663
1.0,t=1y,dK_3y,Optimal V,r,0.025,2.5,205.89510573251604
1.0,t=1y,dK_3y,Optimal V,r,0.027500000000000004,2.7500000000000004,204.34356143491584
1.0,t=1y,dK_3y,Optimal V,r,0.03,3.0,206.8082072565788
1.0,t=1y,dK_3y,Optimal V,r,0.0325,3.25,209.4799894998771
1.0,t=1y,dK_3y,Optimal V,r,0.035,3.5000000000000004,210.41789176976548
1.0,t=1y,dK_3y,Optimal V,r,0.037500000000000006,3.7500000000000004,217.80483350792693
1.0,t=1y,dK_3y,Optimal V,r,0.04000000000000001,4.000000000000001,227.30249360023328
1.0,t=1y,dK_3y,Optimal V,r,0.042499999999999996,4.25,230.1478609613058
1.0,t=1y,dK_3y,Optimal V,r,0.045,4.5,231.9671290078358
1.0,t=1y,dK_3y,Optimal V,r,0.0475,4.75,234.4197470143008
1.0,t=1y,dK_3y,Optimal V,r,0.05,5.0,236.0803559117288
1.0,t=1y,dK_3y,Optimal V,r,0.052500000000000005,5.250000000000001,237.36458301827994
1.0,t=1y,dK_3y,Optimal V,r,0.05500000000000001,5.500000000000001,238.72006163414014
1.0,t=1y,dK_3y,Optimal V,r,0.05750000000000001,5.750000000000001,240.08286562719522
1.0,t=1y,dK_3y,Optimal V,r,0.06,6.0,244.72696491778646
1.0,t=1y,dK_3y,Optimal V,r,0.0625,6.25,248.740089234738
1.0,t=1y,dK_3y,Optimal V,r,0.065,6.5,247.86973748833282
1.0,t=1y,dK_3y,Optimal V,r,0.0675,6.75,246.1694018589051
1.0,t=1y,dK_3y,Optimal V,r,0.07,7.000000000000001,244.38232640376813
1.0,t=1y,dK_3y,Optimal V,r,0.07250000000000001,7.250000000000001,240.28198224655273
1.0,t=1y,dK_3y,Optimal V,r,0.075,7.5,227.67911097953737
1.0,t=1y,dK_3y,Optimal V,r,0.0775,7.75,205.17719630582684
1.0,t=1y,dK_3y,Optimal V,r,0.08,8.0,179.4607083047511
1.0,t=1y,dK_3y,Optimal V,K,-25.0,-25.0,90.70488556996818
1.0,t=1y,dK_3y,Optimal V,K,-22.5,-22.5,90.70488556996818
1.0,t=1y,dK_3y,Optimal V,K,-20.0,-20.0,90.70488556996818
1.0,t=1y,dK_3y,Optimal V,K,-17.5,-17.5,90.70488556996818
1.0,t=1y,dK_3y,Optimal V,K,-15.0,-15.0,90.70488556996818
1.0,t=1y,dK_3y,Optimal V,K,-12.5,-12.5,90.70488556996818
1.0,t=1y,dK_3y,Optimal V,K,-10.0,-10.0,90.70488556996818
1.0,t=1y,dK_3y,Optimal V,K,-7.5,-7.5,90.70488556996818
1.0,t=1y,dK_3y,Optimal V,K,-5.0,-5.0,90.70488556996818
1.0,t=1y,dK_3y,Optimal V,K,-2.5,-2.5,90.70488556996818
1.0,t=1y,dK_3y,Optimal V,K,0.0,0.0,90.70488556996818
1.0,t=1y,dK_3y,Optimal V,K,2.5,2.5,91.57162472524334
1.0,t=1y,dK_3y,Optimal V,K,5.0,5.0,109.22620840911637
1.0,t=1y,dK_3y,Optimal V,K,7.5,7.5,204.15190925450938
1.0,t=1y,dK_3y,Optimal V,K,10.0,10.0,308.74369551550996
1.0,t=1y,dK_3y,Optimal V,K,12.5,12.5,220.5606873943941
1.0,t=1y,dK_3y,Optimal V,K,15.0,15.0,201.06807710374255
1.0,t=1y,dK_3y,Optimal V,K,17.5,17.5,198.44595098281746
1.0,t=1y,dK_3y,Optimal V,K,20.0,20.0,197.75983447879474
1.0,t=1y,dK_3y,Optimal V,K,22.5,22.5,197.7123334174791
1.0,t=1y,dK_3y,Optimal V,K,25.0,25.0,197.69904767407087
1.0,t=1y,dK_3y,Optimal V,K,27.5,27.5,197.70160099499603
1.0,t=1y,dK_3y,Optimal V,K,30.0,30.0,197.7020922923391
1.0,t=1y,dK_3y,Optimal V,K,32.5,32.5,197.702126803724
1.0,t=1y,dK_3y,Optimal V,K,35.0,35.0,197.70212796385405
1.0,t=1y,dK_3y,Optimal V,q,0.0,0.0,-2.47324475877654
1.0,t=1y,dK_3y,Optimal V,q,5.0,5.0,6.209008184500811
1.0,t=1y,dK_3y,Optimal V,q,10.0,10.0,15.055544779762455
1.0,t=1y,dK_3y,Optimal V,q,15.0,15.0,24.280215195351985
1.0,t=1y,dK_3y,Optimal V,q,20.0,20.0,33.85411930217491
1.0,t=1y,dK_3y,Optimal V,q,25.0,25.0,43.60850374742325
1.0,t=1y,dK_3y,Optimal V,q,30.0,30.0,53.450122625861646
1.0,t=1y,dK_3y,Optimal V,q,35.0,35.0,64.08798671982683
1.0,t=1y,dK_3y,Optimal V,q,40.0,40.0,74.34658079206234
1.0,t=1y,dK_3y,Optimal V,q,45.0,45.0,84.71562047597219
1.0,t=1y,dK_3y,Optimal V,q,50.0,50.0,95.11478964509632
1.0,t=1y,dK_3y,Optimal V,q,55.0,55.0,105.48215422646322
1.0,t=1y,dK_3y,Optimal V,q,60.0,60.0,115.735872618153
1.0,t=1y,dK_3y,Optimal V,q,65.0,65.0,126.0747761142009
1.0,t=1y,dK_3y,Optimal V,q,70.0,70.0,136.39805800950563
1.0,t=1y,dK_3y,Optimal V,q,75.0,75.0,146.69034486458534
1.0,t=1y,dK_3y,Optimal V,q,80.0,80.0,157.14057931820955
1.0,t=1y,dK_3y,Optimal V,q,85.0,85.0,168.48013330234232
1.0,t=1y,dK_3y,Optimal V,q,90.0,90.0,179.80823812047734
1.0,t=1y,dK_3y,Optimal V,q,95.0,95.0,193.27659700791452
1.0,t=1y,dK_3y,Optimal V,q,100.0,100.0,206.04562053833317
1.0,t=1y,dK_3y,Optimal V,q,105.0,105.0,219.1401456950028
1.0,t=1y,dK_3y,Optimal V,q,110.0,110.0,232.82619998484492
1.0,t=1y,dK_3y,Optimal V,q,115.0,115.0,254.990763614663
1.0,t=1y,dK_3y,Optimal V,q,120.0,120.0,288.99269937905075
1.0,t=1y,dK_3y,Optimal V,q,125.0,125.0,317.01576430702914
1.0,t=1y,dK_3y,Optimal V,q,130.0,130.0,345.92905652459876
1.0,t=1y,dK_3y,Optimal V,q,135.0,135.0,363.75583394373643
1.0,t=1y,dK_3y,Optimal V,q,140.0,140.0,421.2063065191394
1.0,t=1y,MtM,State-invariant,r,-0.03,-3.0,771.5293206185881
1.0,t=1y,MtM,State-invariant,r,-0.0275,-2.75,760.2866997678814
1.0,t=1y,MtM,State-invariant,r,-0.024999999999999998,-2.5,749.2096071761061
1.0,t=1y,MtM,State-invariant,r,-0.0225,-2.25,738.2955951994304
1.0,t=1y,MtM,State-invariant,r,-0.019999999999999997,-1.9999999999999998,727.5422524670885
1.0,t=1y,MtM,State-invariant,r,-0.017499999999999998,-1.7499999999999998,716.9472033431384
1.0,t=1y,MtM,State-invariant,r,-0.015,-1.5,706.5081073962104
1.0,t=1y,MtM,State-invariant,r,-0.012499999999999997,-1.2499999999999998,696.2226588771318
1.0,t=1y,MtM,State-invariant,r,-0.009999999999999998,-0.9999999999999999,686.0885862043092
1.0,t=1y,MtM,State-invariant,r,-0.0075,-0.75,676.1036514567511
1.0,t=1y,MtM,State-invariant,r,-0.0049999999999999975,-0.4999999999999998,666.2656498746228
1.0,t=1y,MtM,State-invariant,r,-0.0024999999999999988,-0.2499999999999999,656.5724093672135
1.0,t=1y,MtM,State-invariant,r,0.0,0.0,647.021790028215
1.0,t=1y,MtM,State-invariant,r,0.0025000000000000022,0.2500000000000002,637.6116836581947
1.0,t=1y,MtM,State-invariant,r,0.0050000000000000044,0.5000000000000004,628.3400132941613
1.0,t=1y,MtM,State-invariant,r,0.0075,0.75,619.2047327461164
1.0,t=1y,MtM,State-invariant,r,0.010000000000000002,1.0000000000000002,610.2038261404873
1.0,t=1y,MtM,State-invariant,r,0.012500000000000004,1.2500000000000004,601.3353074703409
1.0,t=1y,MtM,State-invariant,r,0.015,1.5,592.5972201522748
1.0,t=1y,MtM,State-invariant,r,0.0175,1.7500000000000002,583.9876365898893
1.0,t=1y,MtM,State-invariant,r,0.020000000000000004,2.0000000000000004,575.5046577437417
1.0,t=1y,MtM,State-invariant,r,0.0225,2.25,567.1464127076849
1.0,t=1y,MtM,State-invariant,r,0.025,2.5,558.9110582914984
1.0,t=1y,MtM,State-invariant,r,0.027500000000000004,2.7500000000000004,550.7967786097153
1.0,t=1y,MtM,State-invariant,r,0.03,3.0,542.801784676556
1.0,t=1y,MtM,State-invariant,r,0.0325,3.25,534.9243140068751
1.0,t=1y,MtM,State-invariant,r,0.035,3.5000000000000004,527.162630223034
1.0,t=1y,MtM,State-invariant,r,0.037500000000000006,3.7500000000000004,519.5150226676108
1.0,t=1y,MtM,State-invariant,r,0.04000000000000001,4.000000000000001,511.97980602186146
1.0,t=1y,MtM,State-invariant,r,0.042499999999999996,4.25,504.5553199298439
1.0,t=1y,MtM,State-invariant,r,0.045,4.5,497.23992862812463
1.0,t=1y,MtM,State-invariant,r,0.0475,4.75,490.0320205809834
1.0,t=1y,MtM,State-invariant,r,0.05,5.0,482.93000812103276
1.0,t=1y,MtM,State-invariant,r,0.052500000000000005,5.250000000000001,475.93232709517457
1.0,t=1y,MtM,State-invariant,r,0.05500000000000001,5.500000000000001,469.03743651581317
1.0,t=1y,MtM,State-invariant,r,0.05750000000000001,5.750000000000001,462.2438182172458
1.0,t=1y,MtM,State-invariant,r,0.06,6.0,455.54997651715564
1.0,t=1y,MtM,State-invariant,r,0.0625,6.25,448.9544378831299
1.0,t=1y,MtM,State-invariant,r,0.065,6.5,442.4557506041293
1.0,t=1y,MtM,State-invariant,r,0.0675,6.75,436.05248446683527
1.0,t=1y,MtM,State-invariant,r,0.07,7.000000000000001,429.7432304368014
1.0,t=1y,MtM,State-invariant,r,0.07250000000000001,7.250000000000001,423.5266003443393
1.0,t=1y,MtM,State-invariant,r,0.075,7.5,417.4012265750671
1.0,t=1y,MtM,State-invariant,r,0.0775,7.75,411.36576176505315
1.0,t=1y,MtM,State-invariant,r,0.08,8.0,405.41887850048397
1.0,t=1y,MtM,State-invariant,K,-25.0,-25.0,559.6708154822095
1.0,t=1y,MtM,State-invariant,K,-22.5,-22.5,559.6708154822095
1.0,t=1y,MtM,State-invariant,K,-20.0,-20.0,559.6708154822095
1.0,t=1y,MtM,State-invariant,K,-17.5,-17.5,559.6708154822095
1.0,t=1y,MtM,State-invariant,K,-15.0,-15.0,559.6708154822095
1.0,t=1y,MtM,State-invariant,K,-12.5,-12.5,559.6708154822095
1.0,t=1y,MtM,State-invariant,K,-10.0,-10.0,559.6708154822095
1.0,t=1y,MtM,State-invariant,K,-7.5,-7.5,559.6708154822095
1.0,t=1y,MtM,State-invariant,K,-5.0,-5.0,559.6708154822095
1.0,t=1y,MtM,State-invariant,K,-2.5,-2.5,559.6708154822095
1.0,t=1y,MtM,State-invariant,K,0.0,0.0,559.6708154822095
1.0,t=1y,MtM,State-invariant,K,2.5,2.5,559.6708154822095
1.0,t=1y,MtM,State-invariant,K,5.0,5.0,559.6708154822095
1.0,t=1y,MtM,State-invariant,K,7.5,7.5,559.6708154822095
1.0,t=1y,MtM,State-invariant,K,10.0,10.0,559.6708154822095
1.0,t=1y,MtM,State-invariant,K,12.5,12.5,559.6708154822095
1.0,t=1y,MtM,State-invariant,K,15.0,15.0,559.6708154822095
1.0,t=1y,MtM,State-invariant,K,17.5,17.5,559.6708154822095
1.0,t=1y,MtM,State-invariant,K,20.0,20.0,559.6708154822095
1.0,t=1y,MtM,State-invariant,K,22.5,22.5,559.6708154822095
1.0,t=1y,MtM,State-invariant,K,25.0,25.0,559.6708154822095
1.0,t=1y,MtM,State-invariant,K,27.5,27.5,559.6708154822095
1.0,t=1y,MtM,State-invariant,K,30.0,30.0,559.6708154822095
1.0,t=1y,MtM,State-invariant,K,32.5,32.5,559.6708154822095
1.0,t=1y,MtM,State-invariant,K,35.0,35.0,559.6708154822095
1.0,t=1y,MtM,State-invariant,q,0.0,0.0,0.0
1.0,t=1y,MtM,State-invariant,q,5.0,5.0,27.983540774110477
1.0,t=1y,MtM,State-invariant,q,10.0,10.0,55.96708154822095
1.0,t=1y,MtM,State-invariant,q,15.0,15.0,83.95062232233143
1.0,t=1y,MtM,State-invariant,q,20.0,20.0,111.9341630964419
1.0,t=1y,MtM,State-invariant,q,25.0,25.0,139.91770387055237
1.0,t=1y,MtM,State-invariant,q,30.0,30.0,167.90124464466285
1.0,t=1y,MtM,State-invariant,q,35.0,35.0,195.88478541877333
1.0,t=1y,MtM,State-invariant,q,40.0,40.0,223.8683261928838
1.0,t=1y,MtM,State-invariant,q,45.0,45.0,251.8518669669943
1.0,t=1y,MtM,State-invariant,q,50.0,50.0,279.83540774110475
1.0,t=1y,MtM,State-invariant,q,55.0,55.0,307.81894851521525
1.0,t=1y,MtM,State-invariant,q,60.0,60.0,335.8024892893257
1.0,t=1y,MtM,State-invariant,q,65.0,65.0,363.78603006343616
1.0,t=1y,MtM,State-invariant,q,70.0,70.0,391.76957083754667
1.0,t=1y,MtM,State-invariant,q,75.0,75.0,419.7531116116571
1.0,t=1y,MtM,State-invariant,q,80.0,80.0,447.7366523857676
1.0,t=1y,MtM,State-invariant,q,85.0,85.0,475.7201931598781
1.0,t=1y,MtM,State-invariant,q,90.0,90.0,503.7037339339886
1.0,t=1y,MtM,State-invariant,q,95.0,95.0,531.687274708099
1.0,t=1y,MtM,State-invariant,q,100.0,100.0,559.6708154822095
1.0,t=1y,MtM,State-invariant,q,105.0,105.0,587.6543562563199
1.0,t=1y,MtM,State-invariant,q,110.0,110.0,615.6378970304305
1.0,t=1y,MtM,State-invariant,q,115.0,115.0,643.621437804541
1.0,t=1y,MtM,State-invariant,q,120.0,120.0,671.6049785786514
1.0,t=1y,MtM,State-invariant,q,125.0,125.0,699.5885193527619
1.0,t=1y,MtM,State-invariant,q,130.0,130.0,727.5720601268723
1.0,t=1y,MtM,State-invariant,q,135.0,135.0,755.5556009009829
1.0,t=1y,MtM,State-invariant,q,140.0,140.0,783.5391416750933
1.0,t=1y,V,Optimal surface,r,-0.03,-3.0,102.9102997833127
1.0,t=1y,V,Optimal surface,r,-0.0275,-2.75,115.61382551681257
1.0,t=1y,V,Optimal surface,r,-0.024999999999999998,-2.5,126.53777684255655
1.0,t=1y,V,Optimal surface,r,-0.0225,-2.25,132.4137545827923
1.0,t=1y,V,Optimal surface,r,-0.019999999999999997,-1.9999999999999998,134.73496474204111
1.0,t=1y,V,Optimal surface,r,-0.017499999999999998,-1.7499999999999998,136.94230248196712
1.0,t=1y,V,Optimal surface,r,-0.015,-1.5,139.31642035403914
1.0,t=1y,V,Optimal surface,r,-0.012499999999999997,-1.2499999999999998,141.89984000480194
1.0,t=1y,V,Optimal surface,r,-0.009999999999999998,-0.9999999999999999,144.73971669393853
1.0,t=1y,V,Optimal surface,r,-0.0075,-0.75,147.88260128265915
1.0,t=1y,V,Optimal surface,r,-0.0049999999999999975,-0.4999999999999998,152.26303580246088
1.0,t=1y,V,Optimal surface,r,-0.0024999999999999988,-0.2499999999999999,157.66841145847445
1.0,t=1y,V,Optimal surface,r,0.0,0.0,162.95787174255378
1.0,t=1y,V,Optimal surface,r,0.0025000000000000022,0.2500000000000002,170.76745313176272
1.0,t=1y,V,Optimal surface,r,0.0050000000000000044,0.5000000000000004,182.18685725410108
1.0,t=1y,V,Optimal surface,r,0.0075,0.75,191.5046140946492
1.0,t=1y,V,Optimal surface,r,0.010000000000000002,1.0000000000000002,200.01278405357155
1.0,t=1y,V,Optimal surface,r,0.012500000000000004,1.2500000000000004,208.02566074119937
1.0,t=1y,V,Optimal surface,r,0.015,1.5,212.96992046034657
1.0,t=1y,V,Optimal surface,r,0.0175,1.7500000000000002,217.90178664055182
1.0,t=1y,V,Optimal surface,r,0.020000000000000004,2.0000000000000004,229.15733008443684
1.0,t=1y,V,Optimal surface,r,0.0225,2.25,241.98001912171554
1.0,t=1y,V,Optimal surface,r,0.025,2.5,245.74208189782553
1.0,t=1y,V,Optimal surface,r,0.027500000000000004,2.7500000000000004,247.92513314239852
1.0,t=1y,V,Optimal surface,r,0.03,3.0,253.81041543141714
1.0,t=1y,V,Optimal surface,r,0.0325,3.25,258.41718933129926
1.0,t=1y,V,Optimal surface,r,0.035,3.5000000000000004,260.8485883566275
1.0,t=1y,V,Optimal surface,r,0.037500000000000006,3.7500000000000004,267.80151501872774
1.0,t=1y,V,Optimal surface,r,0.04000000000000001,4.000000000000001,276.9643224765964
1.0,t=1y,V,Optimal surface,r,0.042499999999999996,4.25,282.6345342800518
1.0,t=1y,V,Optimal surface,r,0.045,4.5,286.13245882698317
1.0,t=1y,V,Optimal surface,r,0.0475,4.75,288.0971412498259
1.0,t=1y,V,Optimal surface,r,0.05,5.0,289.620294789686
1.0,t=1y,V,Optimal surface,r,0.052500000000000005,5.250000000000001,290.75390013089697
1.0,t=1y,V,Optimal surface,r,0.05500000000000001,5.500000000000001,291.0206489166118
1.0,t=1y,V,Optimal surface,r,0.05750000000000001,5.750000000000001,290.71280603859157
1.0,t=1y,V,Optimal surface,r,0.06,6.0,291.11392334590545
1.0,t=1y,V,Optimal surface,r,0.0625,6.25,292.8103438573595
1.0,t=1y,V,Optimal surface,r,0.065,6.5,293.0819006962224
1.0,t=1y,V,Optimal surface,r,0.0675,6.75,289.63257712723475
1.0,t=1y,V,Optimal surface,r,0.07,7.000000000000001,284.6384168780129
1.0,t=1y,V,Optimal surface,r,0.07250000000000001,7.250000000000001,278.49287842548824
1.0,t=1y,V,Optimal surface,r,0.075,7.5,262.5730283077787
1.0,t=1y,V,Optimal surface,r,0.0775,7.75,234.00429227285403
1.0,t=1y,V,Optimal surface,r,0.08,8.0,201.31087034062497
1.0,t=1y,V,Optimal surface,K,-25.0,-25.0,100.15653580958583
1.0,t=1y,V,Optimal surface,K,-22.5,-22.5,100.15653580958583
1.0,t=1y,V,Optimal surface,K,-20.0,-20.0,100.15653580958625
1.0,t=1y,V,Optimal surface,K,-17.5,-17.5,100.15653580958625
1.0,t=1y,V,Optimal surface,K,-15.0,-15.0,100.15653580958625
1.0,t=1y,V,Optimal surface,K,-12.5,-12.5,100.1565358095862
1.0,t=1y,V,Optimal surface,K,-10.0,-10.0,100.1565358095862
1.0,t=1y,V,Optimal surface,K,-7.5,-7.5,100.1565358095862
1.0,t=1y,V,Optimal surface,K,-5.0,-5.0,100.1565358095862
1.0,t=1y,V,Optimal surface,K,-2.5,-2.5,100.1565358095862
1.0,t=1y,V,Optimal surface,K,0.0,0.0,100.15653580958579
1.0,t=1y,V,Optimal surface,K,2.5,2.5,101.0496753197385
1.0,t=1y,V,Optimal surface,K,5.0,5.0,118.96928734667473
1.0,t=1y,V,Optimal surface,K,7.5,7.5,216.83495806432364
1.0,t=1y,V,Optimal surface,K,10.0,10.0,335.5478417977624
1.0,t=1y,V,Optimal surface,K,12.5,12.5,252.9915414196811
1.0,t=1y,V,Optimal surface,K,15.0,15.0,242.78684326830287
1.0,t=1y,V,Optimal surface,K,17.5,17.5,240.30025524613285
1.0,t=1y,V,Optimal surface,K,20.0,20.0,239.8434244098216
1.0,t=1y,V,Optimal surface,K,22.5,22.5,239.75937184540228
1.0,t=1y,V,Optimal surface,K,25.0,25.0,239.74490275026446
1.0,t=1y,V,Optimal surface,K,27.5,27.5,239.742816620067
1.0,t=1y,V,Optimal surface,K,30.0,30.0,239.74256497303773
1.0,t=1y,V,Optimal surface,K,32.5,32.5,239.74253915094903
1.0,t=1y,V,Optimal surface,K,35.0,35.0,239.74253687546494
1.0,t=1y,V,Optimal surface,q,0.0,0.0,16.469131685433013
1.0,t=1y,V,Optimal surface,q,5.0,5.0,26.29573370477184
1.0,t=1y,V,Optimal surface,q,10.0,10.0,36.27971147270382
1.0,t=1y,V,Optimal surface,q,15.0,15.0,46.489536032597094
1.0,t=1y,V,Optimal surface,q,20.0,20.0,57.02634930331214
1.0,t=1y,V,Optimal surface,q,25.0,25.0,67.83873540693614
1.0,t=1y,V,Optimal surface,q,30.0,30.0,78.87367042366064
1.0,t=1y,V,Optimal surface,q,35.0,35.0,90.05238080331836
1.0,t=1y,V,Optimal surface,q,40.0,40.0,101.0623749793572
1.0,t=1y,V,Optimal surface,q,45.0,45.0,112.0904166086373
1.0,t=1y,V,Optimal surface,q,50.0,50.0,123.24768564050481
1.0,t=1y,V,Optimal surface,q,55.0,55.0,134.53593787019557
1.0,t=1y,V,Optimal surface,q,60.0,60.0,145.93406485329587
1.0,t=1y,V,Optimal surface,q,65.0,65.0,157.42257916548695
1.0,t=1y,V,Optimal surface,q,70.0,70.0,169.04957319995415
1.0,t=1y,V,Optimal surface,q,75.0,75.0,180.83724490165878
1.0,t=1y,V,Optimal surface,q,80.0,80.0,192.84289676139954
1.0,t=1y,V,Optimal surface,q,85.0,85.0,205.27087865978027
1.0,t=1y,V,Optimal surface,q,90.0,90.0,218.29204619024998
1.0,t=1y,V,Optimal surface,q,95.0,95.0,231.93974881457152
1.0,t=1y,V,Optimal surface,q,100.0,100.0,245.3926681182324
1.0,t=1y,V,Optimal surface,q,105.0,105.0,259.52522961929606
1.0,t=1y,V,Optimal surface,q,110.0,110.0,276.45421739716636
1.0,t=1y,V,Optimal surface,q,115.0,115.0,295.5391479590006
1.0,t=1y,V,Optimal surface,q,120.0,120.0,324.26847852729793
1.0,t=1y,V,Optimal surface,q,125.0,125.0,353.47774628487775
1.0,t=1y,V,Optimal surface,q,130.0,130.0,395.5573043998519
1.0,t=1y,V,Optimal surface,q,135.0,135.0,417.37357395106903
1.0,t=1y,V,Optimal surface,q,140.0,140.0,459.9519831820629
3.0,t=3y,dK_0.5y,Passive q,r,-0.03,-3.0,41.007982983534426
3.0,t=3y,dK_0.5y,Passive q,r,-0.0275,-2.75,44.11374042974927
3.0,t=3y,dK_0.5y,Passive q,r,-0.024999999999999998,-2.5,46.65711731325928
3.0,t=3y,dK_0.5y,Passive q,r,-0.0225,-2.25,47.64761547366215
3.0,t=3y,dK_0.5y,Passive q,r,-0.019999999999999997,-1.9999999999999998,47.64761547366203
3.0,t=3y,dK_0.5y,Passive q,r,-0.017499999999999998,-1.7499999999999998,47.75640381719143
3.0,t=3y,dK_0.5y,Passive q,r,-0.015,-1.5,47.88533197599646
3.0,t=3y,dK_0.5y,Passive q,r,-0.012499999999999997,-1.2499999999999998,47.90547179127197
3.0,t=3y,dK_0.5y,Passive q,r,-0.009999999999999998,-0.9999999999999999,47.90547179127197
3.0,t=3y,dK_0.5y,Passive q,r,-0.0075,-0.75,47.90547179127202
3.0,t=3y,dK_0.5y,Passive q,r,-0.0049999999999999975,-0.4999999999999998,47.90547179127202
3.0,t=3y,dK_0.5y,Passive q,r,-0.0024999999999999988,-0.2499999999999999,47.90547179127191
3.0,t=3y,dK_0.5y,Passive q,r,0.0,0.0,47.905471791271886
3.0,t=3y,dK_0.5y,Passive q,r,0.0025000000000000022,0.2500000000000002,47.90547179127191
3.0,t=3y,dK_0.5y,Passive q,r,0.0050000000000000044,0.5000000000000004,47.90547179127197
3.0,t=3y,dK_0.5y,Passive q,r,0.0075,0.75,47.90547179127199
3.0,t=3y,dK_0.5y,Passive q,r,0.010000000000000002,1.0000000000000002,47.90547179127195
3.0,t=3y,dK_0.5y,Passive q,r,0.012500000000000004,1.2500000000000004,47.90547179127193
3.0,t=3y,dK_0.5y,Passive q,r,0.015,1.5,47.90547179127195
3.0,t=3y,dK_0.5y,Passive q,r,0.0175,1.7500000000000002,47.90547179127195
3.0,t=3y,dK_0.5y,Passive q,r,0.020000000000000004,2.0000000000000004,47.90547179127193
3.0,t=3y,dK_0.5y,Passive q,r,0.0225,2.25,47.90547179127194
3.0,t=3y,dK_0.5y,Passive q,r,0.025,2.5,47.90547179127196
3.0,t=3y,dK_0.5y,Passive q,r,0.027500000000000004,2.7500000000000004,47.90547179127193
3.0,t=3y,dK_0.5y,Passive q,r,0.03,3.0,47.90547179127193
3.0,t=3y,dK_0.5y,Passive q,r,0.0325,3.25,47.90547179127195
3.0,t=3y,dK_0.5y,Passive q,r,0.035,3.5000000000000004,47.905471791271935
3.0,t=3y,dK_0.5y,Passive q,r,0.037500000000000006,3.7500000000000004,47.90547179127195
3.0,t=3y,dK_0.5y,Passive q,r,0.04000000000000001,4.000000000000001,47.90547179127196
3.0,t=3y,dK_0.5y,Passive q,r,0.042499999999999996,4.25,47.90547179127191
3.0,t=3y,dK_0.5y,Passive q,r,0.045,4.5,47.90547179127197
3.0,t=3y,dK_0.5y,Passive q,r,0.0475,4.75,47.90547179127197
3.0,t=3y,dK_0.5y,Passive q,r,0.05,5.0,47.90547179127197
3.0,t=3y,dK_0.5y,Passive q,r,0.052500000000000005,5.250000000000001,47.90547179127197
3.0,t=3y,dK_0.5y,Passive q,r,0.05500000000000001,5.500000000000001,47.90547179127191
3.0,t=3y,dK_0.5y,Passive q,r,0.05750000000000001,5.750000000000001,47.90547179127197
3.0,t=3y,dK_0.5y,Passive q,r,0.06,6.0,47.90547179127191
3.0,t=3y,dK_0.5y,Passive q,r,0.0625,6.25,47.90547179127191
3.0,t=3y,dK_0.5y,Passive q,r,0.065,6.5,47.88533197599651
3.0,t=3y,dK_0.5y,Passive q,r,0.0675,6.75,47.75640381719148
3.0,t=3y,dK_0.5y,Passive q,r,0.07,7.000000000000001,47.64761547366203
3.0,t=3y,dK_0.5y,Passive q,r,0.07250000000000001,7.250000000000001,47.647615473662086
3.0,t=3y,dK_0.5y,Passive q,r,0.075,7.5,46.65711731325928
3.0,t=3y,dK_0.5y,Passive q,r,0.0775,7.75,44.1137404297491
3.0,t=3y,dK_0.5y,Passive q,r,0.08,8.0,41.00798298353425
3.0,t=3y,dK_0.5y,Passive q,K,-25.0,-25.0,47.905471791271964
3.0,t=3y,dK_0.5y,Passive q,K,-22.5,-22.5,47.905471791271964
3.0,t=3y,dK_0.5y,Passive q,K,-20.0,-20.0,47.905471791271964
3.0,t=3y,dK_0.5y,Passive q,K,-17.5,-17.5,47.905471791271964
3.0,t=3y,dK_0.5y,Passive q,K,-15.0,-15.0,47.905471791271964
3.0,t=3y,dK_0.5y,Passive q,K,-12.5,-12.5,47.905471791271964
3.0,t=3y,dK_0.5y,Passive q,K,-10.0,-10.0,47.905471791271964
3.0,t=3y,dK_0.5y,Passive q,K,-7.5,-7.5,47.905471791271964
3.0,t=3y,dK_0.5y,Passive q,K,-5.0,-5.0,47.905471791271964
3.0,t=3y,dK_0.5y,Passive q,K,-2.5,-2.5,47.905471791271964
3.0,t=3y,dK_0.5y,Passive q,K,0.0,0.0,47.905471791271964
3.0,t=3y,dK_0.5y,Passive q,K,2.5,2.5,47.905471791271964
3.0,t=3y,dK_0.5y,Passive q,K,5.0,5.0,47.905471791271964
3.0,t=3y,dK_0.5y,Passive q,K,7.5,7.5,47.905471791271964
3.0,t=3y,dK_0.5y,Passive q,K,10.0,10.0,47.905471791271935
3.0,t=3y,dK_0.5y,Passive q,K,12.5,12.5,47.905471791271935
3.0,t=3y,dK_0.5y,Passive q,K,15.0,15.0,47.905471791271935
3.0,t=3y,dK_0.5y,Passive q,K,17.5,17.5,47.905471791271935
3.0,t=3y,dK_0.5y,Passive q,K,20.0,20.0,47.905471791271935
3.0,t=3y,dK_0.5y,Passive q,K,22.5,22.5,47.905471791271935
3.0,t=3y,dK_0.5y,Passive q,K,25.0,25.0,47.905471791271935
3.0,t=3y,dK_0.5y,Passive q,K,27.5,27.5,47.905471791271935
3.0,t=3y,dK_0.5y,Passive q,K,30.0,30.0,47.905471791271935
3.0,t=3y,dK_0.5y,Passive q,K,32.5,32.5,47.90547179127192
3.0,t=3y,dK_0.5y,Passive q,K,35.0,35.0,47.905471791271935
3.0,t=3y,dK_0.5y,Passive q,q,0.0,0.0,0.0
3.0,t=3y,dK_0.5y,Passive q,q,5.0,5.0,2.3952735895635966
3.0,t=3y,dK_0.5y,Passive q,q,10.0,10.0,4.790547179127191
3.0,t=3y,dK_0.5y,Passive q,q,15.0,15.0,7.1858207686907924
3.0,t=3y,dK_0.5y,Passive q,q,20.0,20.0,9.581094358254383
3.0,t=3y,dK_0.5y,Passive q,q,25.0,25.0,11.976367947817984
3.0,t=3y,dK_0.5y,Passive q,q,30.0,30.0,14.37164153738158
3.0,t=3y,dK_0.5y,Passive q,q,35.0,35.0,16.766915126945175
3.0,t=3y,dK_0.5y,Passive q,q,40.0,40.0,19.16218871650877
3.0,t=3y,dK_0.5y,Passive q,q,45.0,45.0,21.557462306072367
3.0,t=3y,dK_0.5y,Passive q,q,50.0,50.0,23.952735895635968
3.0,t=3y,dK_0.5y,Passive q,q,55.0,55.0,26.34800948519957
3.0,t=3y,dK_0.5y,Passive q,q,60.0,60.0,28.743283074763177
3.0,t=3y,dK_0.5y,Passive q,q,65.0,65.0,31.138556664326764
3.0,t=3y,dK_0.5y,Passive q,q,70.0,70.0,33.53383025389035
3.0,t=3y,dK_0.5y,Passive q,q,75.0,75.0,35.929103843453944
3.0,t=3y,dK_0.5y,Passive q,q,80.0,80.0,38.324377433017524
3.0,t=3y,dK_0.5y,Passive q,q,85.0,85.0,40.71965102258116
3.0,t=3y,dK_0.5y,Passive q,q,90.0,90.0,43.11492461214473
3.0,t=3y,dK_0.5y,Passive q,q,95.0,95.0,45.51019820170833
3.0,t=3y,dK_0.5y,Passive q,q,100.0,100.0,47.905471791271935
3.0,t=3y,dK_0.5y,Passive q,q,105.0,105.0,50.30074538083554
3.0,t=3y,dK_0.5y,Passive q,q,110.0,110.0,52.69601897039914
3.0,t=3y,dK_0.5y,Passive q,q,115.0,115.0,55.09129255996274
3.0,t=3y,dK_0.5y,Passive q,q,120.0,120.0,57.48656614952634
3.0,t=3y,dK_0.5y,Passive q,q,125.0,125.0,59.881839739089905
3.0,t=3y,dK_0.5y,Passive q,q,130.0,130.0,62.2771133286535
3.0,t=3y,dK_0.5y,Passive q,q,135.0,135.0,64.67238691821711
3.0,t=3y,dK_0.5y,Passive q,q,140.0,140.0,67.0676605077807
3.0,t=3y,dK_0.5y,CAR-target,r,-0.03,-3.0,46.70957958024201
3.0,t=3y,dK_0.5y,CAR-target,r,-0.0275,-2.75,50.43648851569901
3.0,t=3y,dK_0.5y,CAR-target,r,-0.024999999999999998,-2.5,53.48854077591102
3.0,t=3y,dK_0.5y,CAR-target,r,-0.0225,-2.25,54.677138568394525
3.0,t=3y,dK_0.5y,CAR-target,r,-0.019999999999999997,-1.9999999999999998,54.67713856839464
3.0,t=3y,dK_0.5y,CAR-target,r,-0.017499999999999998,-1.7499999999999998,54.80768458062971
3.0,t=3y,dK_0.5y,CAR-target,r,-0.015,-1.5,54.96239837119572
3.0,t=3y,dK_0.5y,CAR-target,r,-0.012499999999999997,-1.2499999999999998,54.98656614952631
3.0,t=3y,dK_0.5y,CAR-target,r,-0.009999999999999998,-0.9999999999999999,54.98656614952631
3.0,t=3y,dK_0.5y,CAR-target,r,-0.0075,-0.75,54.98656614952637
3.0,t=3y,dK_0.5y,CAR-target,r,-0.0049999999999999975,-0.4999999999999998,54.986566149526254
3.0,t=3y,dK_0.5y,CAR-target,r,-0.0024999999999999988,-0.2499999999999999,54.98656614952637
3.0,t=3y,dK_0.5y,CAR-target,r,0.0,0.0,54.98656614952637
3.0,t=3y,dK_0.5y,CAR-target,r,0.0025000000000000022,0.2500000000000002,54.98656614952631
3.0,t=3y,dK_0.5y,CAR-target,r,0.0050000000000000044,0.5000000000000004,54.986566149526254
3.0,t=3y,dK_0.5y,CAR-target,r,0.0075,0.75,54.98656614952637
3.0,t=3y,dK_0.5y,CAR-target,r,0.010000000000000002,1.0000000000000002,54.98656614952631
3.0,t=3y,dK_0.5y,CAR-target,r,0.012500000000000004,1.2500000000000004,54.986566149526254
3.0,t=3y,dK_0.5y,CAR-target,r,0.015,1.5,54.986566149526396
3.0,t=3y,dK_0.5y,CAR-target,r,0.0175,1.7500000000000002,54.98656614952628
3.0,t=3y,dK_0.5y,CAR-target,r,0.020000000000000004,2.0000000000000004,54.98656614952628
3.0,t=3y,dK_0.5y,CAR-target,r,0.0225,2.25,54.98656614952637
3.0,t=3y,dK_0.5y,CAR-target,r,0.025,2.5,54.98656614952637
3.0,t=3y,dK_0.5y,CAR-target,r,0.027500000000000004,2.7500000000000004,54.98656614952628
3.0,t=3y,dK_0.5y,CAR-target,r,0.03,3.0,54.98656614952631
3.0,t=3y,dK_0.5y,CAR-target,r,0.0325,3.25,54.98656614952635
3.0,t=3y,dK_0.5y,CAR-target,r,0.035,3.5000000000000004,54.98656614952631
3.0,t=3y,dK_0.5y,CAR-target,r,0.037500000000000006,3.7500000000000004,54.98656614952634
3.0,t=3y,dK_0.5y,CAR-target,r,0.04000000000000001,4.000000000000001,54.98656614952634
3.0,t=3y,dK_0.5y,CAR-target,r,0.042499999999999996,4.25,54.9865661495263
3.0,t=3y,dK_0.5y,CAR-target,r,0.045,4.5,54.986566149526354
3.0,t=3y,dK_0.5y,CAR-target,r,0.0475,4.75,54.98656614952635
3.0,t=3y,dK_0.5y,CAR-target,r,0.05,5.0,54.9865661495263
3.0,t=3y,dK_0.5y,CAR-target,r,0.052500000000000005,5.250000000000001,54.986566149526304
3.0,t=3y,dK_0.5y,CAR-target,r,0.05500000000000001,5.500000000000001,54.98656614952634
3.0,t=3y,dK_0.5y,CAR-target,r,0.05750000000000001,5.750000000000001,54.986566149526425
3.0,t=3y,dK_0.5y,CAR-target,r,0.06,6.0,54.98656614952628
3.0,t=3y,dK_0.5y,CAR-target,r,0.0625,6.25,54.98656614952628
3.0,t=3y,dK_0.5y,CAR-target,r,0.065,6.5,54.96239837119569
3.0,t=3y,dK_0.5y,CAR-target,r,0.0675,6.75,54.80768458062977
3.0,t=3y,dK_0.5y,CAR-target,r,0.07,7.000000000000001,54.67713856839459
3.0,t=3y,dK_0.5y,CAR-target,r,0.07250000000000001,7.250000000000001,54.67713856839455
3.0,t=3y,dK_0.5y,CAR-target,r,0.075,7.5,53.488540775911076
3.0,t=3y,dK_0.5y,CAR-target,r,0.0775,7.75,50.436488515699054
3.0,t=3y,dK_0.5y,CAR-target,r,0.08,8.0,46.709579580241325
3.0,t=3y,dK_0.5y,CAR-target,K,-25.0,-25.0,40.82437743301757
3.0,t=3y,dK_0.5y,CAR-target,K,-22.5,-22.5,40.82437743301757
3.0,t=3y,dK_0.5y,CAR-target,K,-20.0,-20.0,40.82437743301757
3.0,t=3y,dK_0.5y,CAR-target,K,-17.5,-17.5,40.82437743301757
3.0,t=3y,dK_0.5y,CAR-target,K,-15.0,-15.0,40.82437743301757
3.0,t=3y,dK_0.5y,CAR-target,K,-12.5,-12.5,40.82437743301757
3.0,t=3y,dK_0.5y,CAR-target,K,-10.0,-10.0,40.82437743301757
3.0,t=3y,dK_0.5y,CAR-target,K,-7.5,-7.5,40.82437743301757
3.0,t=3y,dK_0.5y,CAR-target,K,-5.0,-5.0,40.82437743301757
3.0,t=3y,dK_0.5y,CAR-target,K,-2.5,-2.5,40.82437743301757
3.0,t=3y,dK_0.5y,CAR-target,K,0.0,0.0,40.82437743301757
3.0,t=3y,dK_0.5y,CAR-target,K,2.5,2.5,40.82437743301757
3.0,t=3y,dK_0.5y,CAR-target,K,5.0,5.0,40.82437743301757
3.0,t=3y,dK_0.5y,CAR-target,K,7.5,7.5,40.82437743301757
3.0,t=3y,dK_0.5y,CAR-target,K,10.0,10.0,44.35080716667877
3.0,t=3y,dK_0.5y,CAR-target,K,12.5,12.5,55.233328878100664
3.0,t=3y,dK_0.5y,CAR-target,K,15.0,15.0,54.98656614952631
3.0,t=3y,dK_0.5y,CAR-target,K,17.5,17.5,54.98656614952631
3.0,t=3y,dK_0.5y,CAR-target,K,20.0,20.0,54.98656614952631
3.0,t=3y,dK_0.5y,CAR-target,K,22.5,22.5,54.98656614952631
3.0,t=3y,dK_0.5y,CAR-target,K,25.0,25.0,54.98656614952631
3.0,t=3y,dK_0.5y,CAR-target,K,27.5,27.5,54.98656614952631
3.0,t=3y,dK_0.5y,CAR-target,K,30.0,30.0,54.98656614952631
3.0,t=3y,dK_0.5y,CAR-target,K,32.5,32.5,54.98656614952631
3.0,t=3y,dK_0.5y,CAR-target,K,35.0,35.0,54.98656614952631
3.0,t=3y,dK_0.5y,CAR-target,q,0.0,0.0,7.081094358254376
3.0,t=3y,dK_0.5y,CAR-target,q,5.0,5.0,9.476367947817977
3.0,t=3y,dK_0.5y,CAR-target,q,10.0,10.0,11.871641537381578
3.0,t=3y,dK_0.5y,CAR-target,q,15.0,15.0,14.266915126945216
3.0,t=3y,dK_0.5y,CAR-target,q,20.0,20.0,16.66218871650881
3.0,t=3y,dK_0.5y,CAR-target,q,25.0,25.0,19.05746230607238
3.0,t=3y,dK_0.5y,CAR-target,q,30.0,30.0,21.452735895635954
3.0,t=3y,dK_0.5y,CAR-target,q,35.0,35.0,23.84800948519957
3.0,t=3y,dK_0.5y,CAR-target,q,40.0,40.0,26.243283074763156
3.0,t=3y,dK_0.5y,CAR-target,q,45.0,45.0,28.63855666432676
3.0,t=3y,dK_0.5y,CAR-target,q,50.0,50.0,31.033830253890365
3.0,t=3y,dK_0.5y,CAR-target,q,55.0,55.0,33.42910384345396
3.0,t=3y,dK_0.5y,CAR-target,q,60.0,60.0,35.82437743301753
3.0,t=3y,dK_0.5y,CAR-target,q,65.0,65.0,38.219651022581125
3.0,t=3y,dK_0.5y,CAR-target,q,70.0,70.0,40.614924612144755
3.0,t=3y,dK_0.5y,CAR-target,q,75.0,75.0,43.01019820170835
3.0,t=3y,dK_0.5y,CAR-target,q,80.0,80.0,45.40547179127194
3.0,t=3y,dK_0.5y,CAR-target,q,85.0,85.0,47.80074538083554
3.0,t=3y,dK_0.5y,CAR-target,q,90.0,90.0,50.19601897039913
3.0,t=3y,dK_0.5y,CAR-target,q,95.0,95.0,52.59129255996273
3.0,t=3y,dK_0.5y,CAR-target,q,100.0,100.0,54.98656614952631
3.0,t=3y,dK_0.5y,CAR-target,q,105.0,105.0,57.38183973908991
3.0,t=3y,dK_0.5y,CAR-target,q,110.0,110.0,56.83781263676124
3.0,t=3y,dK_0.5y,CAR-target,q,115.0,115.0,58.15153047347309
3.0,t=3y,dK_0.5y,CAR-target,q,120.0,120.0,61.632535254708245
3.0,t=3y,dK_0.5y,CAR-target,q,125.0,125.0,69.09164476781699
3.0,t=3y,dK_0.5y,CAR-target,q,130.0,130.0,80.60848161060218
3.0,t=3y,dK_0.5y,CAR-target,q,135.0,135.0,67.06766050778074
3.0,t=3y,dK_0.5y,CAR-target,q,140.0,140.0,67.0676605077807
3.0,t=3y,dK_0.5y,MtM-band,r,-0.03,-3.0,35.30638638682785
3.0,t=3y,dK_0.5y,MtM-band,r,-0.0275,-2.75,37.79099234379953
3.0,t=3y,dK_0.5y,MtM-band,r,-0.024999999999999998,-2.5,39.82569385060742
3.0,t=3y,dK_0.5y,MtM-band,r,-0.0225,-2.25,40.61809237892976
3.0,t=3y,dK_0.5y,MtM-band,r,-0.019999999999999997,-1.9999999999999998,40.61809237892971
3.0,t=3y,dK_0.5y,MtM-band,r,-0.017499999999999998,-1.7499999999999998,40.70512305375303
3.0,t=3y,dK_0.5y,MtM-band,r,-0.015,-1.5,40.808265580797126
3.0,t=3y,dK_0.5y,MtM-band,r,-0.012499999999999997,-1.2499999999999998,40.82437743301762
3.0,t=3y,dK_0.5y,MtM-band,r,-0.009999999999999998,-0.9999999999999999,40.82437743301762
3.0,t=3y,dK_0.5y,MtM-band,r,-0.0075,-0.75,41.00472280179457
3.0,t=3y,dK_0.5y,MtM-band,r,-0.0049999999999999975,-0.4999999999999998,41.40479998663449
3.0,t=3y,dK_0.5y,MtM-band,r,-0.0024999999999999988,-0.2499999999999999,41.50767107453095
3.0,t=3y,dK_0.5y,MtM-band,r,0.0,0.0,41.12048670557158
3.0,t=3y,dK_0.5y,MtM-band,r,0.0025000000000000022,0.2500000000000002,45.735161654389806
3.0,t=3y,dK_0.5y,MtM-band,r,0.0050000000000000044,0.5000000000000004,54.589550711831976
3.0,t=3y,dK_0.5y,MtM-band,r,0.0075,0.75,53.06156537977177
3.0,t=3y,dK_0.5y,MtM-band,r,0.010000000000000002,1.0000000000000002,50.71032543637196
3.0,t=3y,dK_0.5y,MtM-band,r,0.012500000000000004,1.2500000000000004,64.89818022464218
3.0,t=3y,dK_0.5y,MtM-band,r,0.015,1.5,147.87619069894717
3.0,t=3y,dK_0.5y,MtM-band,r,0.0175,1.7500000000000002,133.4080446272619
3.0,t=3y,dK_0.5y,MtM-band,r,0.020000000000000004,2.0000000000000004,47.174416082049035
3.0,t=3y,dK_0.5y,MtM-band,r,0.0225,2.25,60.110107242976014
3.0,t=3y,dK_0.5y,MtM-band,r,0.025,2.5,45.615132719401274
3.0,t=3y,dK_0.5y,MtM-band,r,0.027500000000000004,2.7500000000000004,32.85025062747317
3.0,t=3y,dK_0.5y,MtM-band,r,0.03,3.0,47.500730732795354
3.0,t=3y,dK_0.5y,MtM-band,r,0.0325,3.25,-48.97521297333823
3.0,t=3y,dK_0.5y,MtM-band,r,0.035,3.5000000000000004,-75.39123404172337
3.0,t=3y,dK_0.5y,MtM-band,r,0.037500000000000006,3.7500000000000004,3.946738622078719
3.0,t=3y,dK_0.5y,MtM-band,r,0.04000000000000001,4.000000000000001,25.784619918205415
3.0,t=3y,dK_0.5y,MtM-band,r,0.042499999999999996,4.25,33.48946023595005
3.0,t=3y,dK_0.5y,MtM-band,r,0.045,4.5,23.60690547898504
3.0,t=3y,dK_0.5y,MtM-band,r,0.0475,4.75,29.792505160437166
3.0,t=3y,dK_0.5y,MtM-band,r,0.05,5.0,40.72562163516598
3.0,t=3y,dK_0.5y,MtM-band,r,0.052500000000000005,5.250000000000001,40.29594080864612
3.0,t=3y,dK_0.5y,MtM-band,r,0.05500000000000001,5.500000000000001,39.99936056499226
3.0,t=3y,dK_0.5y,MtM-band,r,0.05750000000000001,5.750000000000001,40.416148575631695
3.0,t=3y,dK_0.5y,MtM-band,r,0.06,6.0,40.8243774330175
3.0,t=3y,dK_0.5y,MtM-band,r,0.0625,6.25,40.82437743301752
3.0,t=3y,dK_0.5y,MtM-band,r,0.065,6.5,40.808265580797155
3.0,t=3y,dK_0.5y,MtM-band,r,0.0675,6.75,40.7051230537532
3.0,t=3y,dK_0.5y,MtM-band,r,0.07,7.000000000000001,40.618092378929674
3.0,t=3y,dK_0.5y,MtM-band,r,0.07250000000000001,7.250000000000001,40.61809237892973
3.0,t=3y,dK_0.5y,MtM-band,r,0.075,7.5,39.825693850607394
3.0,t=3y,dK_0.5y,MtM-band,r,0.0775,7.75,37.79099234379933
3.0,t=3y,dK_0.5y,MtM-band,r,0.08,8.0,35.306386386827626
3.0,t=3y,dK_0.5y,MtM-band,K,-25.0,-25.0,-73.30990985781273
3.0,t=3y,dK_0.5y,MtM-band,K,-22.5,-22.5,-73.30990985781273
3.0,t=3y,dK_0.5y,MtM-band,K,-20.0,-20.0,-73.30990985781273
3.0,t=3y,dK_0.5y,MtM-band,K,-17.5,-17.5,-73.30990985781273
3.0,t=3y,dK_0.5y,MtM-band,K,-15.0,-15.0,-73.30990985781273
3.0,t=3y,dK_0.5y,MtM-band,K,-12.5,-12.5,-73.30990985781273
3.0,t=3y,dK_0.5y,MtM-band,K,-10.0,-10.0,-73.30990985781273
3.0,t=3y,dK_0.5y,MtM-band,K,-7.5,-7.5,-73.30990985781273
3.0,t=3y,dK_0.5y,MtM-band,K,-5.0,-5.0,-73.30990985781273
3.0,t=3y,dK_0.5y,MtM-band,K,-2.5,-2.5,-73.30990985781273
3.0,t=3y,dK_0.5y,MtM-band,K,0.0,0.0,-73.30990985781273
3.0,t=3y,dK_0.5y,MtM-band,K,2.5,2.5,-73.30990985781273
3.0,t=3y,dK_0.5y,MtM-band,K,5.0,5.0,-73.30990985781273
3.0,t=3y,dK_0.5y,MtM-band,K,7.5,7.5,-73.30990985781273
3.0,t=3y,dK_0.5y,MtM-band,K,10.0,10.0,-83.30538428723392
3.0,t=3y,dK_0.5y,MtM-band,K,12.5,12.5,-73.30990985781274
3.0,t=3y,dK_0.5y,MtM-band,K,15.0,15.0,-73.30990985781274
3.0,t=3y,dK_0.5y,MtM-band,K,17.5,17.5,-73.30990985781274
3.0,t=3y,dK_0.5y,MtM-band,K,20.0,20.0,-73.30990985781274
3.0,t=3y,dK_0.5y,MtM-band,K,22.5,22.5,-73.30990985781274
3.0,t=3y,dK_0.5y,MtM-band,K,25.0,25.0,-73.30990985781274
3.0,t=3y,dK_0.5y,MtM-band,K,27.5,27.5,-73.30990985781274
3.0,t=3y,dK_0.5y,MtM-band,K,30.0,30.0,-73.30990985781274
3.0,t=3y,dK_0.5y,MtM-band,K,32.5,32.5,-73.30990985781274
3.0,t=3y,dK_0.5y,MtM-band,K,35.0,35.0,-73.30990985781274
3.0,t=3y,dK_0.5y,MtM-band,q,0.0,0.0,0.0
3.0,t=3y,dK_0.5y,MtM-band,q,5.0,5.0,2.3952735895635966
3.0,t=3y,dK_0.5y,MtM-band,q,10.0,10.0,4.790547179127191
3.0,t=3y,dK_0.5y,MtM-band,q,15.0,15.0,7.1858207686907924
3.0,t=3y,dK_0.5y,MtM-band,q,20.0,20.0,9.581094358254383
3.0,t=3y,dK_0.5y,MtM-band,q,25.0,25.0,11.976367947817984
3.0,t=3y,dK_0.5y,MtM-band,q,30.0,30.0,14.369887898523407
3.0,t=3y,dK_0.5y,MtM-band,q,35.0,35.0,16.610622027180636
3.0,t=3y,dK_0.5y,MtM-band,q,40.0,40.0,18.53709136428415
3.0,t=3y,dK_0.5y,MtM-band,q,45.0,45.0,20.542766881653012
3.0,t=3y,dK_0.5y,MtM-band,q,50.0,50.0,17.80808621382136
3.0,t=3y,dK_0.5y,MtM-band,q,55.0,55.0,11.148593754555527
3.0,t=3y,dK_0.5y,MtM-band,q,60.0,60.0,10.577039246727043
3.0,t=3y,dK_0.5y,MtM-band,q,65.0,65.0,19.981380370491003
3.0,t=3y,dK_0.5y,MtM-band,q,70.0,70.0,0.10829448068968683
3.0,t=3y,dK_0.5y,MtM-band,q,75.0,75.0,-51.38099254196463
3.0,t=3y,dK_0.5y,MtM-band,q,80.0,80.0,-47.771827023267676
3.0,t=3y,dK_0.5y,MtM-band,q,85.0,85.0,-57.46271938477172
3.0,t=3y,dK_0.5y,MtM-band,q,90.0,90.0,-73.17886200867437
3.0,t=3y,dK_0.5y,MtM-band,q,95.0,95.0,-70.64600325775402
3.0,t=3y,dK_0.5y,MtM-band,q,100.0,100.0,-73.30990985781274
3.0,t=3y,dK_0.5y,MtM-band,q,105.0,105.0,-85.33499100689674
3.0,t=3y,dK_0.5y,MtM-band,q,110.0,110.0,-70.85775091351015
3.0,t=3y,dK_0.5y,MtM-band,q,115.0,115.0,-19.558157964901802
3.0,t=3y,dK_0.5y,MtM-band,q,120.0,120.0,1.7162913575905359
3.0,t=3y,dK_0.5y,MtM-band,q,125.0,125.0,5.596559162361217
3.0,t=3y,dK_0.5y,MtM-band,q,130.0,130.0,21.598777575474724
3.0,t=3y,dK_0.5y,MtM-band,q,135.0,135.0,38.59639879067206
3.0,t=3y,dK_0.5y,MtM-band,q,140.0,140.0,44.38447250108064
3.0,t=3y,dK_0.5y,0.5y-greedy,r,-0.03,-3.0,43.60671515016304
3.0,t=3y,dK_0.5y,0.5y-greedy,r,-0.0275,-2.75,43.29157739638765
3.0,t=3y,dK_0.5y,0.5y-greedy,r,-0.024999999999999998,-2.5,43.767046475013736
3.0,t=3y,dK_0.5y,0.5y-greedy,r,-0.0225,-2.25,47.104436080947615
3.0,t=3y,dK_0.5y,0.5y-greedy,r,-0.019999999999999997,-1.9999999999999998,49.86440575583265
3.0,t=3y,dK_0.5y,0.5y-greedy,r,-0.017499999999999998,-1.7499999999999998,48.36203718110653
3.0,t=3y,dK_0.5y,0.5y-greedy,r,-0.015,-1.5,47.53254967199865
3.0,t=3y,dK_0.5y,0.5y-greedy,r,-0.012499999999999997,-1.2499999999999998,49.86252633000305
3.0,t=3y,dK_0.5y,0.5y-greedy,r,-0.009999999999999998,-0.9999999999999999,49.67829143665773
3.0,t=3y,dK_0.5y,0.5y-greedy,r,-0.0075,-0.75,47.89257897539147
3.0,t=3y,dK_0.5y,0.5y-greedy,r,-0.0049999999999999975,-0.4999999999999998,47.932373680099715
3.0,t=3y,dK_0.5y,0.5y-greedy,r,-0.0024999999999999988,-0.2499999999999999,48.00683533091075
3.0,t=3y,dK_0.5y,0.5y-greedy,r,0.0,0.0,47.97348703414272
3.0,t=3y,dK_0.5y,0.5y-greedy,r,0.0025000000000000022,0.2500000000000002,47.90547179127191
3.0,t=3y,dK_0.5y,0.5y-greedy,r,0.0050000000000000044,0.5000000000000004,47.90547179127197
3.0,t=3y,dK_0.5y,0.5y-greedy,r,0.0075,0.75,47.90547179127199
3.0,t=3y,dK_0.5y,0.5y-greedy,r,0.010000000000000002,1.0000000000000002,47.90547179127195
3.0,t=3y,dK_0.5y,0.5y-greedy,r,0.012500000000000004,1.2500000000000004,47.90547179127193
3.0,t=3y,dK_0.5y,0.5y-greedy,r,0.015,1.5,47.90547179127195
3.0,t=3y,dK_0.5y,0.5y-greedy,r,0.0175,1.7500000000000002,47.90547179127195
3.0,t=3y,dK_0.5y,0.5y-greedy,r,0.020000000000000004,2.0000000000000004,47.90547179127193
3.0,t=3y,dK_0.5y,0.5y-greedy,r,0.0225,2.25,47.90547179127194
3.0,t=3y,dK_0.5y,0.5y-greedy,r,0.025,2.5,47.90547179127196
3.0,t=3y,dK_0.5y,0.5y-greedy,r,0.027500000000000004,2.7500000000000004,47.90547179127193
3.0,t=3y,dK_0.5y,0.5y-greedy,r,0.03,3.0,47.90547179127193
3.0,t=3y,dK_0.5y,0.5y-greedy,r,0.0325,3.25,47.90547179127195
3.0,t=3y,dK_0.5y,0.5y-greedy,r,0.035,3.5000000000000004,47.905471791271935
3.0,t=3y,dK_0.5y,0.5y-greedy,r,0.037500000000000006,3.7500000000000004,47.90547179127195
3.0,t=3y,dK_0.5y,0.5y-greedy,r,0.04000000000000001,4.000000000000001,47.90547179127196
3.0,t=3y,dK_0.5y,0.5y-greedy,r,0.042499999999999996,4.25,47.90547179127191
3.0,t=3y,dK_0.5y,0.5y-greedy,r,0.045,4.5,47.90547179127197
3.0,t=3y,dK_0.5y,0.5y-greedy,r,0.0475,4.75,47.90547179127197
3.0,t=3y,dK_0.5y,0.5y-greedy,r,0.05,5.0,47.83717196610519
3.0,t=3y,dK_0.5y,0.5y-greedy,r,0.052500000000000005,5.250000000000001,47.803667591439364
3.0,t=3y,dK_0.5y,0.5y-greedy,r,0.05500000000000001,5.500000000000001,47.878413824546385
3.0,t=3y,dK_0.5y,0.5y-greedy,r,0.05750000000000001,5.750000000000001,47.91836460715246
3.0,t=3y,dK_0.5y,0.5y-greedy,r,0.06,6.0,46.12518055377428
3.0,t=3y,dK_0.5y,0.5y-greedy,r,0.0625,6.25,45.93972431097899
3.0,t=3y,dK_0.5y,0.5y-greedy,r,0.065,6.5,48.158604915496085
3.0,t=3y,dK_0.5y,0.5y-greedy,r,0.0675,6.75,47.06221230974012
3.0,t=3y,dK_0.5y,0.5y-greedy,r,0.07,7.000000000000001,45.409948387478664
3.0,t=3y,dK_0.5y,0.5y-greedy,r,0.07250000000000001,7.250000000000001,48.180188190852164
3.0,t=3y,dK_0.5y,0.5y-greedy,r,0.075,7.5,49.546106937667396
3.0,t=3y,dK_0.5y,0.5y-greedy,r,0.0775,7.75,44.92721052154889
3.0,t=3y,dK_0.5y,0.5y-greedy,r,0.08,8.0,38.38749684757067
3.0,t=3y,dK_0.5y,0.5y-greedy,K,-25.0,-25.0,47.905471791271964
3.0,t=3y,dK_0.5y,0.5y-greedy,K,-22.5,-22.5,47.905471791271964
3.0,t=3y,dK_0.5y,0.5y-greedy,K,-20.0,-20.0,47.905471791271964
3.0,t=3y,dK_0.5y,0.5y-greedy,K,-17.5,-17.5,47.905471791271964
3.0,t=3y,dK_0.5y,0.5y-greedy,K,-15.0,-15.0,47.905471791271964
3.0,t=3y,dK_0.5y,0.5y-greedy,K,-12.5,-12.5,47.905471791271964
3.0,t=3y,dK_0.5y,0.5y-greedy,K,-10.0,-10.0,47.905471791271964
3.0,t=3y,dK_0.5y,0.5y-greedy,K,-7.5,-7.5,47.905471791271964
3.0,t=3y,dK_0.5y,0.5y-greedy,K,-5.0,-5.0,47.905471791271964
3.0,t=3y,dK_0.5y,0.5y-greedy,K,-2.5,-2.5,47.905471791271964
3.0,t=3y,dK_0.5y,0.5y-greedy,K,0.0,0.0,47.905471791271964
3.0,t=3y,dK_0.5y,0.5y-greedy,K,2.5,2.5,47.905471791271964
3.0,t=3y,dK_0.5y,0.5y-greedy,K,5.0,5.0,47.905471791271964
3.0,t=3y,dK_0.5y,0.5y-greedy,K,7.5,7.5,47.905471791271964
3.0,t=3y,dK_0.5y,0.5y-greedy,K,10.0,10.0,47.905471791271935
3.0,t=3y,dK_0.5y,0.5y-greedy,K,12.5,12.5,47.905471791271935
3.0,t=3y,dK_0.5y,0.5y-greedy,K,15.0,15.0,47.905471791271935
3.0,t=3y,dK_0.5y,0.5y-greedy,K,17.5,17.5,47.905471791271935
3.0,t=3y,dK_0.5y,0.5y-greedy,K,20.0,20.0,47.905471791271935
3.0,t=3y,dK_0.5y,0.5y-greedy,K,22.5,22.5,47.905471791271935
3.0,t=3y,dK_0.5y,0.5y-greedy,K,25.0,25.0,47.905471791271935
3.0,t=3y,dK_0.5y,0.5y-greedy,K,27.5,27.5,47.905471791271935
3.0,t=3y,dK_0.5y,0.5y-greedy,K,30.0,30.0,47.905471791271935
3.0,t=3y,dK_0.5y,0.5y-greedy,K,32.5,32.5,47.90547179127192
3.0,t=3y,dK_0.5y,0.5y-greedy,K,35.0,35.0,47.905471791271935
3.0,t=3y,dK_0.5y,0.5y-greedy,q,0.0,0.0,0.0
3.0,t=3y,dK_0.5y,0.5y-greedy,q,5.0,5.0,2.3952735895635966
3.0,t=3y,dK_0.5y,0.5y-greedy,q,10.0,10.0,4.790547179127191
3.0,t=3y,dK_0.5y,0.5y-greedy,q,15.0,15.0,7.1858207686907924
3.0,t=3y,dK_0.5y,0.5y-greedy,q,20.0,20.0,9.581094358254383
3.0,t=3y,dK_0.5y,0.5y-greedy,q,25.0,25.0,11.976367947817984
3.0,t=3y,dK_0.5y,0.5y-greedy,q,30.0,30.0,14.37164153738158
3.0,t=3y,dK_0.5y,0.5y-greedy,q,35.0,35.0,16.766915126945175
3.0,t=3y,dK_0.5y,0.5y-greedy,q,40.0,40.0,19.16218871650877
3.0,t=3y,dK_0.5y,0.5y-greedy,q,45.0,45.0,21.557462306072367
3.0,t=3y,dK_0.5y,0.5y-greedy,q,50.0,50.0,23.952735895635968
3.0,t=3y,dK_0.5y,0.5y-greedy,q,55.0,55.0,26.34800948519957
3.0,t=3y,dK_0.5y,0.5y-greedy,q,60.0,60.0,28.743283074763177
3.0,t=3y,dK_0.5y,0.5y-greedy,q,65.0,65.0,31.138556664326764
3.0,t=3y,dK_0.5y,0.5y-greedy,q,70.0,70.0,33.53383025389035
3.0,t=3y,dK_0.5y,0.5y-greedy,q,75.0,75.0,35.929103843453944
3.0,t=3y,dK_0.5y,0.5y-greedy,q,80.0,80.0,38.324377433017524
3.0,t=3y,dK_0.5y,0.5y-greedy,q,85.0,85.0,40.71965102258116
3.0,t=3y,dK_0.5y,0.5y-greedy,q,90.0,90.0,43.11492461214473
3.0,t=3y,dK_0.5y,0.5y-greedy,q,95.0,95.0,45.51019820170833
3.0,t=3y,dK_0.5y,0.5y-greedy,q,100.0,100.0,47.905471791271935
3.0,t=3y,dK_0.5y,0.5y-greedy,q,105.0,105.0,50.30074538083554
3.0,t=3y,dK_0.5y,0.5y-greedy,q,110.0,110.0,52.69601897039914
3.0,t=3y,dK_0.5y,0.5y-greedy,q,115.0,115.0,55.09129255996274
3.0,t=3y,dK_0.5y,0.5y-greedy,q,120.0,120.0,57.48656614952634
3.0,t=3y,dK_0.5y,0.5y-greedy,q,125.0,125.0,59.881839739089905
3.0,t=3y,dK_0.5y,0.5y-greedy,q,130.0,130.0,62.2771133286535
3.0,t=3y,dK_0.5y,0.5y-greedy,q,135.0,135.0,64.67238691821711
3.0,t=3y,dK_0.5y,0.5y-greedy,q,140.0,140.0,67.07621316091056
3.0,t=3y,dK_0.5y,Optimal V,r,-0.03,-3.0,35.30638638682785
3.0,t=3y,dK_0.5y,Optimal V,r,-0.0275,-2.75,37.79099234379953
3.0,t=3y,dK_0.5y,Optimal V,r,-0.024999999999999998,-2.5,39.874651576614085
3.0,t=3y,dK_0.5y,Optimal V,r,-0.0225,-2.25,40.93719007722195
3.0,t=3y,dK_0.5y,Optimal V,r,-0.019999999999999997,-1.9999999999999998,40.90313851101613
3.0,t=3y,dK_0.5y,Optimal V,r,-0.017499999999999998,-1.7499999999999998,40.9797830801525
3.0,t=3y,dK_0.5y,Optimal V,r,-0.015,-1.5,43.695615228840765
3.0,t=3y,dK_0.5y,Optimal V,r,-0.012499999999999997,-1.2499999999999998,48.0730699700343
3.0,t=3y,dK_0.5y,Optimal V,r,-0.009999999999999998,-0.9999999999999999,46.70612919103404
3.0,t=3y,dK_0.5y,Optimal V,r,-0.0075,-0.75,45.95125002729904
3.0,t=3y,dK_0.5y,Optimal V,r,-0.0049999999999999975,-0.4999999999999998,62.18859288089521
3.0,t=3y,dK_0.5y,Optimal V,r,-0.0024999999999999988,-0.2499999999999999,68.39203651201939
3.0,t=3y,dK_0.5y,Optimal V,r,0.0,0.0,96.01342494042952
3.0,t=3y,dK_0.5y,Optimal V,r,0.0025000000000000022,0.2500000000000002,92.80729811039657
3.0,t=3y,dK_0.5y,Optimal V,r,0.0050000000000000044,0.5000000000000004,56.24590070948965
3.0,t=3y,dK_0.5y,Optimal V,r,0.0075,0.75,57.79421649769122
3.0,t=3y,dK_0.5y,Optimal V,r,0.010000000000000002,1.0000000000000002,53.319354230629955
3.0,t=3y,dK_0.5y,Optimal V,r,0.012500000000000004,1.2500000000000004,48.72255294965535
3.0,t=3y,dK_0.5y,Optimal V,r,0.015,1.5,52.477135915074
3.0,t=3y,dK_0.5y,Optimal V,r,0.0175,1.7500000000000002,71.73533398180379
3.0,t=3y,dK_0.5y,Optimal V,r,0.020000000000000004,2.0000000000000004,67.4895657987518
3.0,t=3y,dK_0.5y,Optimal V,r,0.0225,2.25,48.62773738955886
3.0,t=3y,dK_0.5y,Optimal V,r,0.025,2.5,51.22113095233909
3.0,t=3y,dK_0.5y,Optimal V,r,0.027500000000000004,2.7500000000000004,47.768684471721556
3.0,t=3y,dK_0.5y,Optimal V,r,0.03,3.0,45.05965347571811
3.0,t=3y,dK_0.5y,Optimal V,r,0.0325,3.25,48.02603005578174
3.0,t=3y,dK_0.5y,Optimal V,r,0.035,3.5000000000000004,29.075535010803463
3.0,t=3y,dK_0.5y,Optimal V,r,0.037500000000000006,3.7500000000000004,26.61323317512377
3.0,t=3y,dK_0.5y,Optimal V,r,0.04000000000000001,4.000000000000001,47.2646297710507
3.0,t=3y,dK_0.5y,Optimal V,r,0.042499999999999996,4.25,50.37763865817156
3.0,t=3y,dK_0.5y,Optimal V,r,0.045,4.5,47.44492004494231
3.0,t=3y,dK_0.5y,Optimal V,r,0.0475,4.75,47.96241316719522
3.0,t=3y,dK_0.5y,Optimal V,r,0.05,5.0,50.87457909363701
3.0,t=3y,dK_0.5y,Optimal V,r,0.052500000000000005,5.250000000000001,51.2105974543947
3.0,t=3y,dK_0.5y,Optimal V,r,0.05500000000000001,5.500000000000001,50.95762355445649
3.0,t=3y,dK_0.5y,Optimal V,r,0.05750000000000001,5.750000000000001,40.86783368690277
3.0,t=3y,dK_0.5y,Optimal V,r,0.06,6.0,0.2567791168420399
3.0,t=3y,dK_0.5y,Optimal V,r,0.0625,6.25,10.198391872440425
3.0,t=3y,dK_0.5y,Optimal V,r,0.065,6.5,52.52367254990946
3.0,t=3y,dK_0.5y,Optimal V,r,0.0675,6.75,40.97009460187064
3.0,t=3y,dK_0.5y,Optimal V,r,0.07,7.000000000000001,27.591376601511627
3.0,t=3y,dK_0.5y,Optimal V,r,0.07250000000000001,7.250000000000001,40.85632978548898
3.0,t=3y,dK_0.5y,Optimal V,r,0.075,7.5,51.85696108705116
3.0,t=3y,dK_0.5y,Optimal V,r,0.0775,7.75,39.20554768429929
3.0,t=3y,dK_0.5y,Optimal V,r,0.08,8.0,19.00861483301898
3.0,t=3y,dK_0.5y,Optimal V,K,-25.0,-25.0,40.902949155483256
3.0,t=3y,dK_0.5y,Optimal V,K,-22.5,-22.5,40.902949155483256
3.0,t=3y,dK_0.5y,Optimal V,K,-20.0,-20.0,40.902949155483256
3.0,t=3y,dK_0.5y,Optimal V,K,-17.5,-17.5,40.902949155483256
3.0,t=3y,dK_0.5y,Optimal V,K,-15.0,-15.0,40.902949155483256
3.0,t=3y,dK_0.5y,Optimal V,K,-12.5,-12.5,40.902949155483256
3.0,t=3y,dK_0.5y,Optimal V,K,-10.0,-10.0,40.902949155483256
3.0,t=3y,dK_0.5y,Optimal V,K,-7.5,-7.5,40.902949155483256
3.0,t=3y,dK_0.5y,Optimal V,K,-5.0,-5.0,40.902949155483256
3.0,t=3y,dK_0.5y,Optimal V,K,-2.5,-2.5,40.902949155483256
3.0,t=3y,dK_0.5y,Optimal V,K,0.0,0.0,40.902949155483256
3.0,t=3y,dK_0.5y,Optimal V,K,2.5,2.5,40.848734286712876
3.0,t=3y,dK_0.5y,Optimal V,K,5.0,5.0,40.77022188011293
3.0,t=3y,dK_0.5y,Optimal V,K,7.5,7.5,46.875804088076535
3.0,t=3y,dK_0.5y,Optimal V,K,10.0,10.0,80.69994098731917
3.0,t=3y,dK_0.5y,Optimal V,K,12.5,12.5,48.536692010154326
3.0,t=3y,dK_0.5y,Optimal V,K,15.0,15.0,30.571675318038977
3.0,t=3y,dK_0.5y,Optimal V,K,17.5,17.5,30.553224100202083
3.0,t=3y,dK_0.5y,Optimal V,K,20.0,20.0,30.553224100202083
3.0,t=3y,dK_0.5y,Optimal V,K,22.5,22.5,30.553224100202083
3.0,t=3y,dK_0.5y,Optimal V,K,25.0,25.0,30.553224100202083
3.0,t=3y,dK_0.5y,Optimal V,K,27.5,27.5,30.553224100202083
3.0,t=3y,dK_0.5y,Optimal V,K,30.0,30.0,30.553224100202083
3.0,t=3y,dK_0.5y,Optimal V,K,32.5,32.5,30.55322410020207
3.0,t=3y,dK_0.5y,Optimal V,K,35.0,35.0,30.553224100202083
3.0,t=3y,dK_0.5y,Optimal V,q,0.0,0.0,-22.877587115900702
3.0,t=3y,dK_0.5y,Optimal V,q,5.0,5.0,-20.4823135263371
3.0,t=3y,dK_0.5y,Optimal V,q,10.0,10.0,-18.0870399367735
3.0,t=3y,dK_0.5y,Optimal V,q,15.0,15.0,-15.680778401932036
3.0,t=3y,dK_0.5y,Optimal V,q,20.0,20.0,-13.28550481236844
3.0,t=3y,dK_0.5y,Optimal V,q,25.0,25.0,-10.890231222804841
3.0,t=3y,dK_0.5y,Optimal V,q,30.0,30.0,-8.494957633241246
3.0,t=3y,dK_0.5y,Optimal V,q,35.0,35.0,-5.947152949739892
3.0,t=3y,dK_0.5y,Optimal V,q,40.0,40.0,-3.551879360176299
3.0,t=3y,dK_0.5y,Optimal V,q,45.0,45.0,-1.1566057706126986
3.0,t=3y,dK_0.5y,Optimal V,q,50.0,50.0,1.2386678189508968
3.0,t=3y,dK_0.5y,Optimal V,q,55.0,55.0,3.633941408514487
3.0,t=3y,dK_0.5y,Optimal V,q,60.0,60.0,6.029214998078093
3.0,t=3y,dK_0.5y,Optimal V,q,65.0,65.0,8.50536691878576
3.0,t=3y,dK_0.5y,Optimal V,q,70.0,70.0,14.149802706175452
3.0,t=3y,dK_0.5y,Optimal V,q,75.0,75.0,16.511652964831256
3.0,t=3y,dK_0.5y,Optimal V,q,80.0,80.0,19.731439063182123
3.0,t=3y,dK_0.5y,Optimal V,q,85.0,85.0,23.170437235033987
3.0,t=3y,dK_0.5y,Optimal V,q,90.0,90.0,25.565602817542175
3.0,t=3y,dK_0.5y,Optimal V,q,95.0,95.0,28.173420614628796
3.0,t=3y,dK_0.5y,Optimal V,q,100.0,100.0,30.56864873645068
3.0,t=3y,dK_0.5y,Optimal V,q,105.0,105.0,36.46172104686574
3.0,t=3y,dK_0.5y,Optimal V,q,110.0,110.0,49.01478852923983
3.0,t=3y,dK_0.5y,Optimal V,q,115.0,115.0,52.096753303314564
3.0,t=3y,dK_0.5y,Optimal V,q,120.0,120.0,56.151654764943586
3.0,t=3y,dK_0.5y,Optimal V,q,125.0,125.0,58.65979650839299
3.0,t=3y,dK_0.5y,Optimal V,q,130.0,130.0,63.08467894097482
3.0,t=3y,dK_0.5y,Optimal V,q,135.0,135.0,65.30255552661933
3.0,t=3y,dK_0.5y,Optimal V,q,140.0,140.0,71.50051344384629
3.0,t=3y,dK_1y,Passive q,r,-0.03,-3.0,72.94360626478152
3.0,t=3y,dK_1y,Passive q,r,-0.0275,-2.75,80.81081131236185
3.0,t=3y,dK_1y,Passive q,r,-0.024999999999999998,-2.5,87.37321724898113
3.0,t=3y,dK_1y,Passive q,r,-0.0225,-2.25,90.31020435340896
3.0,t=3y,dK_1y,Passive q,r,-0.019999999999999997,-1.9999999999999998,90.70385346654098
3.0,t=3y,dK_1y,Passive q,r,-0.017499999999999998,-1.7499999999999998,90.91640188126905
3.0,t=3y,dK_1y,Passive q,r,-0.015,-1.5,90.96133204248339
3.0,t=3y,dK_1y,Passive q,r,-0.012499999999999997,-1.2499999999999998,90.75597576395985
3.0,t=3y,dK_1y,Passive q,r,-0.009999999999999998,-0.9999999999999999,90.4814606597264
3.0,t=3y,dK_1y,Passive q,r,-0.0075,-0.75,90.18043557032486
3.0,t=3y,dK_1y,Passive q,r,-0.0049999999999999975,-0.4999999999999998,89.88694229004801
3.0,t=3y,dK_1y,Passive q,r,-0.0024999999999999988,-0.2499999999999999,89.61138821453584
3.0,t=3y,dK_1y,Passive q,r,0.0,0.0,89.3594856523663
3.0,t=3y,dK_1y,Passive q,r,0.0025000000000000022,0.2500000000000002,89.13143909188351
3.0,t=3y,dK_1y,Passive q,r,0.0050000000000000044,0.5000000000000004,88.92639269837717
3.0,t=3y,dK_1y,Passive q,r,0.0075,0.75,88.74473904425669
3.0,t=3y,dK_1y,Passive q,r,0.010000000000000002,1.0000000000000002,88.58895513598138
3.0,t=3y,dK_1y,Passive q,r,0.012500000000000004,1.2500000000000004,88.4577269939903
3.0,t=3y,dK_1y,Passive q,r,0.015,1.5,88.34887905742276
3.0,t=3y,dK_1y,Passive q,r,0.0175,1.7500000000000002,88.26400659336272
3.0,t=3y,dK_1y,Passive q,r,0.020000000000000004,2.0000000000000004,88.20339017455494
3.0,t=3y,dK_1y,Passive q,r,0.0225,2.25,88.16196158459123
3.0,t=3y,dK_1y,Passive q,r,0.025,2.5,88.13281683527536
3.0,t=3y,dK_1y,Passive q,r,0.027500000000000004,2.7500000000000004,88.1202674619568
3.0,t=3y,dK_1y,Passive q,r,0.03,3.0,88.12005641971635
3.0,t=3y,dK_1y,Passive q,r,0.0325,3.25,88.12005603685417
3.0,t=3y,dK_1y,Passive q,r,0.035,3.5000000000000004,88.12005327354422
3.0,t=3y,dK_1y,Passive q,r,0.037500000000000006,3.7500000000000004,88.12004409853188
3.0,t=3y,dK_1y,Passive q,r,0.04000000000000001,4.000000000000001,88.1200331459733
3.0,t=3y,dK_1y,Passive q,r,0.042499999999999996,4.25,88.12001448677256
3.0,t=3y,dK_1y,Passive q,r,0.045,4.5,88.11985748190205
3.0,t=3y,dK_1y,Passive q,r,0.0475,4.75,88.11934342584743
3.0,t=3y,dK_1y,Passive q,r,0.05,5.0,88.11848033136948
3.0,t=3y,dK_1y,Passive q,r,0.052500000000000005,5.250000000000001,88.11638685267934
3.0,t=3y,dK_1y,Passive q,r,0.05500000000000001,5.500000000000001,88.11140248118284
3.0,t=3y,dK_1y,Passive q,r,0.05750000000000001,5.750000000000001,88.10006311351879
3.0,t=3y,dK_1y,Passive q,r,0.06,6.0,88.07452758578847
3.0,t=3y,dK_1y,Passive q,r,0.0625,6.25,88.00124411463673
3.0,t=3y,dK_1y,Passive q,r,0.065,6.5,87.83910398222747
3.0,t=3y,dK_1y,Passive q,r,0.0675,6.75,87.41698056496693
3.0,t=3y,dK_1y,Passive q,r,0.07,7.000000000000001,86.81425670720648
3.0,t=3y,dK_1y,Passive q,r,0.07250000000000001,7.250000000000001,86.02009410366168
3.0,t=3y,dK_1y,Passive q,r,0.075,7.5,82.82702293704256
3.0,t=3y,dK_1y,Passive q,r,0.0775,7.75,76.2550584544598
3.0,t=3y,dK_1y,Passive q,r,0.08,8.0,68.48301800887474
3.0,t=3y,dK_1y,Passive q,K,-25.0,-25.0,88.12005349126608
3.0,t=3y,dK_1y,Passive q,K,-22.5,-22.5,88.12005349126608
3.0,t=3y,dK_1y,Passive q,K,-20.0,-20.0,88.12005349126608
3.0,t=3y,dK_1y,Passive q,K,-17.5,-17.5,88.12005349126608
3.0,t=3y,dK_1y,Passive q,K,-15.0,-15.0,88.12005349126608
3.0,t=3y,dK_1y,Passive q,K,-12.5,-12.5,88.12005349126608
3.0,t=3y,dK_1y,Passive q,K,-10.0,-10.0,88.12005349126608
3.0,t=3y,dK_1y,Passive q,K,-7.5,-7.5,88.12005349126608
3.0,t=3y,dK_1y,Passive q,K,-5.0,-5.0,88.12005349126608
3.0,t=3y,dK_1y,Passive q,K,-2.5,-2.5,88.12005349126608
3.0,t=3y,dK_1y,Passive q,K,0.0,0.0,88.12005349126608
3.0,t=3y,dK_1y,Passive q,K,2.5,2.5,88.12005349126608
3.0,t=3y,dK_1y,Passive q,K,5.0,5.0,88.12005349126608
3.0,t=3y,dK_1y,Passive q,K,7.5,7.5,88.12034119663257
3.0,t=3y,dK_1y,Passive q,K,10.0,10.0,90.44238230436221
3.0,t=3y,dK_1y,Passive q,K,12.5,12.5,88.1517749263822
3.0,t=3y,dK_1y,Passive q,K,15.0,15.0,88.12005349126602
3.0,t=3y,dK_1y,Passive q,K,17.5,17.5,88.12005349126602
3.0,t=3y,dK_1y,Passive q,K,20.0,20.0,88.12005349126602
3.0,t=3y,dK_1y,Passive q,K,22.5,22.5,88.12005349126602
3.0,t=3y,dK_1y,Passive q,K,25.0,25.0,88.12005349126602
3.0,t=3y,dK_1y,Passive q,K,27.5,27.5,88.12005349126602
3.0,t=3y,dK_1y,Passive q,K,30.0,30.0,88.12005349126602
3.0,t=3y,dK_1y,Passive q,K,32.5,32.5,88.12005349126602
3.0,t=3y,dK_1y,Passive q,K,35.0,35.0,88.12005349126602
3.0,t=3y,dK_1y,Passive q,q,0.0,0.0,0.0
3.0,t=3y,dK_1y,Passive q,q,5.0,5.0,4.406002674563301
3.0,t=3y,dK_1y,Passive q,q,10.0,10.0,8.8120053491266
3.0,t=3y,dK_1y,Passive q,q,15.0,15.0,13.218008023689904
3.0,t=3y,dK_1y,Passive q,q,20.0,20.0,17.624010698253215
3.0,t=3y,dK_1y,Passive q,q,25.0,25.0,22.030013372816505
3.0,t=3y,dK_1y,Passive q,q,30.0,30.0,26.43601604737981
3.0,t=3y,dK_1y,Passive q,q,35.0,35.0,30.842018721943113
3.0,t=3y,dK_1y,Passive q,q,40.0,40.0,35.248021396506395
3.0,t=3y,dK_1y,Passive q,q,45.0,45.0,39.654024071069735
3.0,t=3y,dK_1y,Passive q,q,50.0,50.0,44.06002674563301
3.0,t=3y,dK_1y,Passive q,q,55.0,55.0,48.46602942019631
3.0,t=3y,dK_1y,Passive q,q,60.0,60.0,52.872032094759625
3.0,t=3y,dK_1y,Passive q,q,65.0,65.0,57.27803476932291
3.0,t=3y,dK_1y,Passive q,q,70.0,70.0,61.684037443886226
3.0,t=3y,dK_1y,Passive q,q,75.0,75.0,66.09004011844952
3.0,t=3y,dK_1y,Passive q,q,80.0,80.0,70.4960427930128
3.0,t=3y,dK_1y,Passive q,q,85.0,85.0,74.90204546757612
3.0,t=3y,dK_1y,Passive q,q,90.0,90.0,79.30804814213944
3.0,t=3y,dK_1y,Passive q,q,95.0,95.0,83.71405081670277
3.0,t=3y,dK_1y,Passive q,q,100.0,100.0,88.12005349126602
3.0,t=3y,dK_1y,Passive q,q,105.0,105.0,92.55520000272351
3.0,t=3y,dK_1y,Passive q,q,110.0,110.0,96.96394296831222
3.0,t=3y,dK_1y,Passive q,q,115.0,115.0,101.37279925044363
3.0,t=3y,dK_1y,Passive q,q,120.0,120.0,105.78176759211414
3.0,t=3y,dK_1y,Passive q,q,125.0,125.0,110.19084673632017
3.0,t=3y,dK_1y,Passive q,q,130.0,130.0,117.03620522496188
3.0,t=3y,dK_1y,Passive q,q,135.0,135.0,121.52892639267496
3.0,t=3y,dK_1y,Passive q,q,140.0,140.0,126.02102263840192
3.0,t=3y,dK_1y,CAR-target,r,-0.03,-3.0,101.79368937676436
3.0,t=3y,dK_1y,CAR-target,r,-0.0275,-2.75,112.72288859713986
3.0,t=3y,dK_1y,CAR-target,r,-0.024999999999999998,-2.5,122.06542653386832
3.0,t=3y,dK_1y,CAR-target,r,-0.0225,-2.25,126.74831152760163
3.0,t=3y,dK_1y,CAR-target,r,-0.019999999999999997,-1.9999999999999998,127.82542528643961
3.0,t=3y,dK_1y,CAR-target,r,-0.017499999999999998,-1.7499999999999998,128.26320142263356
3.0,t=3y,dK_1y,CAR-target,r,-0.015,-1.5,128.344514640593
3.0,t=3y,dK_1y,CAR-target,r,-0.012499999999999997,-1.2499999999999998,128.09367062966035
3.0,t=3y,dK_1y,CAR-target,r,-0.009999999999999998,-0.9999999999999999,127.47824413761676
3.0,t=3y,dK_1y,CAR-target,r,-0.0075,-0.75,126.5248636867255
3.0,t=3y,dK_1y,CAR-target,r,-0.0049999999999999975,-0.4999999999999998,125.50625800889988
3.0,t=3y,dK_1y,CAR-target,r,-0.0024999999999999988,-0.2499999999999999,124.3925459071173
3.0,t=3y,dK_1y,CAR-target,r,0.0,0.0,123.13202603970291
3.0,t=3y,dK_1y,CAR-target,r,0.0025000000000000022,0.2500000000000002,121.77311715639053
3.0,t=3y,dK_1y,CAR-target,r,0.0050000000000000044,0.5000000000000004,120.34259258888908
3.0,t=3y,dK_1y,CAR-target,r,0.0075,0.75,118.80565501143812
3.0,t=3y,dK_1y,CAR-target,r,0.010000000000000002,1.0000000000000002,117.1160333024159
3.0,t=3y,dK_1y,CAR-target,r,0.012500000000000004,1.2500000000000004,115.33994635691559
3.0,t=3y,dK_1y,CAR-target,r,0.015,1.5,113.54726186526239
3.0,t=3y,dK_1y,CAR-target,r,0.0175,1.7500000000000002,111.61437562487417
3.0,t=3y,dK_1y,CAR-target,r,0.020000000000000004,2.0000000000000004,109.43588807517125
3.0,t=3y,dK_1y,CAR-target,r,0.0225,2.25,107.35806607531079
3.0,t=3y,dK_1y,CAR-target,r,0.025,2.5,105.55700547998866
3.0,t=3y,dK_1y,CAR-target,r,0.027500000000000004,2.7500000000000004,103.54207295272778
3.0,t=3y,dK_1y,CAR-target,r,0.03,3.0,101.87910354797263
3.0,t=3y,dK_1y,CAR-target,r,0.0325,3.25,101.00389909149126
3.0,t=3y,dK_1y,CAR-target,r,0.035,3.5000000000000004,100.17882610898751
3.0,t=3y,dK_1y,CAR-target,r,0.037500000000000006,3.7500000000000004,100.2150433285897
3.0,t=3y,dK_1y,CAR-target,r,0.04000000000000001,4.000000000000001,103.38803413593925
3.0,t=3y,dK_1y,CAR-target,r,0.042499999999999996,4.25,106.5352214848537
3.0,t=3y,dK_1y,CAR-target,r,0.045,4.5,107.16720544359731
3.0,t=3y,dK_1y,CAR-target,r,0.0475,4.75,107.79175389209337
3.0,t=3y,dK_1y,CAR-target,r,0.05,5.0,108.6054559185363
3.0,t=3y,dK_1y,CAR-target,r,0.052500000000000005,5.250000000000001,108.96127114131504
3.0,t=3y,dK_1y,CAR-target,r,0.05500000000000001,5.500000000000001,108.99641914265814
3.0,t=3y,dK_1y,CAR-target,r,0.05750000000000001,5.750000000000001,109.05781531720656
3.0,t=3y,dK_1y,CAR-target,r,0.06,6.0,109.09366386561055
3.0,t=3y,dK_1y,CAR-target,r,0.0625,6.25,109.0160304658908
3.0,t=3y,dK_1y,CAR-target,r,0.065,6.5,108.80177304120198
3.0,t=3y,dK_1y,CAR-target,r,0.0675,6.75,108.2516164331043
3.0,t=3y,dK_1y,CAR-target,r,0.07,7.000000000000001,107.45525001260012
3.0,t=3y,dK_1y,CAR-target,r,0.07250000000000001,7.250000000000001,106.38517403841391
3.0,t=3y,dK_1y,CAR-target,r,0.075,7.5,102.22582304292592
3.0,t=3y,dK_1y,CAR-target,r,0.0775,7.75,93.73767217954563
3.0,t=3y,dK_1y,CAR-target,r,0.08,8.0,83.71367825519799
3.0,t=3y,dK_1y,CAR-target,K,-25.0,-25.0,67.05176900493699
3.0,t=3y,dK_1y,CAR-target,K,-22.5,-22.5,67.05176900493699
3.0,t=3y,dK_1y,CAR-target,K,-20.0,-20.0,67.05176900493699
3.0,t=3y,dK_1y,CAR-target,K,-17.5,-17.5,67.05176900493699
3.0,t=3y,dK_1y,CAR-target,K,-15.0,-15.0,67.05176900493699
3.0,t=3y,dK_1y,CAR-target,K,-12.5,-12.5,67.05176900493699
3.0,t=3y,dK_1y,CAR-target,K,-10.0,-10.0,67.05176900493699
3.0,t=3y,dK_1y,CAR-target,K,-7.5,-7.5,67.05176900493699
3.0,t=3y,dK_1y,CAR-target,K,-5.0,-5.0,67.05176900493699
3.0,t=3y,dK_1y,CAR-target,K,-2.5,-2.5,67.05176900493699
3.0,t=3y,dK_1y,CAR-target,K,0.0,0.0,67.05176900493699
3.0,t=3y,dK_1y,CAR-target,K,2.5,2.5,67.05176900493699
3.0,t=3y,dK_1y,CAR-target,K,5.0,5.0,67.05176900493699
3.0,t=3y,dK_1y,CAR-target,K,7.5,7.5,91.36262621984156
3.0,t=3y,dK_1y,CAR-target,K,10.0,10.0,78.138603039629
3.0,t=3y,dK_1y,CAR-target,K,12.5,12.5,124.25996636190074
3.0,t=3y,dK_1y,CAR-target,K,15.0,15.0,98.76802393522034
3.0,t=3y,dK_1y,CAR-target,K,17.5,17.5,107.76513449653957
3.0,t=3y,dK_1y,CAR-target,K,20.0,20.0,109.13764848266291
3.0,t=3y,dK_1y,CAR-target,K,22.5,22.5,109.18833797759504
3.0,t=3y,dK_1y,CAR-target,K,25.0,25.0,109.18833797759504
3.0,t=3y,dK_1y,CAR-target,K,27.5,27.5,109.18833797759504
3.0,t=3y,dK_1y,CAR-target,K,30.0,30.0,109.18833797759504
3.0,t=3y,dK_1y,CAR-target,K,32.5,32.5,109.18833797759504
3.0,t=3y,dK_1y,CAR-target,K,35.0,35.0,109.18833797759504
3.0,t=3y,dK_1y,CAR-target,q,0.0,0.0,21.06828448632899
3.0,t=3y,dK_1y,CAR-target,q,5.0,5.0,25.474287160892295
3.0,t=3y,dK_1y,CAR-target,q,10.0,10.0,29.880289835455656
3.0,t=3y,dK_1y,CAR-target,q,15.0,15.0,34.28629251001885
3.0,t=3y,dK_1y,CAR-target,q,20.0,20.0,38.69229518458221
3.0,t=3y,dK_1y,CAR-target,q,25.0,25.0,43.09829785914557
3.0,t=3y,dK_1y,CAR-target,q,30.0,30.0,47.50430053370882
3.0,t=3y,dK_1y,CAR-target,q,35.0,35.0,51.9103032082721
3.0,t=3y,dK_1y,CAR-target,q,40.0,40.0,56.2672151234891
3.0,t=3y,dK_1y,CAR-target,q,45.0,45.0,60.656189351291424
3.0,t=3y,dK_1y,CAR-target,q,50.0,50.0,65.07821899333062
3.0,t=3y,dK_1y,CAR-target,q,55.0,55.0,69.5331194834646
3.0,t=3y,dK_1y,CAR-target,q,60.0,60.0,74.10060327475267
3.0,t=3y,dK_1y,CAR-target,q,65.0,65.0,77.66445580399412
3.0,t=3y,dK_1y,CAR-target,q,70.0,70.0,81.78398508444313
3.0,t=3y,dK_1y,CAR-target,q,75.0,75.0,85.91614120986922
3.0,t=3y,dK_1y,CAR-target,q,80.0,80.0,90.76822538938487
3.0,t=3y,dK_1y,CAR-target,q,85.0,85.0,97.22801110160877
3.0,t=3y,dK_1y,CAR-target,q,90.0,90.0,97.35086843147886
3.0,t=3y,dK_1y,CAR-target,q,95.0,95.0,101.4982567410344
3.0,t=3y,dK_1y,CAR-target,q,100.0,100.0,100.24383379305661
3.0,t=3y,dK_1y,CAR-target,q,105.0,105.0,109.60667692751257
3.0,t=3y,dK_1y,CAR-target,q,110.0,110.0,116.00940054537168
3.0,t=3y,dK_1y,CAR-target,q,115.0,115.0,121.34418952176237
3.0,t=3y,dK_1y,CAR-target,q,120.0,120.0,136.41416731609746
3.0,t=3y,dK_1y,CAR-target,q,125.0,125.0,134.77709230688433
3.0,t=3y,dK_1y,CAR-target,q,130.0,130.0,154.29827616812906
3.0,t=3y,dK_1y,CAR-target,q,135.0,135.0,126.84343931902923
3.0,t=3y,dK_1y,CAR-target,q,140.0,140.0,126.70330180149581
3.0,t=3y,dK_1y,MtM-band,r,-0.03,-3.0,53.20526264440935
3.0,t=3y,dK_1y,MtM-band,r,-0.0275,-2.75,59.060390026809934
3.0,t=3y,dK_1y,MtM-band,r,-0.024999999999999998,-2.5,64.10698055374823
3.0,t=3y,dK_1y,MtM-band,r,-0.0225,-2.25,66.59362117635227
3.0,t=3y,dK_1y,MtM-band,r,-0.019999999999999997,-1.9999999999999998,67.2125320277574
3.0,t=3y,dK_1y,MtM-band,r,-0.017499999999999998,-1.7499999999999998,68.60981411945102
3.0,t=3y,dK_1y,MtM-band,r,-0.015,-1.5,70.71896089135765
3.0,t=3y,dK_1y,MtM-band,r,-0.012499999999999997,-1.2499999999999998,71.62443520342902
3.0,t=3y,dK_1y,MtM-band,r,-0.009999999999999998,-0.9999999999999999,71.87790849161766
3.0,t=3y,dK_1y,MtM-band,r,-0.0075,-0.75,76.57599108913784
3.0,t=3y,dK_1y,MtM-band,r,-0.0049999999999999975,-0.4999999999999998,81.44281926069614
3.0,t=3y,dK_1y,MtM-band,r,-0.0024999999999999988,-0.2499999999999999,79.37648000860588
3.0,t=3y,dK_1y,MtM-band,r,0.0,0.0,84.57896149914959
3.0,t=3y,dK_1y,MtM-band,r,0.0025000000000000022,0.2500000000000002,97.98927114569639
3.0,t=3y,dK_1y,MtM-band,r,0.0050000000000000044,0.5000000000000004,102.21043619601818
3.0,t=3y,dK_1y,MtM-band,r,0.0075,0.75,98.63902301924878
3.0,t=3y,dK_1y,MtM-band,r,0.010000000000000002,1.0000000000000002,105.93763837296653
3.0,t=3y,dK_1y,MtM-band,r,0.012500000000000004,1.2500000000000004,121.58029575186427
3.0,t=3y,dK_1y,MtM-band,r,0.015,1.5,179.0170292391876
3.0,t=3y,dK_1y,MtM-band,r,0.0175,1.7500000000000002,160.92258738897732
3.0,t=3y,dK_1y,MtM-band,r,0.020000000000000004,2.0000000000000004,94.571170571222
3.0,t=3y,dK_1y,MtM-band,r,0.0225,2.25,109.03818478980611
3.0,t=3y,dK_1y,MtM-band,r,0.025,2.5,80.78535490485635
3.0,t=3y,dK_1y,MtM-band,r,0.027500000000000004,2.7500000000000004,51.32265180718354
3.0,t=3y,dK_1y,MtM-band,r,0.03,3.0,67.05689021178844
3.0,t=3y,dK_1y,MtM-band,r,0.0325,3.25,-23.80474110383052
3.0,t=3y,dK_1y,MtM-band,r,0.035,3.5000000000000004,-60.01070410916881
3.0,t=3y,dK_1y,MtM-band,r,0.037500000000000006,3.7500000000000004,3.6717840971622433
3.0,t=3y,dK_1y,MtM-band,r,0.04000000000000001,4.000000000000001,21.97605741016048
3.0,t=3y,dK_1y,MtM-band,r,0.042499999999999996,4.25,34.19799115656762
3.0,t=3y,dK_1y,MtM-band,r,0.045,4.5,25.476360349116405
3.0,t=3y,dK_1y,MtM-band,r,0.0475,4.75,28.11104021315466
3.0,t=3y,dK_1y,MtM-band,r,0.05,5.0,42.81362099607436
3.0,t=3y,dK_1y,MtM-band,r,0.052500000000000005,5.250000000000001,51.03358142371728
3.0,t=3y,dK_1y,MtM-band,r,0.05500000000000001,5.500000000000001,50.0332213077223
3.0,t=3y,dK_1y,MtM-band,r,0.05750000000000001,5.750000000000001,52.630440181943115
3.0,t=3y,dK_1y,MtM-band,r,0.06,6.0,60.39431834590374
3.0,t=3y,dK_1y,MtM-band,r,0.0625,6.25,61.45532748912808
3.0,t=3y,dK_1y,MtM-band,r,0.065,6.5,61.28510193970101
3.0,t=3y,dK_1y,MtM-band,r,0.0675,6.75,63.274181409162175
3.0,t=3y,dK_1y,MtM-band,r,0.07,7.000000000000001,64.87414253236378
3.0,t=3y,dK_1y,MtM-band,r,0.07250000000000001,7.250000000000001,64.54140962080464
3.0,t=3y,dK_1y,MtM-band,r,0.075,7.5,62.357218814042135
3.0,t=3y,dK_1y,MtM-band,r,0.0775,7.75,58.250447333525244
3.0,t=3y,dK_1y,MtM-band,r,0.08,8.0,53.396650161717
3.0,t=3y,dK_1y,MtM-band,K,-25.0,-25.0,-57.15766506573645
3.0,t=3y,dK_1y,MtM-band,K,-22.5,-22.5,-57.15766506573645
3.0,t=3y,dK_1y,MtM-band,K,-20.0,-20.0,-57.15766506573645
3.0,t=3y,dK_1y,MtM-band,K,-17.5,-17.5,-57.15766506573645
3.0,t=3y,dK_1y,MtM-band,K,-15.0,-15.0,-57.15766506573645
3.0,t=3y,dK_1y,MtM-band,K,-12.5,-12.5,-57.15766506573645
3.0,t=3y,dK_1y,MtM-band,K,-10.0,-10.0,-57.15766506573645
3.0,t=3y,dK_1y,MtM-band,K,-7.5,-7.5,-57.15766506573645
3.0,t=3y,dK_1y,MtM-band,K,-5.0,-5.0,-57.15766506573645
3.0,t=3y,dK_1y,MtM-band,K,-2.5,-2.5,-57.15766506573656
3.0,t=3y,dK_1y,MtM-band,K,0.0,0.0,-57.15766506573656
3.0,t=3y,dK_1y,MtM-band,K,2.5,2.5,-57.15766506573656
3.0,t=3y,dK_1y,MtM-band,K,5.0,5.0,-57.15766506573656
3.0,t=3y,dK_1y,MtM-band,K,7.5,7.5,-8.107682067135995
3.0,t=3y,dK_1y,MtM-band,K,10.0,10.0,-78.31674563261868
3.0,t=3y,dK_1y,MtM-band,K,12.5,12.5,-57.28814050568607
3.0,t=3y,dK_1y,MtM-band,K,15.0,15.0,-57.15809947648567
3.0,t=3y,dK_1y,MtM-band,K,17.5,17.5,-57.157665065736595
3.0,t=3y,dK_1y,MtM-band,K,20.0,20.0,-57.157665065736595
3.0,t=3y,dK_1y,MtM-band,K,22.5,22.5,-57.157665065736595
3.0,t=3y,dK_1y,MtM-band,K,25.0,25.0,-57.157665065736595
3.0,t=3y,dK_1y,MtM-band,K,27.5,27.5,-57.157665065736595
3.0,t=3y,dK_1y,MtM-band,K,30.0,30.0,-57.157665065736595
3.0,t=3y,dK_1y,MtM-band,K,32.5,32.5,-57.157665065736595
3.0,t=3y,dK_1y,MtM-band,K,35.0,35.0,-57.157665065736595
3.0,t=3y,dK_1y,MtM-band,q,0.0,0.0,0.0
3.0,t=3y,dK_1y,MtM-band,q,5.0,5.0,4.406002674563301
3.0,t=3y,dK_1y,MtM-band,q,10.0,10.0,8.8120053491266
3.0,t=3y,dK_1y,MtM-band,q,15.0,15.0,13.218008023689904
3.0,t=3y,dK_1y,MtM-band,q,20.0,20.0,17.6240072508235
3.0,t=3y,dK_1y,MtM-band,q,25.0,25.0,22.02753066115602
3.0,t=3y,dK_1y,MtM-band,q,30.0,30.0,26.358708273448343
3.0,t=3y,dK_1y,MtM-band,q,35.0,35.0,30.213812279504662
3.0,t=3y,dK_1y,MtM-band,q,40.0,40.0,32.90917090696633
3.0,t=3y,dK_1y,MtM-band,q,45.0,45.0,34.28849554324624
3.0,t=3y,dK_1y,MtM-band,q,50.0,50.0,32.05137643886504
3.0,t=3y,dK_1y,MtM-band,q,55.0,55.0,25.025933657909267
3.0,t=3y,dK_1y,MtM-band,q,60.0,60.0,20.715809955091174
3.0,t=3y,dK_1y,MtM-band,q,65.0,65.0,27.48222876370385
3.0,t=3y,dK_1y,MtM-band,q,70.0,70.0,11.571820003942305
3.0,t=3y,dK_1y,MtM-band,q,75.0,75.0,-37.67008705466478
3.0,t=3y,dK_1y,MtM-band,q,80.0,80.0,-33.5900394807331
3.0,t=3y,dK_1y,MtM-band,q,85.0,85.0,-42.56251847319182
3.0,t=3y,dK_1y,MtM-band,q,90.0,90.0,-56.86205248827158
3.0,t=3y,dK_1y,MtM-band,q,95.0,95.0,-53.00879743756018
3.0,t=3y,dK_1y,MtM-band,q,100.0,100.0,-57.158028219423585
3.0,t=3y,dK_1y,MtM-band,q,105.0,105.0,-72.4684842324815
3.0,t=3y,dK_1y,MtM-band,q,110.0,110.0,-55.930209175446116
3.0,t=3y,dK_1y,MtM-band,q,115.0,115.0,-5.7433197522308514
3.0,t=3y,dK_1y,MtM-band,q,120.0,120.0,7.284937814634162
3.0,t=3y,dK_1y,MtM-band,q,125.0,125.0,11.211640669484794
3.0,t=3y,dK_1y,MtM-band,q,130.0,130.0,29.59375423842328
3.0,t=3y,dK_1y,MtM-band,q,135.0,135.0,47.6360550625889
3.0,t=3y,dK_1y,MtM-band,q,140.0,140.0,60.58954423299883
3.0,t=3y,dK_1y,0.5y-greedy,r,-0.03,-3.0,55.59029188203228
3.0,t=3y,dK_1y,0.5y-greedy,r,-0.0275,-2.75,68.31495638672976
3.0,t=3y,dK_1y,0.5y-greedy,r,-0.024999999999999998,-2.5,77.51546723813075
3.0,t=3y,dK_1y,0.5y-greedy,r,-0.0225,-2.25,77.25235658901852
3.0,t=3y,dK_1y,0.5y-greedy,r,-0.019999999999999997,-1.9999999999999998,75.49434286727579
3.0,t=3y,dK_1y,0.5y-greedy,r,-0.017499999999999998,-1.7499999999999998,64.450503344943
3.0,t=3y,dK_1y,0.5y-greedy,r,-0.015,-1.5,71.06861198726905
3.0,t=3y,dK_1y,0.5y-greedy,r,-0.012499999999999997,-1.2499999999999998,88.53332326099459
3.0,t=3y,dK_1y,0.5y-greedy,r,-0.009999999999999998,-0.9999999999999999,89.05473251562111
3.0,t=3y,dK_1y,0.5y-greedy,r,-0.0075,-0.75,90.81006103894723
3.0,t=3y,dK_1y,0.5y-greedy,r,-0.0049999999999999975,-0.4999999999999998,90.11696486026041
3.0,t=3y,dK_1y,0.5y-greedy,r,-0.0024999999999999988,-0.2499999999999999,89.59781170410534
3.0,t=3y,dK_1y,0.5y-greedy,r,0.0,0.0,89.41025202059608
3.0,t=3y,dK_1y,0.5y-greedy,r,0.0025000000000000022,0.2500000000000002,89.21537273410149
3.0,t=3y,dK_1y,0.5y-greedy,r,0.0050000000000000044,0.5000000000000004,88.95750526222038
3.0,t=3y,dK_1y,0.5y-greedy,r,0.0075,0.75,88.75640748265353
3.0,t=3y,dK_1y,0.5y-greedy,r,0.010000000000000002,1.0000000000000002,88.6006114154825
3.0,t=3y,dK_1y,0.5y-greedy,r,0.012500000000000004,1.2500000000000004,88.46444945500465
3.0,t=3y,dK_1y,0.5y-greedy,r,0.015,1.5,88.35062094881167
3.0,t=3y,dK_1y,0.5y-greedy,r,0.0175,1.7500000000000002,88.26443725703116
3.0,t=3y,dK_1y,0.5y-greedy,r,0.020000000000000004,2.0000000000000004,88.20391209644909
3.0,t=3y,dK_1y,0.5y-greedy,r,0.0225,2.25,88.16229847739312
3.0,t=3y,dK_1y,0.5y-greedy,r,0.025,2.5,88.1328130121328
3.0,t=3y,dK_1y,0.5y-greedy,r,0.027500000000000004,2.7500000000000004,88.11990680128612
3.0,t=3y,dK_1y,0.5y-greedy,r,0.03,3.0,88.11948429820336
3.0,t=3y,dK_1y,0.5y-greedy,r,0.0325,3.25,88.11964363805986
3.0,t=3y,dK_1y,0.5y-greedy,r,0.035,3.5000000000000004,88.1185306975723
3.0,t=3y,dK_1y,0.5y-greedy,r,0.037500000000000006,3.7500000000000004,88.11317207522359
3.0,t=3y,dK_1y,0.5y-greedy,r,0.04000000000000001,4.000000000000001,88.10705063544903
3.0,t=3y,dK_1y,0.5y-greedy,r,0.042499999999999996,4.25,88.10998610375567
3.0,t=3y,dK_1y,0.5y-greedy,r,0.045,4.5,88.10560797243943
3.0,t=3y,dK_1y,0.5y-greedy,r,0.0475,4.75,88.05404168721397
3.0,t=3y,dK_1y,0.5y-greedy,r,0.05,5.0,88.0580761294093
3.0,t=3y,dK_1y,0.5y-greedy,r,0.052500000000000005,5.250000000000001,88.15151042645033
3.0,t=3y,dK_1y,0.5y-greedy,r,0.05500000000000001,5.500000000000001,88.1411183373969
3.0,t=3y,dK_1y,0.5y-greedy,r,0.05750000000000001,5.750000000000001,87.76193741390456
3.0,t=3y,dK_1y,0.5y-greedy,r,0.06,6.0,89.3421583497053
3.0,t=3y,dK_1y,0.5y-greedy,r,0.0625,6.25,90.23055612516146
3.0,t=3y,dK_1y,0.5y-greedy,r,0.065,6.5,105.93560144394905
3.0,t=3y,dK_1y,0.5y-greedy,r,0.0675,6.75,109.32577255543288
3.0,t=3y,dK_1y,0.5y-greedy,r,0.07,7.000000000000001,96.41548805025595
3.0,t=3y,dK_1y,0.5y-greedy,r,0.07250000000000001,7.250000000000001,94.56581943648632
3.0,t=3y,dK_1y,0.5y-greedy,r,0.075,7.5,89.3503532738099
3.0,t=3y,dK_1y,0.5y-greedy,r,0.0775,7.75,83.37477912888664
3.0,t=3y,dK_1y,0.5y-greedy,r,0.08,8.0,77.31917144372663
3.0,t=3y,dK_1y,0.5y-greedy,K,-25.0,-25.0,88.11861843484756
3.0,t=3y,dK_1y,0.5y-greedy,K,-22.5,-22.5,88.11861843484756
3.0,t=3y,dK_1y,0.5y-greedy,K,-20.0,-20.0,88.11861843484756
3.0,t=3y,dK_1y,0.5y-greedy,K,-17.5,-17.5,88.11861843484756
3.0,t=3y,dK_1y,0.5y-greedy,K,-15.0,-15.0,88.11861843484756
3.0,t=3y,dK_1y,0.5y-greedy,K,-12.5,-12.5,88.11861843484756
3.0,t=3y,dK_1y,0.5y-greedy,K,-10.0,-10.0,88.11861843484756
3.0,t=3y,dK_1y,0.5y-greedy,K,-7.5,-7.5,88.11861843484756
3.0,t=3y,dK_1y,0.5y-greedy,K,-5.0,-5.0,88.11861843484756
3.0,t=3y,dK_1y,0.5y-greedy,K,-2.5,-2.5,88.11861843484756
3.0,t=3y,dK_1y,0.5y-greedy,K,0.0,0.0,88.11861843484756
3.0,t=3y,dK_1y,0.5y-greedy,K,2.5,2.5,88.11861843484756
3.0,t=3y,dK_1y,0.5y-greedy,K,5.0,5.0,88.11861977624261
3.0,t=3y,dK_1y,0.5y-greedy,K,7.5,7.5,88.11969523990031
3.0,t=3y,dK_1y,0.5y-greedy,K,10.0,10.0,90.44161019863358
3.0,t=3y,dK_1y,0.5y-greedy,K,12.5,12.5,88.15033923328568
3.0,t=3y,dK_1y,0.5y-greedy,K,15.0,15.0,88.11861837689523
3.0,t=3y,dK_1y,0.5y-greedy,K,17.5,17.5,88.1186184348474
3.0,t=3y,dK_1y,0.5y-greedy,K,20.0,20.0,88.1186184348474
3.0,t=3y,dK_1y,0.5y-greedy,K,22.5,22.5,88.1186184348474
3.0,t=3y,dK_1y,0.5y-greedy,K,25.0,25.0,88.1186184348474
3.0,t=3y,dK_1y,0.5y-greedy,K,27.5,27.5,88.1186184348474
3.0,t=3y,dK_1y,0.5y-greedy,K,30.0,30.0,88.1186184348474
3.0,t=3y,dK_1y,0.5y-greedy,K,32.5,32.5,88.1186184348474
3.0,t=3y,dK_1y,0.5y-greedy,K,35.0,35.0,88.1186184348474
3.0,t=3y,dK_1y,0.5y-greedy,q,0.0,0.0,-0.0014371437751520186
3.0,t=3y,dK_1y,0.5y-greedy,q,5.0,5.0,4.404567618144684
3.0,t=3y,dK_1y,0.5y-greedy,q,10.0,10.0,8.810570292707991
3.0,t=3y,dK_1y,0.5y-greedy,q,15.0,15.0,13.216572967271293
3.0,t=3y,dK_1y,0.5y-greedy,q,20.0,20.0,17.622575641834587
3.0,t=3y,dK_1y,0.5y-greedy,q,25.0,25.0,22.02857831639789
3.0,t=3y,dK_1y,0.5y-greedy,q,30.0,30.0,26.43458099096121
3.0,t=3y,dK_1y,0.5y-greedy,q,35.0,35.0,30.840583665524495
3.0,t=3y,dK_1y,0.5y-greedy,q,40.0,40.0,35.24658634008779
3.0,t=3y,dK_1y,0.5y-greedy,q,45.0,45.0,39.65258901465109
3.0,t=3y,dK_1y,0.5y-greedy,q,50.0,50.0,44.058591689214396
3.0,t=3y,dK_1y,0.5y-greedy,q,55.0,55.0,48.46459436377769
3.0,t=3y,dK_1y,0.5y-greedy,q,60.0,60.0,52.87059703834103
3.0,t=3y,dK_1y,0.5y-greedy,q,65.0,65.0,57.276599712904314
3.0,t=3y,dK_1y,0.5y-greedy,q,70.0,70.0,61.68260238746759
3.0,t=3y,dK_1y,0.5y-greedy,q,75.0,75.0,66.08860506203087
3.0,t=3y,dK_1y,0.5y-greedy,q,80.0,80.0,70.49460839402032
3.0,t=3y,dK_1y,0.5y-greedy,q,85.0,85.0,74.90070978172056
3.0,t=3y,dK_1y,0.5y-greedy,q,90.0,90.0,79.30716402947509
3.0,t=3y,dK_1y,0.5y-greedy,q,95.0,95.0,83.71261682033531
3.0,t=3y,dK_1y,0.5y-greedy,q,100.0,100.0,88.11861838640121
3.0,t=3y,dK_1y,0.5y-greedy,q,105.0,105.0,92.52719590471892
3.0,t=3y,dK_1y,0.5y-greedy,q,110.0,110.0,96.94601471131048
3.0,t=3y,dK_1y,0.5y-greedy,q,115.0,115.0,101.39327325676811
3.0,t=3y,dK_1y,0.5y-greedy,q,120.0,120.0,105.78045096798716
3.0,t=3y,dK_1y,0.5y-greedy,q,125.0,125.0,110.1894110392227
3.0,t=3y,dK_1y,0.5y-greedy,q,130.0,130.0,114.78509758648947
3.0,t=3y,dK_1y,0.5y-greedy,q,135.0,135.0,119.89830135540102
3.0,t=3y,dK_1y,0.5y-greedy,q,140.0,140.0,126.02867352393919
3.0,t=3y,dK_1y,Optimal V,r,-0.03,-3.0,56.699502238599834
3.0,t=3y,dK_1y,Optimal V,r,-0.0275,-2.75,62.7696506559232
3.0,t=3y,dK_1y,Optimal V,r,-0.024999999999999998,-2.5,68.81833487436829
3.0,t=3y,dK_1y,Optimal V,r,-0.0225,-2.25,74.0616554832533
3.0,t=3y,dK_1y,Optimal V,r,-0.019999999999999997,-1.9999999999999998,77.46528419543735
3.0,t=3y,dK_1y,Optimal V,r,-0.017499999999999998,-1.7499999999999998,79.47337156006628
3.0,t=3y,dK_1y,Optimal V,r,-0.015,-1.5,83.04444636104355
3.0,t=3y,dK_1y,Optimal V,r,-0.012499999999999997,-1.2499999999999998,89.38586364717392
3.0,t=3y,dK_1y,Optimal V,r,-0.009999999999999998,-0.9999999999999999,91.79600846855494
3.0,t=3y,dK_1y,Optimal V,r,-0.0075,-0.75,91.90681170253866
3.0,t=3y,dK_1y,Optimal V,r,-0.0049999999999999975,-0.4999999999999998,103.2651116554942
3.0,t=3y,dK_1y,Optimal V,r,-0.0024999999999999988,-0.2499999999999999,107.62437355992807
3.0,t=3y,dK_1y,Optimal V,r,0.0,0.0,128.41200266548168
3.0,t=3y,dK_1y,Optimal V,r,0.0025000000000000022,0.2500000000000002,128.67276690439905
3.0,t=3y,dK_1y,Optimal V,r,0.0050000000000000044,0.5000000000000004,103.25195293410049
3.0,t=3y,dK_1y,Optimal V,r,0.0075,0.75,102.0621218645011
3.0,t=3y,dK_1y,Optimal V,r,0.010000000000000002,1.0000000000000002,96.29184420803435
3.0,t=3y,dK_1y,Optimal V,r,0.012500000000000004,1.2500000000000004,93.50790872120535
3.0,t=3y,dK_1y,Optimal V,r,0.015,1.5,97.58064407851963
3.0,t=3y,dK_1y,Optimal V,r,0.0175,1.7500000000000002,110.15609241089842
3.0,t=3y,dK_1y,Optimal V,r,0.020000000000000004,2.0000000000000004,104.85077165916067
3.0,t=3y,dK_1y,Optimal V,r,0.0225,2.25,91.84782928630162
3.0,t=3y,dK_1y,Optimal V,r,0.025,2.5,95.4095910882663
3.0,t=3y,dK_1y,Optimal V,r,0.027500000000000004,2.7500000000000004,88.3282815882959
3.0,t=3y,dK_1y,Optimal V,r,0.03,3.0,82.74540424579595
3.0,t=3y,dK_1y,Optimal V,r,0.0325,3.25,88.01412855961064
3.0,t=3y,dK_1y,Optimal V,r,0.035,3.5000000000000004,76.56110076858515
3.0,t=3y,dK_1y,Optimal V,r,0.037500000000000006,3.7500000000000004,73.74804736810694
3.0,t=3y,dK_1y,Optimal V,r,0.04000000000000001,4.000000000000001,87.1149306778572
3.0,t=3y,dK_1y,Optimal V,r,0.042499999999999996,4.25,90.54463580018749
3.0,t=3y,dK_1y,Optimal V,r,0.045,4.5,90.4960297419945
3.0,t=3y,dK_1y,Optimal V,r,0.0475,4.75,91.01762256007888
3.0,t=3y,dK_1y,Optimal V,r,0.05,5.0,92.72325051960493
3.0,t=3y,dK_1y,Optimal V,r,0.052500000000000005,5.250000000000001,94.50136952106949
3.0,t=3y,dK_1y,Optimal V,r,0.05500000000000001,5.500000000000001,94.63681445805979
3.0,t=3y,dK_1y,Optimal V,r,0.05750000000000001,5.750000000000001,89.94865197554957
3.0,t=3y,dK_1y,Optimal V,r,0.06,6.0,66.55232174477527
3.0,t=3y,dK_1y,Optimal V,r,0.0625,6.25,73.61422296391945
3.0,t=3y,dK_1y,Optimal V,r,0.065,6.5,101.77875449174012
3.0,t=3y,dK_1y,Optimal V,r,0.0675,6.75,94.61804710887547
3.0,t=3y,dK_1y,Optimal V,r,0.07,7.000000000000001,86.0113543782127
3.0,t=3y,dK_1y,Optimal V,r,0.07250000000000001,7.250000000000001,93.860347877436
3.0,t=3y,dK_1y,Optimal V,r,0.075,7.5,97.87205069393842
3.0,t=3y,dK_1y,Optimal V,r,0.0775,7.75,83.876800924986
3.0,t=3y,dK_1y,Optimal V,r,0.08,8.0,64.10443872160532
3.0,t=3y,dK_1y,Optimal V,K,-25.0,-25.0,70.50185640400566
3.0,t=3y,dK_1y,Optimal V,K,-22.5,-22.5,70.50185640400566
3.0,t=3y,dK_1y,Optimal V,K,-20.0,-20.0,70.50185640400566
3.0,t=3y,dK_1y,Optimal V,K,-17.5,-17.5,70.50185640400566
3.0,t=3y,dK_1y,Optimal V,K,-15.0,-15.0,70.50185640400566
3.0,t=3y,dK_1y,Optimal V,K,-12.5,-12.5,70.50185640400566
3.0,t=3y,dK_1y,Optimal V,K,-10.0,-10.0,70.50185640400566
3.0,t=3y,dK_1y,Optimal V,K,-7.5,-7.5,70.50185640400566
3.0,t=3y,dK_1y,Optimal V,K,-5.0,-5.0,70.50185640400566
3.0,t=3y,dK_1y,Optimal V,K,-2.5,-2.5,70.50185640400566
3.0,t=3y,dK_1y,Optimal V,K,0.0,0.0,70.50185640400566
3.0,t=3y,dK_1y,Optimal V,K,2.5,2.5,70.5693695311037
3.0,t=3y,dK_1y,Optimal V,K,5.0,5.0,69.25065901474505
3.0,t=3y,dK_1y,Optimal V,K,7.5,7.5,104.65835558295142
3.0,t=3y,dK_1y,Optimal V,K,10.0,10.0,122.6745122819728
3.0,t=3y,dK_1y,Optimal V,K,12.5,12.5,88.3134134085362
3.0,t=3y,dK_1y,Optimal V,K,15.0,15.0,77.75618774220858
3.0,t=3y,dK_1y,Optimal V,K,17.5,17.5,75.97177255318731
3.0,t=3y,dK_1y,Optimal V,K,20.0,20.0,75.95893088510378
3.0,t=3y,dK_1y,Optimal V,K,22.5,22.5,75.95886669511552
3.0,t=3y,dK_1y,Optimal V,K,25.0,25.0,75.95886669511552
3.0,t=3y,dK_1y,Optimal V,K,27.5,27.5,75.95886669511552
3.0,t=3y,dK_1y,Optimal V,K,30.0,30.0,75.95886669511552
3.0,t=3y,dK_1y,Optimal V,K,32.5,32.5,75.95886669511552
3.0,t=3y,dK_1y,Optimal V,K,35.0,35.0,75.95886669511552
3.0,t=3y,dK_1y,Optimal V,q,0.0,0.0,-18.435979169212352
3.0,t=3y,dK_1y,Optimal V,q,5.0,5.0,-13.491786182978064
3.0,t=3y,dK_1y,Optimal V,q,10.0,10.0,-9.304503758623857
3.0,t=3y,dK_1y,Optimal V,q,15.0,15.0,-4.775845141091043
3.0,t=3y,dK_1y,Optimal V,q,20.0,20.0,-0.34355899808533324
3.0,t=3y,dK_1y,Optimal V,q,25.0,25.0,4.063579821202422
3.0,t=3y,dK_1y,Optimal V,q,30.0,30.0,8.43515213186317
3.0,t=3y,dK_1y,Optimal V,q,35.0,35.0,13.282265629101149
3.0,t=3y,dK_1y,Optimal V,q,40.0,40.0,18.18371449584106
3.0,t=3y,dK_1y,Optimal V,q,45.0,45.0,22.771567095150782
3.0,t=3y,dK_1y,Optimal V,q,50.0,50.0,27.2015342092186
3.0,t=3y,dK_1y,Optimal V,q,55.0,55.0,31.60896012255149
3.0,t=3y,dK_1y,Optimal V,q,60.0,60.0,36.01387409189724
3.0,t=3y,dK_1y,Optimal V,q,65.0,65.0,40.48162329280866
3.0,t=3y,dK_1y,Optimal V,q,70.0,70.0,47.38066041809385
3.0,t=3y,dK_1y,Optimal V,q,75.0,75.0,52.090615438694456
3.0,t=3y,dK_1y,Optimal V,q,80.0,80.0,57.24275461963316
3.0,t=3y,dK_1y,Optimal V,q,85.0,85.0,62.4940412516453
3.0,t=3y,dK_1y,Optimal V,q,90.0,90.0,66.95089823180412
3.0,t=3y,dK_1y,Optimal V,q,95.0,95.0,71.7537075540242
3.0,t=3y,dK_1y,Optimal V,q,100.0,100.0,77.46348737929961
3.0,t=3y,dK_1y,Optimal V,q,105.0,105.0,83.92224255475087
3.0,t=3y,dK_1y,Optimal V,q,110.0,110.0,94.18035634291002
3.0,t=3y,dK_1y,Optimal V,q,115.0,115.0,98.82310844035152
3.0,t=3y,dK_1y,Optimal V,q,120.0,120.0,105.49590570544433
3.0,t=3y,dK_1y,Optimal V,q,125.0,125.0,110.82010515957127
3.0,t=3y,dK_1y,Optimal V,q,130.0,130.0,119.08448460249399
3.0,t=3y,dK_1y,Optimal V,q,135.0,135.0,123.60355946508139
3.0,t=3y,dK_1y,Optimal V,q,140.0,140.0,133.37192222686934
3.0,t=3y,dK_3y,Passive q,r,-0.03,-3.0,228.8682711984096
3.0,t=3y,dK_3y,Passive q,r,-0.0275,-2.75,261.5937859483152
3.0,t=3y,dK_3y,Passive q,r,-0.024999999999999998,-2.5,289.65504148448565
3.0,t=3y,dK_3y,Passive q,r,-0.0225,-2.25,304.49435032797277
3.0,t=3y,dK_3y,Passive q,r,-0.019999999999999997,-1.9999999999999998,309.271824717861
3.0,t=3y,dK_3y,Passive q,r,-0.017499999999999998,-1.7499999999999998,311.9376874158946
3.0,t=3y,dK_3y,Passive q,r,-0.015,-1.5,312.61122856057153
3.0,t=3y,dK_3y,Passive q,r,-0.012499999999999997,-1.2499999999999998,311.1259520629539
3.0,t=3y,dK_3y,Passive q,r,-0.009999999999999998,-0.9999999999999999,308.12313510894575
3.0,t=3y,dK_3y,Passive q,r,-0.0075,-0.75,303.723584363679
3.0,t=3y,dK_3y,Passive q,r,-0.0049999999999999975,-0.4999999999999998,298.01892009177726
3.0,t=3y,dK_3y,Passive q,r,-0.0024999999999999988,-0.2499999999999999,291.25665931017477
3.0,t=3y,dK_3y,Passive q,r,0.0,0.0,283.72082545848
3.0,t=3y,dK_3y,Passive q,r,0.0025000000000000022,0.2500000000000002,275.5147283480171
3.0,t=3y,dK_3y,Passive q,r,0.0050000000000000044,0.5000000000000004,266.7951734144846
3.0,t=3y,dK_3y,Passive q,r,0.0075,0.75,257.84362374860854
3.0,t=3y,dK_3y,Passive q,r,0.010000000000000002,1.0000000000000002,248.97488936846815
3.0,t=3y,dK_3y,Passive q,r,0.012500000000000004,1.2500000000000004,240.29266010245829
3.0,t=3y,dK_3y,Passive q,r,0.015,1.5,231.83249242773468
3.0,t=3y,dK_3y,Passive q,r,0.0175,1.7500000000000002,223.98357792635431
3.0,t=3y,dK_3y,Passive q,r,0.020000000000000004,2.0000000000000004,217.2693707912623
3.0,t=3y,dK_3y,Passive q,r,0.0225,2.25,211.52996188234775
3.0,t=3y,dK_3y,Passive q,r,0.025,2.5,205.5109749366389
3.0,t=3y,dK_3y,Passive q,r,0.027500000000000004,2.7500000000000004,201.15499577760488
3.0,t=3y,dK_3y,Passive q,r,0.03,3.0,199.28498576280603
3.0,t=3y,dK_3y,Passive q,r,0.0325,3.25,197.6931759812578
3.0,t=3y,dK_3y,Passive q,r,0.035,3.5000000000000004,196.39613070941138
3.0,t=3y,dK_3y,Passive q,r,0.037500000000000006,3.7500000000000004,195.58557879826947
3.0,t=3y,dK_3y,Passive q,r,0.04000000000000001,4.000000000000001,195.09196415999355
3.0,t=3y,dK_3y,Passive q,r,0.042499999999999996,4.25,194.7137267905995
3.0,t=3y,dK_3y,Passive q,r,0.045,4.5,194.42720065727127
3.0,t=3y,dK_3y,Passive q,r,0.0475,4.75,194.23508179395208
3.0,t=3y,dK_3y,Passive q,r,0.05,5.0,194.0958232223585
3.0,t=3y,dK_3y,Passive q,r,0.052500000000000005,5.250000000000001,193.96756854760176
3.0,t=3y,dK_3y,Passive q,r,0.05500000000000001,5.500000000000001,193.82765367783838
3.0,t=3y,dK_3y,Passive q,r,0.05750000000000001,5.750000000000001,193.64537995228426
3.0,t=3y,dK_3y,Passive q,r,0.06,6.0,193.36442654433145
3.0,t=3y,dK_3y,Passive q,r,0.0625,6.25,192.8632541565348
3.0,t=3y,dK_3y,Passive q,r,0.065,6.5,192.0100344263625
3.0,t=3y,dK_3y,Passive q,r,0.0675,6.75,190.35929646981484
3.0,t=3y,dK_3y,Passive q,r,0.07,7.000000000000001,187.94603321502942
3.0,t=3y,dK_3y,Passive q,r,0.07250000000000001,7.250000000000001,184.6004232181749
3.0,t=3y,dK_3y,Passive q,r,0.075,7.5,175.26392614103793
3.0,t=3y,dK_3y,Passive q,r,0.0775,7.75,157.86757517708833
3.0,t=3y,dK_3y,Passive q,r,0.08,8.0,137.63266056742268
3.0,t=3y,dK_3y,Passive q,K,-25.0,-25.0,193.9698364546614
3.0,t=3y,dK_3y,Passive q,K,-22.5,-22.5,193.9698364546614
3.0,t=3y,dK_3y,Passive q,K,-20.0,-20.0,193.9698364546614
3.0,t=3y,dK_3y,Passive q,K,-17.5,-17.5,193.9698364546614
3.0,t=3y,dK_3y,Passive q,K,-15.0,-15.0,193.9698364546614
3.0,t=3y,dK_3y,Passive q,K,-12.5,-12.5,193.9698364546614
3.0,t=3y,dK_3y,Passive q,K,-10.0,-10.0,193.96983645466509
3.0,t=3y,dK_3y,Passive q,K,-7.5,-7.5,193.969836455006
3.0,t=3y,dK_3y,Passive q,K,-5.0,-5.0,193.96983647281903
3.0,t=3y,dK_3y,Passive q,K,-2.5,-2.5,193.96983710398845
3.0,t=3y,dK_3y,Passive q,K,0.0,0.0,193.96985352644143
3.0,t=3y,dK_3y,Passive q,K,2.5,2.5,193.97018842791627
3.0,t=3y,dK_3y,Passive q,K,5.0,5.0,193.97601950572562
3.0,t=3y,dK_3y,Passive q,K,7.5,7.5,194.0865331603187
3.0,t=3y,dK_3y,Passive q,K,10.0,10.0,258.4614462425836
3.0,t=3y,dK_3y,Passive q,K,12.5,12.5,207.88996196099208
3.0,t=3y,dK_3y,Passive q,K,15.0,15.0,196.8884348227967
3.0,t=3y,dK_3y,Passive q,K,17.5,17.5,194.51017489241482
3.0,t=3y,dK_3y,Passive q,K,20.0,20.0,194.05426165877302
3.0,t=3y,dK_3y,Passive q,K,22.5,22.5,193.9805184353156
3.0,t=3y,dK_3y,Passive q,K,25.0,25.0,193.97087565522767
3.0,t=3y,dK_3y,Passive q,K,27.5,27.5,193.969908395727
3.0,t=3y,dK_3y,Passive q,K,30.0,30.0,193.9698395457404
3.0,t=3y,dK_3y,Passive q,K,32.5,32.5,193.9698365144831
3.0,t=3y,dK_3y,Passive q,K,35.0,35.0,193.96983645466122
3.0,t=3y,dK_3y,Passive q,q,0.0,0.0,0.0
3.0,t=3y,dK_3y,Passive q,q,5.0,5.0,9.698491822980777
3.0,t=3y,dK_3y,Passive q,q,10.0,10.0,19.396983660878565
3.0,t=3y,dK_3y,Passive q,q,15.0,15.0,29.095475638847496
3.0,t=3y,dK_3y,Passive q,q,20.0,20.0,38.793968222834735
3.0,t=3y,dK_3y,Passive q,q,25.0,25.0,48.49246256844199
3.0,t=3y,dK_3y,Passive q,q,30.0,30.0,58.19122506689624
3.0,t=3y,dK_3y,Passive q,q,35.0,35.0,67.89001694228082
3.0,t=3y,dK_3y,Passive q,q,40.0,40.0,77.58901936786681
3.0,t=3y,dK_3y,Passive q,q,45.0,45.0,87.28832056136302
3.0,t=3y,dK_3y,Passive q,q,50.0,50.0,96.98802628128905
3.0,t=3y,dK_3y,Passive q,q,55.0,55.0,106.73984343745954
3.0,t=3y,dK_3y,Passive q,q,60.0,60.0,116.45936053630452
3.0,t=3y,dK_3y,Passive q,q,65.0,65.0,126.18379092374431
3.0,t=3y,dK_3y,Passive q,q,70.0,70.0,135.91367309497718
3.0,t=3y,dK_3y,Passive q,q,75.0,75.0,145.64953156640553
3.0,t=3y,dK_3y,Passive q,q,80.0,80.0,156.6192585862075
3.0,t=3y,dK_3y,Passive q,q,85.0,85.0,166.55893275959772
3.0,t=3y,dK_3y,Passive q,q,90.0,90.0,176.5187693083977
3.0,t=3y,dK_3y,Passive q,q,95.0,95.0,186.49863444942406
3.0,t=3y,dK_3y,Passive q,q,100.0,100.0,196.4983251952854
3.0,t=3y,dK_3y,Passive q,q,105.0,105.0,216.76795821396948
3.0,t=3y,dK_3y,Passive q,q,110.0,110.0,227.4680025508372
3.0,t=3y,dK_3y,Passive q,q,115.0,115.0,238.18375887256053
3.0,t=3y,dK_3y,Passive q,q,120.0,120.0,248.9135918833615
3.0,t=3y,dK_3y,Passive q,q,125.0,125.0,259.6559673958318
3.0,t=3y,dK_3y,Passive q,q,130.0,130.0,321.5673768557942
3.0,t=3y,dK_3y,Passive q,q,135.0,135.0,333.33012989567584
3.0,t=3y,dK_3y,Passive q,q,140.0,140.0,345.05557813883377
3.0,t=3y,dK_3y,CAR-target,r,-0.03,-3.0,167.99047348052258
3.0,t=3y,dK_3y,CAR-target,r,-0.0275,-2.75,197.68145795357253
3.0,t=3y,dK_3y,CAR-target,r,-0.024999999999999998,-2.5,225.7459057323965
3.0,t=3y,dK_3y,CAR-target,r,-0.0225,-2.25,247.62064595927268
3.0,t=3y,dK_3y,CAR-target,r,-0.019999999999999997,-1.9999999999999998,264.1780522773624
3.0,t=3y,dK_3y,CAR-target,r,-0.017499999999999998,-1.7499999999999998,280.0146441540786
3.0,t=3y,dK_3y,CAR-target,r,-0.015,-1.5,295.91424236967
3.0,t=3y,dK_3y,CAR-target,r,-0.012499999999999997,-1.2499999999999998,312.10537921917734
3.0,t=3y,dK_3y,CAR-target,r,-0.009999999999999998,-0.9999999999999999,328.166086022553
3.0,t=3y,dK_3y,CAR-target,r,-0.0075,-0.75,343.8363590828004
3.0,t=3y,dK_3y,CAR-target,r,-0.0049999999999999975,-0.4999999999999998,359.54635149819677
3.0,t=3y,dK_3y,CAR-target,r,-0.0024999999999999988,-0.2499999999999999,374.70087845479924
3.0,t=3y,dK_3y,CAR-target,r,0.0,0.0,388.8474711969483
3.0,t=3y,dK_3y,CAR-target,r,0.0025000000000000022,0.2500000000000002,401.4514403892917
3.0,t=3y,dK_3y,CAR-target,r,0.0050000000000000044,0.5000000000000004,411.4051994731342
3.0,t=3y,dK_3y,CAR-target,r,0.0075,0.75,418.8134421024594
3.0,t=3y,dK_3y,CAR-target,r,0.010000000000000002,1.0000000000000002,424.7310068811473
3.0,t=3y,dK_3y,CAR-target,r,0.012500000000000004,1.2500000000000004,428.55037782215305
3.0,t=3y,dK_3y,CAR-target,r,0.015,1.5,427.4479068093149
3.0,t=3y,dK_3y,CAR-target,r,0.0175,1.7500000000000002,421.29360549519436
3.0,t=3y,dK_3y,CAR-target,r,0.020000000000000004,2.0000000000000004,414.8817325218897
3.0,t=3y,dK_3y,CAR-target,r,0.0225,2.25,408.88767582933264
3.0,t=3y,dK_3y,CAR-target,r,0.025,2.5,394.9461915924111
3.0,t=3y,dK_3y,CAR-target,r,0.027500000000000004,2.7500000000000004,377.59767308825457
3.0,t=3y,dK_3y,CAR-target,r,0.03,3.0,365.38367560911695
3.0,t=3y,dK_3y,CAR-target,r,0.0325,3.25,353.024998454136
3.0,t=3y,dK_3y,CAR-target,r,0.035,3.5000000000000004,338.6208368553392
3.0,t=3y,dK_3y,CAR-target,r,0.037500000000000006,3.7500000000000004,326.29956795878013
3.0,t=3y,dK_3y,CAR-target,r,0.04000000000000001,4.000000000000001,318.84168899360355
3.0,t=3y,dK_3y,CAR-target,r,0.042499999999999996,4.25,310.93997397714804
3.0,t=3y,dK_3y,CAR-target,r,0.045,4.5,300.46765351279134
3.0,t=3y,dK_3y,CAR-target,r,0.0475,4.75,291.5326287075391
3.0,t=3y,dK_3y,CAR-target,r,0.05,5.0,283.7599583963421
3.0,t=3y,dK_3y,CAR-target,r,0.052500000000000005,5.250000000000001,276.6028896269212
3.0,t=3y,dK_3y,CAR-target,r,0.05500000000000001,5.500000000000001,271.0867542795059
3.0,t=3y,dK_3y,CAR-target,r,0.05750000000000001,5.750000000000001,266.9403549663904
3.0,t=3y,dK_3y,CAR-target,r,0.06,6.0,263.39510560257537
3.0,t=3y,dK_3y,CAR-target,r,0.0625,6.25,260.45993597144076
3.0,t=3y,dK_3y,CAR-target,r,0.065,6.5,257.832325716938
3.0,t=3y,dK_3y,CAR-target,r,0.0675,6.75,254.53038234395453
3.0,t=3y,dK_3y,CAR-target,r,0.07,7.000000000000001,250.4364762144726
3.0,t=3y,dK_3y,CAR-target,r,0.07250000000000001,7.250000000000001,245.29538879508988
3.0,t=3y,dK_3y,CAR-target,r,0.075,7.5,232.22636923579358
3.0,t=3y,dK_3y,CAR-target,r,0.0775,7.75,208.37605831173835
3.0,t=3y,dK_3y,CAR-target,r,0.08,8.0,180.73108174225544
3.0,t=3y,dK_3y,CAR-target,K,-25.0,-25.0,90.70461056041492
3.0,t=3y,dK_3y,CAR-target,K,-22.5,-22.5,90.70461056041492
3.0,t=3y,dK_3y,CAR-target,K,-20.0,-20.0,90.70461056041533
3.0,t=3y,dK_3y,CAR-target,K,-17.5,-17.5,90.70461056041533
3.0,t=3y,dK_3y,CAR-target,K,-15.0,-15.0,90.70461056041533
3.0,t=3y,dK_3y,CAR-target,K,-12.5,-12.5,90.70461056041533
3.0,t=3y,dK_3y,CAR-target,K,-10.0,-10.0,90.70461056041533
3.0,t=3y,dK_3y,CAR-target,K,-7.5,-7.5,90.70461056041533
3.0,t=3y,dK_3y,CAR-target,K,-5.0,-5.0,90.70461056041533
3.0,t=3y,dK_3y,CAR-target,K,-2.5,-2.5,90.70461056041533
3.0,t=3y,dK_3y,CAR-target,K,0.0,0.0,90.70461056041533
3.0,t=3y,dK_3y,CAR-target,K,2.5,2.5,92.33786428724878
3.0,t=3y,dK_3y,CAR-target,K,5.0,5.0,120.25478089324385
3.0,t=3y,dK_3y,CAR-target,K,7.5,7.5,224.09901233136628
3.0,t=3y,dK_3y,CAR-target,K,10.0,10.0,255.42139650355668
3.0,t=3y,dK_3y,CAR-target,K,12.5,12.5,389.1515228062557
3.0,t=3y,dK_3y,CAR-target,K,15.0,15.0,343.8708344285286
3.0,t=3y,dK_3y,CAR-target,K,17.5,17.5,318.78364331537676
3.0,t=3y,dK_3y,CAR-target,K,20.0,20.0,280.7710979425543
3.0,t=3y,dK_3y,CAR-target,K,22.5,22.5,264.16628786215193
3.0,t=3y,dK_3y,CAR-target,K,25.0,25.0,259.1290708308368
3.0,t=3y,dK_3y,CAR-target,K,27.5,27.5,257.77290678443165
3.0,t=3y,dK_3y,CAR-target,K,30.0,30.0,257.45216998278016
3.0,t=3y,dK_3y,CAR-target,K,32.5,32.5,257.38901112960656
3.0,t=3y,dK_3y,CAR-target,K,35.0,35.0,257.37921709268903
3.0,t=3y,dK_3y,CAR-target,q,0.0,0.0,104.46408307233588
3.0,t=3y,dK_3y,CAR-target,q,5.0,5.0,112.77629450876563
3.0,t=3y,dK_3y,CAR-target,q,10.0,10.0,124.18145877146368
3.0,t=3y,dK_3y,CAR-target,q,15.0,15.0,132.2320946312999
3.0,t=3y,dK_3y,CAR-target,q,20.0,20.0,143.58620117221955
3.0,t=3y,dK_3y,CAR-target,q,25.0,25.0,156.18758005140512
3.0,t=3y,dK_3y,CAR-target,q,30.0,30.0,168.20364174171826
3.0,t=3y,dK_3y,CAR-target,q,35.0,35.0,182.71545505501948
3.0,t=3y,dK_3y,CAR-target,q,40.0,40.0,193.45116365968778
3.0,t=3y,dK_3y,CAR-target,q,45.0,45.0,210.36481532342026
3.0,t=3y,dK_3y,CAR-target,q,50.0,50.0,218.67919107886706
3.0,t=3y,dK_3y,CAR-target,q,55.0,55.0,238.41643738783625
3.0,t=3y,dK_3y,CAR-target,q,60.0,60.0,243.85442736916897
3.0,t=3y,dK_3y,CAR-target,q,65.0,65.0,266.2791930470494
3.0,t=3y,dK_3y,CAR-target,q,70.0,70.0,269.70471581833226
3.0,t=3y,dK_3y,CAR-target,q,75.0,75.0,293.22194882057113
3.0,t=3y,dK_3y,CAR-target,q,80.0,80.0,295.9554218961141
3.0,t=3y,dK_3y,CAR-target,q,85.0,85.0,317.0652937060737
3.0,t=3y,dK_3y,CAR-target,q,90.0,90.0,320.1257436055394
3.0,t=3y,dK_3y,CAR-target,q,95.0,95.0,334.0482443165843
3.0,t=3y,dK_3y,CAR-target,q,100.0,100.0,339.7557439561066
3.0,t=3y,dK_3y,CAR-target,q,105.0,105.0,343.88987782219846
3.0,t=3y,dK_3y,CAR-target,q,110.0,110.0,359.30240949515013
3.0,t=3y,dK_3y,CAR-target,q,115.0,115.0,355.92738371918745
3.0,t=3y,dK_3y,CAR-target,q,120.0,120.0,388.7027419725985
3.0,t=3y,dK_3y,CAR-target,q,125.0,125.0,370.7921155872663
3.0,t=3y,dK_3y,CAR-target,q,130.0,130.0,412.44976357257303
3.0,t=3y,dK_3y,CAR-target,q,135.0,135.0,347.8318325868073
3.0,t=3y,dK_3y,CAR-target,q,140.0,140.0,345.76765591565993
3.0,t=3y,dK_3y,MtM-band,r,-0.03,-3.0,103.9665637738117
3.0,t=3y,dK_3y,MtM-band,r,-0.0275,-2.75,117.18268102257912
3.0,t=3y,dK_3y,MtM-band,r,-0.024999999999999998,-2.5,128.01585719574058
3.0,t=3y,dK_3y,MtM-band,r,-0.0225,-2.25,132.61240784345753
3.0,t=3y,dK_3y,MtM-band,r,-0.019999999999999997,-1.9999999999999998,133.4967364059066
3.0,t=3y,dK_3y,MtM-band,r,-0.017499999999999998,-1.7499999999999998,135.22101133989872
3.0,t=3y,dK_3y,MtM-band,r,-0.015,-1.5,136.8647649977581
3.0,t=3y,dK_3y,MtM-band,r,-0.012499999999999997,-1.2499999999999998,136.76891984800125
3.0,t=3y,dK_3y,MtM-band,r,-0.009999999999999998,-0.9999999999999999,136.72775947169328
3.0,t=3y,dK_3y,MtM-band,r,-0.0075,-0.75,140.0637583414805
3.0,t=3y,dK_3y,MtM-band,r,-0.0049999999999999975,-0.4999999999999998,143.5066596330115
3.0,t=3y,dK_3y,MtM-band,r,-0.0024999999999999988,-0.2499999999999999,143.64227390976345
3.0,t=3y,dK_3y,MtM-band,r,0.0,0.0,145.5777632021119
3.0,t=3y,dK_3y,MtM-band,r,0.0025000000000000022,0.2500000000000002,154.05858773585186
3.0,t=3y,dK_3y,MtM-band,r,0.0050000000000000044,0.5000000000000004,159.79236419393385
3.0,t=3y,dK_3y,MtM-band,r,0.0075,0.75,158.95678955270603
3.0,t=3y,dK_3y,MtM-band,r,0.010000000000000002,1.0000000000000002,164.73157220285415
3.0,t=3y,dK_3y,MtM-band,r,0.012500000000000004,1.2500000000000004,175.29789159609186
3.0,t=3y,dK_3y,MtM-band,r,0.015,1.5,199.50651190466053
3.0,t=3y,dK_3y,MtM-band,r,0.0175,1.7500000000000002,200.22844674428742
3.0,t=3y,dK_3y,MtM-band,r,0.020000000000000004,2.0000000000000004,179.21050814897842
3.0,t=3y,dK_3y,MtM-band,r,0.0225,2.25,179.1634415176629
3.0,t=3y,dK_3y,MtM-band,r,0.025,2.5,153.1604432564568
3.0,t=3y,dK_3y,MtM-band,r,0.027500000000000004,2.7500000000000004,129.9427060561812
3.0,t=3y,dK_3y,MtM-band,r,0.03,3.0,135.27411385272023
3.0,t=3y,dK_3y,MtM-band,r,0.0325,3.25,51.8490425441271
3.0,t=3y,dK_3y,MtM-band,r,0.035,3.5000000000000004,12.842735197998628
3.0,t=3y,dK_3y,MtM-band,r,0.037500000000000006,3.7500000000000004,57.76207241851512
3.0,t=3y,dK_3y,MtM-band,r,0.04000000000000001,4.000000000000001,68.67526738452136
3.0,t=3y,dK_3y,MtM-band,r,0.042499999999999996,4.25,74.86483265309124
3.0,t=3y,dK_3y,MtM-band,r,0.045,4.5,60.94726619515778
3.0,t=3y,dK_3y,MtM-band,r,0.0475,4.75,59.293463802336845
3.0,t=3y,dK_3y,MtM-band,r,0.05,5.0,70.90727654953444
3.0,t=3y,dK_3y,MtM-band,r,0.052500000000000005,5.250000000000001,73.72935650723207
3.0,t=3y,dK_3y,MtM-band,r,0.05500000000000001,5.500000000000001,66.9363648971527
3.0,t=3y,dK_3y,MtM-band,r,0.05750000000000001,5.750000000000001,69.5946774869363
3.0,t=3y,dK_3y,MtM-band,r,0.06,6.0,77.6025214947875
3.0,t=3y,dK_3y,MtM-band,r,0.0625,6.25,74.58629104001422
3.0,t=3y,dK_3y,MtM-band,r,0.065,6.5,72.0864209555663
3.0,t=3y,dK_3y,MtM-band,r,0.0675,6.75,74.89780006511016
3.0,t=3y,dK_3y,MtM-band,r,0.07,7.000000000000001,76.90718815262504
3.0,t=3y,dK_3y,MtM-band,r,0.07250000000000001,7.250000000000001,75.33800014436048
3.0,t=3y,dK_3y,MtM-band,r,0.075,7.5,71.82171708710143
3.0,t=3y,dK_3y,MtM-band,r,0.0775,7.75,66.93655351904673
3.0,t=3y,dK_3y,MtM-band,r,0.08,8.0,61.510974918407825
3.0,t=3y,dK_3y,MtM-band,K,-25.0,-25.0,14.167023520334645
3.0,t=3y,dK_3y,MtM-band,K,-22.5,-22.5,14.167023520334645
3.0,t=3y,dK_3y,MtM-band,K,-20.0,-20.0,14.167023520334226
3.0,t=3y,dK_3y,MtM-band,K,-17.5,-17.5,14.167023520334226
3.0,t=3y,dK_3y,MtM-band,K,-15.0,-15.0,14.167023520334226
3.0,t=3y,dK_3y,MtM-band,K,-12.5,-12.5,14.167023520334226
3.0,t=3y,dK_3y,MtM-band,K,-10.0,-10.0,14.167023520334226
3.0,t=3y,dK_3y,MtM-band,K,-7.5,-7.5,14.167023520334645
3.0,t=3y,dK_3y,MtM-band,K,-5.0,-5.0,14.167023520334645
3.0,t=3y,dK_3y,MtM-band,K,-2.5,-2.5,14.167023520334645
3.0,t=3y,dK_3y,MtM-band,K,0.0,0.0,14.167023520334645
3.0,t=3y,dK_3y,MtM-band,K,2.5,2.5,14.16864080858464
3.0,t=3y,dK_3y,MtM-band,K,5.0,5.0,28.027488711550355
3.0,t=3y,dK_3y,MtM-band,K,7.5,7.5,257.0087824672733
3.0,t=3y,dK_3y,MtM-band,K,10.0,10.0,30.16772368029059
3.0,t=3y,dK_3y,MtM-band,K,12.5,12.5,27.252941303058574
3.0,t=3y,dK_3y,MtM-band,K,15.0,15.0,16.215663412387546
3.0,t=3y,dK_3y,MtM-band,K,17.5,17.5,14.389108720353676
3.0,t=3y,dK_3y,MtM-band,K,20.0,20.0,14.184200348575828
3.0,t=3y,dK_3y,MtM-band,K,22.5,22.5,14.167948538260811
3.0,t=3y,dK_3y,MtM-band,K,25.0,25.0,14.16705643612417
3.0,t=3y,dK_3y,MtM-band,K,27.5,27.5,14.167024223363391
3.0,t=3y,dK_3y,MtM-band,K,30.0,30.0,14.167023527729414
3.0,t=3y,dK_3y,MtM-band,K,32.5,32.5,14.167023520353744
3.0,t=3y,dK_3y,MtM-band,K,35.0,35.0,14.167023520334567
3.0,t=3y,dK_3y,MtM-band,q,0.0,0.0,0.0
3.0,t=3y,dK_3y,MtM-band,q,5.0,5.0,9.698491822980777
3.0,t=3y,dK_3y,MtM-band,q,10.0,10.0,19.396983660878565
3.0,t=3y,dK_3y,MtM-band,q,15.0,15.0,29.095475638847496
3.0,t=3y,dK_3y,MtM-band,q,20.0,20.0,38.793948932408675
3.0,t=3y,dK_3y,MtM-band,q,25.0,25.0,48.47809928596534
3.0,t=3y,dK_3y,MtM-band,q,30.0,30.0,57.891741170164735
3.0,t=3y,dK_3y,MtM-band,q,35.0,35.0,66.09528499656749
3.0,t=3y,dK_3y,MtM-band,q,40.0,40.0,72.03480736235016
3.0,t=3y,dK_3y,MtM-band,q,45.0,45.0,75.7098515519941
3.0,t=3y,dK_3y,MtM-band,q,50.0,50.0,74.54752544898096
3.0,t=3y,dK_3y,MtM-band,q,55.0,55.0,68.27964840130818
3.0,t=3y,dK_3y,MtM-band,q,60.0,60.0,66.35163193317483
3.0,t=3y,dK_3y,MtM-band,q,65.0,65.0,75.35896729512254
3.0,t=3y,dK_3y,MtM-band,q,70.0,70.0,61.91851321890931
3.0,t=3y,dK_3y,MtM-band,q,75.0,75.0,16.07695284616451
3.0,t=3y,dK_3y,MtM-band,q,80.0,80.0,23.96554122008938
3.0,t=3y,dK_3y,MtM-band,q,85.0,85.0,18.849155779153303
3.0,t=3y,dK_3y,MtM-band,q,90.0,90.0,8.812659842552263
3.0,t=3y,dK_3y,MtM-band,q,95.0,95.0,16.08239128893497
3.0,t=3y,dK_3y,MtM-band,q,100.0,100.0,15.916050842106383
3.0,t=3y,dK_3y,MtM-band,q,105.0,105.0,6.363046082674968
3.0,t=3y,dK_3y,MtM-band,q,110.0,110.0,20.341113597639655
3.0,t=3y,dK_3y,MtM-band,q,115.0,115.0,68.66011389783907
3.0,t=3y,dK_3y,MtM-band,q,120.0,120.0,84.67897418193398
3.0,t=3y,dK_3y,MtM-band,q,125.0,125.0,94.48799505635995
3.0,t=3y,dK_3y,MtM-band,q,130.0,130.0,117.70259557909432
3.0,t=3y,dK_3y,MtM-band,q,135.0,135.0,143.158279943859
3.0,t=3y,dK_3y,MtM-band,q,140.0,140.0,181.35846527930607
3.0,t=3y,dK_3y,0.5y-greedy,r,-0.03,-3.0,-6.466226421760165
3.0,t=3y,dK_3y,0.5y-greedy,r,-0.0275,-2.75,102.56900997304486
3.0,t=3y,dK_3y,0.5y-greedy,r,-0.024999999999999998,-2.5,167.07728287585527
3.0,t=3y,dK_3y,0.5y-greedy,r,-0.0225,-2.25,110.64969798746878
3.0,t=3y,dK_3y,0.5y-greedy,r,-0.019999999999999997,-1.9999999999999998,55.80948318910127
3.0,t=3y,dK_3y,0.5y-greedy,r,-0.017499999999999998,-1.7499999999999998,-22.130435268160134
3.0,t=3y,dK_3y,0.5y-greedy,r,-0.015,-1.5,53.94035417585359
3.0,t=3y,dK_3y,0.5y-greedy,r,-0.012499999999999997,-1.2499999999999998,214.0004167999047
3.0,t=3y,dK_3y,0.5y-greedy,r,-0.009999999999999998,-0.9999999999999999,244.19056732157227
3.0,t=3y,dK_3y,0.5y-greedy,r,-0.0075,-0.75,278.04565014826875
3.0,t=3y,dK_3y,0.5y-greedy,r,-0.0049999999999999975,-0.4999999999999998,279.1223486050503
3.0,t=3y,dK_3y,0.5y-greedy,r,-0.0024999999999999988,-0.2499999999999999,280.1449957346613
3.0,t=3y,dK_3y,0.5y-greedy,r,0.0,0.0,276.5782337796969
3.0,t=3y,dK_3y,0.5y-greedy,r,0.0025000000000000022,0.2500000000000002,271.3955447221921
3.0,t=3y,dK_3y,0.5y-greedy,r,0.0050000000000000044,0.5000000000000004,264.1651952570879
3.0,t=3y,dK_3y,0.5y-greedy,r,0.0075,0.75,256.3090150065179
3.0,t=3y,dK_3y,0.5y-greedy,r,0.010000000000000002,1.0000000000000002,247.98030951731624
3.0,t=3y,dK_3y,0.5y-greedy,r,0.012500000000000004,1.2500000000000004,239.66521029140657
3.0,t=3y,dK_3y,0.5y-greedy,r,0.015,1.5,231.4445262116751
3.0,t=3y,dK_3y,0.5y-greedy,r,0.0175,1.7500000000000002,223.73615378496865
3.0,t=3y,dK_3y,0.5y-greedy,r,0.020000000000000004,2.0000000000000004,217.11925011445675
3.0,t=3y,dK_3y,0.5y-greedy,r,0.0225,2.25,211.44988370757943
3.0,t=3y,dK_3y,0.5y-greedy,r,0.025,2.5,205.47730327665994
3.0,t=3y,dK_3y,0.5y-greedy,r,0.027500000000000004,2.7500000000000004,201.16055277521158
3.0,t=3y,dK_3y,0.5y-greedy,r,0.03,3.0,199.33471492694918
3.0,t=3y,dK_3y,0.5y-greedy,r,0.0325,3.25,197.79435552320933
3.0,t=3y,dK_3y,0.5y-greedy,r,0.035,3.5000000000000004,196.56454171623346
3.0,t=3y,dK_3y,0.5y-greedy,r,0.037500000000000006,3.7500000000000004,195.85789500949596
3.0,t=3y,dK_3y,0.5y-greedy,r,0.04000000000000001,4.000000000000001,195.5177555368101
3.0,t=3y,dK_3y,0.5y-greedy,r,0.042499999999999996,4.25,195.36279789434283
3.0,t=3y,dK_3y,0.5y-greedy,r,0.045,4.5,195.4887818880603
3.0,t=3y,dK_3y,0.5y-greedy,r,0.0475,4.75,195.84665686612357
3.0,t=3y,dK_3y,0.5y-greedy,r,0.05,5.0,196.78801416248373
3.0,t=3y,dK_3y,0.5y-greedy,r,0.052500000000000005,5.250000000000001,198.0192536313214
3.0,t=3y,dK_3y,0.5y-greedy,r,0.05500000000000001,5.500000000000001,200.40403743143503
3.0,t=3y,dK_3y,0.5y-greedy,r,0.05750000000000001,5.750000000000001,202.5158235296676
3.0,t=3y,dK_3y,0.5y-greedy,r,0.06,6.0,213.86305430733285
3.0,t=3y,dK_3y,0.5y-greedy,r,0.0625,6.25,222.16224977584778
3.0,t=3y,dK_3y,0.5y-greedy,r,0.065,6.5,280.8243071284579
3.0,t=3y,dK_3y,0.5y-greedy,r,0.0675,6.75,297.76673309674516
3.0,t=3y,dK_3y,0.5y-greedy,r,0.07,7.000000000000001,256.11483083087205
3.0,t=3y,dK_3y,0.5y-greedy,r,0.07250000000000001,7.250000000000001,248.0155934534809
3.0,t=3y,dK_3y,0.5y-greedy,r,0.075,7.5,228.9162665425661
3.0,t=3y,dK_3y,0.5y-greedy,r,0.0775,7.75,213.64236718263948
3.0,t=3y,dK_3y,0.5y-greedy,r,0.08,8.0,199.2879005877182
3.0,t=3y,dK_3y,0.5y-greedy,K,-25.0,-25.0,194.13827096303118
3.0,t=3y,dK_3y,0.5y-greedy,K,-22.5,-22.5,194.13827096303118
3.0,t=3y,dK_3y,0.5y-greedy,K,-20.0,-20.0,194.13827096303118
3.0,t=3y,dK_3y,0.5y-greedy,K,-17.5,-17.5,194.13827096303126
3.0,t=3y,dK_3y,0.5y-greedy,K,-15.0,-15.0,194.13827096303126
3.0,t=3y,dK_3y,0.5y-greedy,K,-12.5,-12.5,194.13827096303126
3.0,t=3y,dK_3y,0.5y-greedy,K,-10.0,-10.0,194.13827096303146
3.0,t=3y,dK_3y,0.5y-greedy,K,-7.5,-7.5,194.13827096311465
3.0,t=3y,dK_3y,0.5y-greedy,K,-5.0,-5.0,194.1382709707087
3.0,t=3y,dK_3y,0.5y-greedy,K,-2.5,-2.5,194.13827125481606
3.0,t=3y,dK_3y,0.5y-greedy,K,0.0,0.0,194.13827770573556
3.0,t=3y,dK_3y,0.5y-greedy,K,2.5,2.5,194.13843594397275
3.0,t=3y,dK_3y,0.5y-greedy,K,5.0,5.0,194.14230712672475
3.0,t=3y,dK_3y,0.5y-greedy,K,7.5,7.5,194.1768183360035
3.0,t=3y,dK_3y,0.5y-greedy,K,10.0,10.0,258.5992761085407
3.0,t=3y,dK_3y,0.5y-greedy,K,12.5,12.5,208.05561770882494
3.0,t=3y,dK_3y,0.5y-greedy,K,15.0,15.0,197.05127711693234
3.0,t=3y,dK_3y,0.5y-greedy,K,17.5,17.5,194.6746725425999
3.0,t=3y,dK_3y,0.5y-greedy,K,20.0,20.0,194.22118145358368
3.0,t=3y,dK_3y,0.5y-greedy,K,22.5,22.5,194.1485951406682
3.0,t=3y,dK_3y,0.5y-greedy,K,25.0,25.0,194.13925876420322
3.0,t=3y,dK_3y,0.5y-greedy,K,27.5,27.5,194.1383391735229
3.0,t=3y,dK_3y,0.5y-greedy,K,30.0,30.0,194.13827405885448
3.0,t=3y,dK_3y,0.5y-greedy,K,32.5,32.5,194.13827104162365
3.0,t=3y,dK_3y,0.5y-greedy,K,35.0,35.0,194.13827096387158
3.0,t=3y,dK_3y,0.5y-greedy,q,0.0,0.0,0.17376097815048921
3.0,t=3y,dK_3y,0.5y-greedy,q,5.0,5.0,9.868116943646726
3.0,t=3y,dK_3y,0.5y-greedy,q,10.0,10.0,19.565612122471965
3.0,t=3y,dK_3y,0.5y-greedy,q,15.0,15.0,29.263878841145036
3.0,t=3y,dK_3y,0.5y-greedy,q,20.0,20.0,38.96235436064029
3.0,t=3y,dK_3y,0.5y-greedy,q,25.0,25.0,48.660865049032274
3.0,t=3y,dK_3y,0.5y-greedy,q,30.0,30.0,58.359384414408275
3.0,t=3y,dK_3y,0.5y-greedy,q,35.0,35.0,68.05800208191381
3.0,t=3y,dK_3y,0.5y-greedy,q,40.0,40.0,77.75701448182788
3.0,t=3y,dK_3y,0.5y-greedy,q,45.0,45.0,87.45664417259809
3.0,t=3y,dK_3y,0.5y-greedy,q,50.0,50.0,97.15636924825301
3.0,t=3y,dK_3y,0.5y-greedy,q,55.0,55.0,106.85855731341789
3.0,t=3y,dK_3y,0.5y-greedy,q,60.0,60.0,116.56982740689244
3.0,t=3y,dK_3y,0.5y-greedy,q,65.0,65.0,126.29849895830151
3.0,t=3y,dK_3y,0.5y-greedy,q,70.0,70.0,136.07904004893365
3.0,t=3y,dK_3y,0.5y-greedy,q,75.0,75.0,145.81660503823693
3.0,t=3y,dK_3y,0.5y-greedy,q,80.0,80.0,155.60063001325813
3.0,t=3y,dK_3y,0.5y-greedy,q,85.0,85.0,165.5056509490672
3.0,t=3y,dK_3y,0.5y-greedy,q,90.0,90.0,175.6099588356334
3.0,t=3y,dK_3y,0.5y-greedy,q,95.0,95.0,186.6383976468432
3.0,t=3y,dK_3y,0.5y-greedy,q,100.0,100.0,196.6614390200151
3.0,t=3y,dK_3y,0.5y-greedy,q,105.0,105.0,207.0153676178837
3.0,t=3y,dK_3y,0.5y-greedy,q,110.0,110.0,218.22817741471812
3.0,t=3y,dK_3y,0.5y-greedy,q,115.0,115.0,230.5859693448412
3.0,t=3y,dK_3y,0.5y-greedy,q,120.0,120.0,248.90068510954922
3.0,t=3y,dK_3y,0.5y-greedy,q,125.0,125.0,259.81238008619334
3.0,t=3y,dK_3y,0.5y-greedy,q,130.0,130.0,272.18315351454885
3.0,t=3y,dK_3y,0.5y-greedy,q,135.0,135.0,288.7917800692597
3.0,t=3y,dK_3y,0.5y-greedy,q,140.0,140.0,317.7365725993229
3.0,t=3y,dK_3y,Optimal V,r,-0.03,-3.0,92.3240121586096
3.0,t=3y,dK_3y,Optimal V,r,-0.0275,-2.75,104.46732208259847
3.0,t=3y,dK_3y,Optimal V,r,-0.024999999999999998,-2.5,115.1535317713072
3.0,t=3y,dK_3y,Optimal V,r,-0.0225,-2.25,121.6965780534077
3.0,t=3y,dK_3y,Optimal V,r,-0.019999999999999997,-1.9999999999999998,125.0991290646939
3.0,t=3y,dK_3y,Optimal V,r,-0.017499999999999998,-1.7499999999999998,127.85276744801291
3.0,t=3y,dK_3y,Optimal V,r,-0.015,-1.5,130.7277146187352
3.0,t=3y,dK_3y,Optimal V,r,-0.012499999999999997,-1.2499999999999998,134.44762483045105
3.0,t=3y,dK_3y,Optimal V,r,-0.009999999999999998,-0.9999999999999999,137.67416826665794
3.0,t=3y,dK_3y,Optimal V,r,-0.0075,-0.75,139.8902824437722
3.0,t=3y,dK_3y,Optimal V,r,-0.0049999999999999975,-0.4999999999999998,145.49650495708806
3.0,t=3y,dK_3y,Optimal V,r,-0.0024999999999999988,-0.2499999999999999,151.05734228847612
3.0,t=3y,dK_3y,Optimal V,r,0.0,0.0,157.59258312859623
3.0,t=3y,dK_3y,Optimal V,r,0.0025000000000000022,0.2500000000000002,166.33340726188476
3.0,t=3y,dK_3y,Optimal V,r,0.0050000000000000044,0.5000000000000004,171.06781790250017
3.0,t=3y,dK_3y,Optimal V,r,0.0075,0.75,173.64932756670368
3.0,t=3y,dK_3y,Optimal V,r,0.010000000000000002,1.0000000000000002,175.18583100990963
3.0,t=3y,dK_3y,Optimal V,r,0.012500000000000004,1.2500000000000004,176.7827033932402
3.0,t=3y,dK_3y,Optimal V,r,0.015,1.5,180.0954014753391
3.0,t=3y,dK_3y,Optimal V,r,0.0175,1.7500000000000002,189.27637842734387
3.0,t=3y,dK_3y,Optimal V,r,0.020000000000000004,2.0000000000000004,196.19589171089973
3.0,t=3y,dK_3y,Optimal V,r,0.0225,2.25,196.9049128299651
3.0,t=3y,dK_3y,Optimal V,r,0.025,2.5,198.42662386486433
3.0,t=3y,dK_3y,Optimal V,r,0.027500000000000004,2.7500000000000004,199.60161120386473
3.0,t=3y,dK_3y,Optimal V,r,0.03,3.0,201.57718844206622
3.0,t=3y,dK_3y,Optimal V,r,0.0325,3.25,203.97643312108963
3.0,t=3y,dK_3y,Optimal V,r,0.035,3.5000000000000004,209.35669817146902
3.0,t=3y,dK_3y,Optimal V,r,0.037500000000000006,3.7500000000000004,217.70810434485725
3.0,t=3y,dK_3y,Optimal V,r,0.04000000000000001,4.000000000000001,223.45594922415486
3.0,t=3y,dK_3y,Optimal V,r,0.042499999999999996,4.25,226.35573968201336
3.0,t=3y,dK_3y,Optimal V,r,0.045,4.5,228.4057898991861
3.0,t=3y,dK_3y,Optimal V,r,0.0475,4.75,230.72207598961316
3.0,t=3y,dK_3y,Optimal V,r,0.05,5.0,233.01336475685403
3.0,t=3y,dK_3y,Optimal V,r,0.052500000000000005,5.250000000000001,234.61172270577703
3.0,t=3y,dK_3y,Optimal V,r,0.05500000000000001,5.500000000000001,235.79878642050744
3.0,t=3y,dK_3y,Optimal V,r,0.05750000000000001,5.750000000000001,237.65153453375117
3.0,t=3y,dK_3y,Optimal V,r,0.06,6.0,244.42631356351373
3.0,t=3y,dK_3y,Optimal V,r,0.0625,6.25,248.04507594834632
3.0,t=3y,dK_3y,Optimal V,r,0.065,6.5,245.60581696048396
3.0,t=3y,dK_3y,Optimal V,r,0.0675,6.75,244.63734593664532
3.0,t=3y,dK_3y,Optimal V,r,0.07,7.000000000000001,243.25292488132
3.0,t=3y,dK_3y,Optimal V,r,0.07250000000000001,7.250000000000001,239.34253483748944
3.0,t=3y,dK_3y,Optimal V,r,0.075,7.5,226.82039331998917
3.0,t=3y,dK_3y,Optimal V,r,0.0775,7.75,204.39798021916653
3.0,t=3y,dK_3y,Optimal V,r,0.08,8.0,178.73221249296
3.0,t=3y,dK_3y,Optimal V,K,-25.0,-25.0,104.05009407036563
3.0,t=3y,dK_3y,Optimal V,K,-22.5,-22.5,104.05009407036563
3.0,t=3y,dK_3y,Optimal V,K,-20.0,-20.0,104.05009407036563
3.0,t=3y,dK_3y,Optimal V,K,-17.5,-17.5,104.05009407036563
3.0,t=3y,dK_3y,Optimal V,K,-15.0,-15.0,104.05009407036563
3.0,t=3y,dK_3y,Optimal V,K,-12.5,-12.5,104.05009407036563
3.0,t=3y,dK_3y,Optimal V,K,-10.0,-10.0,104.05009407036434
3.0,t=3y,dK_3y,Optimal V,K,-7.5,-7.5,104.05009407010444
3.0,t=3y,dK_3y,Optimal V,K,-5.0,-5.0,104.05009406047711
3.0,t=3y,dK_3y,Optimal V,K,-2.5,-2.5,104.05009390246242
3.0,t=3y,dK_3y,Optimal V,K,0.0,0.0,104.05009287577484
3.0,t=3y,dK_3y,Optimal V,K,2.5,2.5,105.68200110439304
3.0,t=3y,dK_3y,Optimal V,K,5.0,5.0,129.44209639468318
3.0,t=3y,dK_3y,Optimal V,K,7.5,7.5,250.60021599094426
3.0,t=3y,dK_3y,Optimal V,K,10.0,10.0,243.3910489844074
3.0,t=3y,dK_3y,Optimal V,K,12.5,12.5,212.0594530506333
3.0,t=3y,dK_3y,Optimal V,K,15.0,15.0,208.9022590464316
3.0,t=3y,dK_3y,Optimal V,K,17.5,17.5,209.0883625494734
3.0,t=3y,dK_3y,Optimal V,K,20.0,20.0,209.09162349741456
3.0,t=3y,dK_3y,Optimal V,K,22.5,22.5,209.11304817793604
3.0,t=3y,dK_3y,Optimal V,K,25.0,25.0,209.1156183996022
3.0,t=3y,dK_3y,Optimal V,K,27.5,27.5,209.11579857364737
3.0,t=3y,dK_3y,Optimal V,K,30.0,30.0,209.11580662590626
3.0,t=3y,dK_3y,Optimal V,K,32.5,32.5,209.1158068494318
3.0,t=3y,dK_3y,Optimal V,K,35.0,35.0,209.11580685304344
3.0,t=3y,dK_3y,Optimal V,q,0.0,0.0,12.413369666149705
3.0,t=3y,dK_3y,Optimal V,q,5.0,5.0,21.94224489580111
3.0,t=3y,dK_3y,Optimal V,q,10.0,10.0,31.510684239733198
3.0,t=3y,dK_3y,Optimal V,q,15.0,15.0,41.22710068895603
3.0,t=3y,dK_3y,Optimal V,q,20.0,20.0,50.996074540832225
3.0,t=3y,dK_3y,Optimal V,q,25.0,25.0,60.84069905845119
3.0,t=3y,dK_3y,Optimal V,q,30.0,30.0,70.68839497970721
3.0,t=3y,dK_3y,Optimal V,q,35.0,35.0,80.55158534719654
3.0,t=3y,dK_3y,Optimal V,q,40.0,40.0,90.42104738508195
3.0,t=3y,dK_3y,Optimal V,q,45.0,45.0,100.22495334826118
3.0,t=3y,dK_3y,Optimal V,q,50.0,50.0,109.97373614377584
3.0,t=3y,dK_3y,Optimal V,q,55.0,55.0,119.69560077979442
3.0,t=3y,dK_3y,Optimal V,q,60.0,60.0,129.4168687248522
3.0,t=3y,dK_3y,Optimal V,q,65.0,65.0,139.14520357543324
3.0,t=3y,dK_3y,Optimal V,q,70.0,70.0,149.24377889236638
3.0,t=3y,dK_3y,Optimal V,q,75.0,75.0,158.9909822870334
3.0,t=3y,dK_3y,Optimal V,q,80.0,80.0,168.90043519393552
3.0,t=3y,dK_3y,Optimal V,q,85.0,85.0,179.09138427357567
3.0,t=3y,dK_3y,Optimal V,q,90.0,90.0,189.20053352216277
3.0,t=3y,dK_3y,Optimal V,q,95.0,95.0,199.14225146670117
3.0,t=3y,dK_3y,Optimal V,q,100.0,100.0,208.93278588974368
3.0,t=3y,dK_3y,Optimal V,q,105.0,105.0,218.25297621096345
3.0,t=3y,dK_3y,Optimal V,q,110.0,110.0,227.15505682194782
3.0,t=3y,dK_3y,Optimal V,q,115.0,115.0,237.54989428215833
3.0,t=3y,dK_3y,Optimal V,q,120.0,120.0,249.05621091196855
3.0,t=3y,dK_3y,Optimal V,q,125.0,125.0,260.328978098619
3.0,t=3y,dK_3y,Optimal V,q,130.0,130.0,272.45986706495455
3.0,t=3y,dK_3y,Optimal V,q,135.0,135.0,283.5375682349945
3.0,t=3y,dK_3y,Optimal V,q,140.0,140.0,298.84555386178965
3.0,t=3y,MtM,State-invariant,r,-0.03,-3.0,474.158194228653
3.0,t=3y,MtM,State-invariant,r,-0.0275,-2.75,469.51046918295305
3.0,t=3y,MtM,State-invariant,r,-0.024999999999999998,-2.5,464.90863572881335
3.0,t=3y,MtM,State-invariant,r,-0.0225,-2.25,460.35223936424217
3.0,t=3y,MtM,State-invariant,r,-0.019999999999999997,-1.9999999999999998,455.84083009546515
3.0,t=3y,MtM,State-invariant,r,-0.017499999999999998,-1.7499999999999998,451.3739623921696
3.0,t=3y,MtM,State-invariant,r,-0.015,-1.5,446.95119514319134
3.0,t=3y,MtM,State-invariant,r,-0.012499999999999997,-1.2499999999999998,442.57209161264325
3.0,t=3y,MtM,State-invariant,r,-0.009999999999999998,-0.9999999999999999,438.23621939647853
3.0,t=3y,MtM,State-invariant,r,-0.0075,-0.75,433.94315037948604
3.0,t=3y,MtM,State-invariant,r,-0.0049999999999999975,-0.4999999999999998,429.69246069271253
3.0,t=3y,MtM,State-invariant,r,-0.0024999999999999988,-0.2499999999999999,425.48373067130836
3.0,t=3y,MtM,State-invariant,r,0.0,0.0,421.3165448127908
3.0,t=3y,MtM,State-invariant,r,0.0025000000000000022,0.2500000000000002,417.1904917357232
3.0,t=3y,MtM,State-invariant,r,0.0050000000000000044,0.5000000000000004,413.10516413880356
3.0,t=3y,MtM,State-invariant,r,0.0075,0.75,409.0601587603604
3.0,t=3y,MtM,State-invariant,r,0.010000000000000002,1.0000000000000002,405.05507633825016
3.0,t=3y,MtM,State-invariant,r,0.012500000000000004,1.2500000000000004,401.0895215701533
3.0,t=3y,MtM,State-invariant,r,0.015,1.5,397.1631030742646
3.0,t=3y,MtM,State-invariant,r,0.0175,1.7500000000000002,393.2754333503747
3.0,t=3y,MtM,State-invariant,r,0.020000000000000004,2.0000000000000004,389.42612874133687
3.0,t=3y,MtM,State-invariant,r,0.0225,2.25,385.61480939491736
3.0,t=3y,MtM,State-invariant,r,0.025,2.5,381.8410992260248
3.0,t=3y,MtM,State-invariant,r,0.027500000000000004,2.7500000000000004,378.1046258793145
3.0,t=3y,MtM,State-invariant,r,0.03,3.0,374.4050206921638
3.0,t=3y,MtM,State-invariant,r,0.0325,3.25,370.7419186580161
3.0,t=3y,MtM,State-invariant,r,0.035,3.5000000000000004,367.11495839008825
3.0,t=3y,MtM,State-invariant,r,0.037500000000000006,3.7500000000000004,363.52378208543826
3.0,t=3y,MtM,State-invariant,r,0.04000000000000001,4.000000000000001,359.968035489391
3.0,t=3y,MtM,State-invariant,r,0.042499999999999996,4.25,356.447367860316
3.0,t=3y,MtM,State-invariant,r,0.045,4.5,352.9614319347556
3.0,t=3y,MtM,State-invariant,r,0.0475,4.75,349.50988389289984
3.0,t=3y,MtM,State-invariant,r,0.05,5.0,346.09238332440356
3.0,t=3y,MtM,State-invariant,r,0.052500000000000005,5.250000000000001,342.7085931945436
3.0,t=3y,MtM,State-invariant,r,0.05500000000000001,5.500000000000001,339.3581798107116
3.0,t=3y,MtM,State-invariant,r,0.05750000000000001,5.750000000000001,336.04081278924
3.0,t=3y,MtM,State-invariant,r,0.06,6.0,332.756165022558
3.0,t=3y,MtM,State-invariant,r,0.0625,6.25,329.503912646672
3.0,t=3y,MtM,State-invariant,r,0.065,6.5,326.2837350089713
3.0,t=3y,MtM,State-invariant,r,0.0675,6.75,323.0953146363518
3.0,t=3y,MtM,State-invariant,r,0.07,7.000000000000001,319.9383372036572
3.0,t=3y,MtM,State-invariant,r,0.07250000000000001,7.250000000000001,316.8124915024333
3.0,t=3y,MtM,State-invariant,r,0.075,7.5,313.7174694099927
3.0,t=3y,MtM,State-invariant,r,0.0775,7.75,310.65296585878696
3.0,t=3y,MtM,State-invariant,r,0.08,8.0,307.6186788060824
3.0,t=3y,MtM,State-invariant,K,-25.0,-25.0,367.39942410881
3.0,t=3y,MtM,State-invariant,K,-22.5,-22.5,367.39942410881
3.0,t=3y,MtM,State-invariant,K,-20.0,-20.0,367.39942410881
3.0,t=3y,MtM,State-invariant,K,-17.5,-17.5,367.39942410881
3.0,t=3y,MtM,State-invariant,K,-15.0,-15.0,367.39942410881
3.0,t=3y,MtM,State-invariant,K,-12.5,-12.5,367.39942410881
3.0,t=3y,MtM,State-invariant,K,-10.0,-10.0,367.39942410881
3.0,t=3y,MtM,State-invariant,K,-7.5,-7.5,367.39942410881
3.0,t=3y,MtM,State-invariant,K,-5.0,-5.0,367.39942410881
3.0,t=3y,MtM,State-invariant,K,-2.5,-2.5,367.39942410881
3.0,t=3y,MtM,State-invariant,K,0.0,0.0,367.39942410881
3.0,t=3y,MtM,State-invariant,K,2.5,2.5,367.39942410881
3.0,t=3y,MtM,State-invariant,K,5.0,5.0,367.39942410881
3.0,t=3y,MtM,State-invariant,K,7.5,7.5,367.39942410881
3.0,t=3y,MtM,State-invariant,K,10.0,10.0,367.39942410881
3.0,t=3y,MtM,State-invariant,K,12.5,12.5,367.39942410881
3.0,t=3y,MtM,State-invariant,K,15.0,15.0,367.39942410881
3.0,t=3y,MtM,State-invariant,K,17.5,17.5,367.39942410881
3.0,t=3y,MtM,State-invariant,K,20.0,20.0,367.39942410881
3.0,t=3y,MtM,State-invariant,K,22.5,22.5,367.39942410881
3.0,t=3y,MtM,State-invariant,K,25.0,25.0,367.39942410881
3.0,t=3y,MtM,State-invariant,K,27.5,27.5,367.39942410881
3.0,t=3y,MtM,State-invariant,K,30.0,30.0,367.39942410881
3.0,t=3y,MtM,State-invariant,K,32.5,32.5,367.39942410881
3.0,t=3y,MtM,State-invariant,K,35.0,35.0,367.39942410881
3.0,t=3y,MtM,State-invariant,q,0.0,0.0,0.0
3.0,t=3y,MtM,State-invariant,q,5.0,5.0,18.3699712054405
3.0,t=3y,MtM,State-invariant,q,10.0,10.0,36.739942410881
3.0,t=3y,MtM,State-invariant,q,15.0,15.0,55.1099136163215
3.0,t=3y,MtM,State-invariant,q,20.0,20.0,73.479884821762
3.0,t=3y,MtM,State-invariant,q,25.0,25.0,91.8498560272025
3.0,t=3y,MtM,State-invariant,q,30.0,30.0,110.219827232643
3.0,t=3y,MtM,State-invariant,q,35.0,35.0,128.5897984380835
3.0,t=3y,MtM,State-invariant,q,40.0,40.0,146.959769643524
3.0,t=3y,MtM,State-invariant,q,45.0,45.0,165.32974084896452
3.0,t=3y,MtM,State-invariant,q,50.0,50.0,183.699712054405
3.0,t=3y,MtM,State-invariant,q,55.0,55.0,202.0696832598455
3.0,t=3y,MtM,State-invariant,q,60.0,60.0,220.439654465286
3.0,t=3y,MtM,State-invariant,q,65.0,65.0,238.80962567072652
3.0,t=3y,MtM,State-invariant,q,70.0,70.0,257.179596876167
3.0,t=3y,MtM,State-invariant,q,75.0,75.0,275.5495680816075
3.0,t=3y,MtM,State-invariant,q,80.0,80.0,293.919539287048
3.0,t=3y,MtM,State-invariant,q,85.0,85.0,312.2895104924885
3.0,t=3y,MtM,State-invariant,q,90.0,90.0,330.65948169792904
3.0,t=3y,MtM,State-invariant,q,95.0,95.0,349.02945290336953
3.0,t=3y,MtM,State-invariant,q,100.0,100.0,367.39942410881
3.0,t=3y,MtM,State-invariant,q,105.0,105.0,385.7693953142505
3.0,t=3y,MtM,State-invariant,q,110.0,110.0,404.139366519691
3.0,t=3y,MtM,State-invariant,q,115.0,115.0,422.5093377251315
3.0,t=3y,MtM,State-invariant,q,120.0,120.0,440.879308930572
3.0,t=3y,MtM,State-invariant,q,125.0,125.0,459.24928013601254
3.0,t=3y,MtM,State-invariant,q,130.0,130.0,477.61925134145304
3.0,t=3y,MtM,State-invariant,q,135.0,135.0,495.98922254689353
3.0,t=3y,MtM,State-invariant,q,140.0,140.0,514.359193752334
3.0,t=3y,V,Optimal surface,r,-0.03,-3.0,94.3108476852014
3.0,t=3y,V,Optimal surface,r,-0.0275,-2.75,106.70629099506212
3.0,t=3y,V,Optimal surface,r,-0.024999999999999998,-2.5,117.50579343930691
3.0,t=3y,V,Optimal surface,r,-0.0225,-2.25,123.66046549465327
3.0,t=3y,V,Optimal surface,r,-0.019999999999999997,-1.9999999999999998,126.50686950957206
3.0,t=3y,V,Optimal surface,r,-0.017499999999999998,-1.7499999999999998,129.35467675240685
3.0,t=3y,V,Optimal surface,r,-0.015,-1.5,132.46920043678753
3.0,t=3y,V,Optimal surface,r,-0.012499999999999997,-1.2499999999999998,135.61326088998524
3.0,t=3y,V,Optimal surface,r,-0.009999999999999998,-0.9999999999999999,138.77672039526797
3.0,t=3y,V,Optimal surface,r,-0.0075,-0.75,142.3529952960909
3.0,t=3y,V,Optimal surface,r,-0.0049999999999999975,-0.4999999999999998,147.23627000686
3.0,t=3y,V,Optimal surface,r,-0.0024999999999999988,-0.2499999999999999,152.7158850932697
3.0,t=3y,V,Optimal surface,r,0.0,0.0,157.98048192734527
3.0,t=3y,V,Optimal surface,r,0.0025000000000000022,0.2500000000000002,169.07050882643924
3.0,t=3y,V,Optimal surface,r,0.0050000000000000044,0.5000000000000004,179.33171877040098
3.0,t=3y,V,Optimal surface,r,0.0075,0.75,183.3208358952027
3.0,t=3y,V,Optimal surface,r,0.010000000000000002,1.0000000000000002,187.1178183877633
3.0,t=3y,V,Optimal surface,r,0.012500000000000004,1.2500000000000004,190.17958864634073
3.0,t=3y,V,Optimal surface,r,0.015,1.5,193.63523100941285
3.0,t=3y,V,Optimal surface,r,0.0175,1.7500000000000002,202.06497443379936
3.0,t=3y,V,Optimal surface,r,0.020000000000000004,2.0000000000000004,212.3594826195055
3.0,t=3y,V,Optimal surface,r,0.0225,2.25,216.88023774715143
3.0,t=3y,V,Optimal surface,r,0.025,2.5,218.1460456432266
3.0,t=3y,V,Optimal surface,r,0.027500000000000004,2.7500000000000004,220.51943165451544
3.0,t=3y,V,Optimal surface,r,0.03,3.0,223.76764767364827
3.0,t=3y,V,Optimal surface,r,0.0325,3.25,225.9289765991723
3.0,t=3y,V,Optimal surface,r,0.035,3.5000000000000004,230.04428221112605
3.0,t=3y,V,Optimal surface,r,0.037500000000000006,3.7500000000000004,238.3936283230647
3.0,t=3y,V,Optimal surface,r,0.04000000000000001,4.000000000000001,244.95524621344404
3.0,t=3y,V,Optimal surface,r,0.042499999999999996,4.25,247.21029171589998
3.0,t=3y,V,Optimal surface,r,0.045,4.5,248.30447047450372
3.0,t=3y,V,Optimal surface,r,0.0475,4.75,249.79292334013553
3.0,t=3y,V,Optimal surface,r,0.05,5.0,251.14362550824788
3.0,t=3y,V,Optimal surface,r,0.052500000000000005,5.250000000000001,251.53540100098706
3.0,t=3y,V,Optimal surface,r,0.05500000000000001,5.500000000000001,251.3978360971842
3.0,t=3y,V,Optimal surface,r,0.05750000000000001,5.750000000000001,251.50702143150843
3.0,t=3y,V,Optimal surface,r,0.06,6.0,253.85786399279735
3.0,t=3y,V,Optimal surface,r,0.0625,6.25,256.1885518087144
3.0,t=3y,V,Optimal surface,r,0.065,6.5,255.20412021026908
3.0,t=3y,V,Optimal surface,r,0.0675,6.75,252.13338856811097
3.0,t=3y,V,Optimal surface,r,0.07,7.000000000000001,248.48492949120845
3.0,t=3y,V,Optimal surface,r,0.07250000000000001,7.250000000000001,243.7041456967761
3.0,t=3y,V,Optimal surface,r,0.075,7.5,230.28885537839088
3.0,t=3y,V,Optimal surface,r,0.0775,7.75,205.88598837991694
3.0,t=3y,V,Optimal surface,r,0.08,8.0,177.9167097115531
3.0,t=3y,V,Optimal surface,K,-25.0,-25.0,102.29812467649782
3.0,t=3y,V,Optimal surface,K,-22.5,-22.5,102.29812467649782
3.0,t=3y,V,Optimal surface,K,-20.0,-20.0,102.29812467649782
3.0,t=3y,V,Optimal surface,K,-17.5,-17.5,102.29812467649782
3.0,t=3y,V,Optimal surface,K,-15.0,-15.0,102.29812467649782
3.0,t=3y,V,Optimal surface,K,-12.5,-12.5,102.29812467651435
3.0,t=3y,V,Optimal surface,K,-10.0,-10.0,102.2981246774011
3.0,t=3y,V,Optimal surface,K,-7.5,-7.5,102.29812470135325
3.0,t=3y,V,Optimal surface,K,-5.0,-5.0,102.29812511705896
3.0,t=3y,V,Optimal surface,K,-2.5,-2.5,102.29813029812664
3.0,t=3y,V,Optimal surface,K,0.0,0.0,102.29818042549692
3.0,t=3y,V,Optimal surface,K,2.5,2.5,103.64534540579834
3.0,t=3y,V,Optimal surface,K,5.0,5.0,130.23649085868604
3.0,t=3y,V,Optimal surface,K,7.5,7.5,253.5107485443151
3.0,t=3y,V,Optimal surface,K,10.0,10.0,259.49726574381185
3.0,t=3y,V,Optimal surface,K,12.5,12.5,234.26398949157695
3.0,t=3y,V,Optimal surface,K,15.0,15.0,229.59278871057597
3.0,t=3y,V,Optimal surface,K,17.5,17.5,230.3685398767955
3.0,t=3y,V,Optimal surface,K,20.0,20.0,230.5655671343861
3.0,t=3y,V,Optimal surface,K,22.5,22.5,230.6017565141846
3.0,t=3y,V,Optimal surface,K,25.0,25.0,230.60683791410375
3.0,t=3y,V,Optimal surface,K,27.5,27.5,230.6073600047685
3.0,t=3y,V,Optimal surface,K,30.0,30.0,230.60739852395363
3.0,t=3y,V,Optimal surface,K,32.5,32.5,230.60740052312565
3.0,t=3y,V,Optimal surface,K,35.0,35.0,230.6074005931648
3.0,t=3y,V,Optimal surface,q,0.0,0.0,24.54646279458666
3.0,t=3y,V,Optimal surface,q,5.0,5.0,34.30391076268311
3.0,t=3y,V,Optimal surface,q,10.0,10.0,44.18995352711075
3.0,t=3y,V,Optimal surface,q,15.0,15.0,54.2397155746009
3.0,t=3y,V,Optimal surface,q,20.0,20.0,64.42116860063953
3.0,t=3y,V,Optimal surface,q,25.0,25.0,74.72417367430074
3.0,t=3y,V,Optimal surface,q,30.0,30.0,85.13113168028694
3.0,t=3y,V,Optimal surface,q,35.0,35.0,95.61972039124622
3.0,t=3y,V,Optimal surface,q,40.0,40.0,106.1554045299898
3.0,t=3y,V,Optimal surface,q,45.0,45.0,116.7282275572802
3.0,t=3y,V,Optimal surface,q,50.0,50.0,127.32506238165337
3.0,t=3y,V,Optimal surface,q,55.0,55.0,137.92991342438899
3.0,t=3y,V,Optimal surface,q,60.0,60.0,148.52626458614512
3.0,t=3y,V,Optimal surface,q,65.0,65.0,159.09910703813486
3.0,t=3y,V,Optimal surface,q,70.0,70.0,169.63553755152293
3.0,t=3y,V,Optimal surface,q,75.0,75.0,180.11314725308796
3.0,t=3y,V,Optimal surface,q,80.0,80.0,190.45773913800946
3.0,t=3y,V,Optimal surface,q,85.0,85.0,200.63589856417047
3.0,t=3y,V,Optimal surface,q,90.0,90.0,210.5863042419831
3.0,t=3y,V,Optimal surface,q,95.0,95.0,220.2947419187211
3.0,t=3y,V,Optimal surface,q,100.0,100.0,229.7200363653127
3.0,t=3y,V,Optimal surface,q,105.0,105.0,239.1047829217762
3.0,t=3y,V,Optimal surface,q,110.0,110.0,249.54371966738816
3.0,t=3y,V,Optimal surface,q,115.0,115.0,260.75961531367454
3.0,t=3y,V,Optimal surface,q,120.0,120.0,272.6196673284347
3.0,t=3y,V,Optimal surface,q,125.0,125.0,284.68574085973125
3.0,t=3y,V,Optimal surface,q,130.0,130.0,297.82619151173515
3.0,t=3y,V,Optimal surface,q,135.0,135.0,311.99299810596574
3.0,t=3y,V,Optimal surface,q,140.0,140.0,329.3161038336075
